# Blender 4.3.2
# www.blender.org
mtllib map.mtl
o Plane
v -12.500000 0.000000 12.500000
v 12.500000 0.000000 12.500000
v -12.500000 0.000000 -12.500000
v 12.500000 0.000000 -12.500000
v -12.500000 0.000000 -12.009804
v -12.500000 0.000000 -11.519608
v -12.500000 0.000000 -11.029412
v -12.500000 0.000000 -10.539216
v -12.500000 0.000000 -10.049020
v -12.500000 0.000000 -9.558824
v -12.500000 0.000000 -9.068627
v -12.500000 0.000000 -8.578432
v -12.500000 0.000000 -8.088236
v -12.500000 0.000000 -7.598040
v -12.500000 0.000000 -7.107843
v -12.500000 0.000000 -6.617647
v -12.500000 0.000000 -6.127451
v -12.500000 0.000000 -5.637255
v -12.500000 0.000000 -5.147059
v -12.500000 0.000000 -4.656863
v -12.500000 0.000000 -4.166667
v -12.500000 0.000000 -3.676471
v -12.500000 0.000000 -3.186275
v -12.500000 0.000000 -2.696079
v -12.500000 0.000000 -2.205883
v -12.500000 0.000000 -1.715687
v -12.500000 0.000000 -1.225491
v -12.500000 0.000000 -0.735295
v -12.500000 0.000000 -0.245099
v -12.500000 0.000000 0.245098
v -12.500000 0.000000 0.735294
v -12.500000 0.000000 1.225490
v -12.500000 0.000000 1.715686
v -12.500000 0.000000 2.205882
v -12.500000 0.000000 2.696078
v -12.500000 0.000000 3.186274
v -12.500000 0.000000 3.676470
v -12.500000 0.000000 4.166666
v -12.500000 0.000000 4.656862
v -12.500000 0.000000 5.147058
v -12.500000 0.000000 5.637254
v -12.500000 0.000000 6.127450
v -12.500000 0.000000 6.617647
v -12.500000 0.000000 7.107843
v -12.500000 0.000000 7.598039
v -12.500000 0.000000 8.088235
v -12.500000 0.000000 8.578431
v -12.500000 0.000000 9.068627
v -12.500000 0.000000 9.558823
v -12.500000 0.000000 10.049019
v -12.500000 0.000000 10.539215
v -12.500000 0.000000 11.029411
v -12.500000 0.000000 11.519608
v -12.500000 0.000000 12.009804
v -12.009804 0.000000 12.500000
v -11.519608 0.000000 12.500000
v -11.029412 0.000000 12.500000
v -10.539216 0.000000 12.500000
v -10.049020 0.000000 12.500000
v -9.558824 0.000000 12.500000
v -9.068627 0.000000 12.500000
v -8.578432 0.000000 12.500000
v -8.088236 0.000000 12.500000
v -7.598040 0.000000 12.500000
v -7.107843 0.000000 12.500000
v -6.617647 0.000000 12.500000
v -6.127451 0.000000 12.500000
v -5.637255 0.000000 12.500000
v -5.147059 0.000000 12.500000
v -4.656863 0.000000 12.500000
v -4.166667 0.000000 12.500000
v -3.676471 0.000000 12.500000
v -3.186275 0.000000 12.500000
v -2.696079 0.000000 12.500000
v -2.205883 0.000000 12.500000
v -1.715687 0.000000 12.500000
v -1.225491 0.000000 12.500000
v -0.735295 0.000000 12.500000
v -0.245099 0.000000 12.500000
v 0.245098 0.000000 12.500000
v 0.735294 0.000000 12.500000
v 1.225490 0.000000 12.500000
v 1.715686 0.000000 12.500000
v 2.205882 0.000000 12.500000
v 2.696078 0.000000 12.500000
v 3.186274 0.000000 12.500000
v 3.676470 0.000000 12.500000
v 4.166666 0.000000 12.500000
v 4.656862 0.000000 12.500000
v 5.147058 0.000000 12.500000
v 5.637254 0.000000 12.500000
v 6.127450 0.000000 12.500000
v 6.617647 0.000000 12.500000
v 7.107843 0.000000 12.500000
v 7.598039 0.000000 12.500000
v 8.088235 0.000000 12.500000
v 8.578431 0.000000 12.500000
v 9.068627 0.000000 12.500000
v 9.558823 0.000000 12.500000
v 10.049019 0.000000 12.500000
v 10.539215 0.000000 12.500000
v 11.029411 0.000000 12.500000
v 11.519608 0.000000 12.500000
v 12.009804 0.000000 12.500000
v 12.500000 0.000000 12.009804
v 12.500000 0.000000 11.519608
v 12.500000 0.000000 11.029412
v 12.500000 0.000000 10.539216
v 12.500000 0.000000 10.049020
v 12.500000 0.000000 9.558824
v 12.500000 0.000000 9.068627
v 12.500000 0.000000 8.578432
v 12.500000 0.000000 8.088236
v 12.500000 0.000000 7.598040
v 12.500000 0.000000 7.107843
v 12.500000 0.000000 6.617647
v 12.500000 0.000000 6.127451
v 12.500000 0.000000 5.637255
v 12.500000 0.000000 5.147059
v 12.500000 0.000000 4.656863
v 12.500000 0.000000 4.166667
v 12.500000 0.000000 3.676471
v 12.500000 0.000000 3.186275
v 12.500000 0.000000 2.696079
v 12.500000 0.000000 2.205883
v 12.500000 0.000000 1.715687
v 12.500000 0.000000 1.225491
v 12.500000 0.000000 0.735295
v 12.500000 0.000000 0.245099
v 12.500000 0.000000 -0.245098
v 12.500000 0.000000 -0.735294
v 12.500000 0.000000 -1.225490
v 12.500000 0.000000 -1.715686
v 12.500000 0.000000 -2.205882
v 12.500000 0.000000 -2.696078
v 12.500000 0.000000 -3.186274
v 12.500000 0.000000 -3.676470
v 12.500000 0.000000 -4.166666
v 12.500000 0.000000 -4.656862
v 12.500000 0.000000 -5.147058
v 12.500000 0.000000 -5.637254
v 12.500000 0.000000 -6.127450
v 12.500000 0.000000 -6.617647
v 12.500000 0.000000 -7.107843
v 12.500000 0.000000 -7.598039
v 12.500000 0.000000 -8.088235
v 12.500000 0.000000 -8.578431
v 12.500000 0.000000 -9.068627
v 12.500000 0.000000 -9.558823
v 12.500000 0.000000 -10.049019
v 12.500000 0.000000 -10.539215
v 12.500000 0.000000 -11.029411
v 12.500000 0.000000 -11.519608
v 12.500000 0.000000 -12.009804
v 12.009804 0.000000 -12.500000
v 11.519608 0.000000 -12.500000
v 11.029412 0.000000 -12.500000
v 10.539216 0.000000 -12.500000
v 10.049020 0.000000 -12.500000
v 9.558824 0.000000 -12.500000
v 9.068627 0.000000 -12.500000
v 8.578432 0.000000 -12.500000
v 8.088236 0.000000 -12.500000
v 7.598040 0.000000 -12.500000
v 7.107843 0.000000 -12.500000
v 6.617647 0.000000 -12.500000
v 6.127451 0.000000 -12.500000
v 5.637255 0.000000 -12.500000
v 5.147059 0.000000 -12.500000
v 4.656863 0.000000 -12.500000
v 4.166667 0.000000 -12.500000
v 3.676471 0.000000 -12.500000
v 3.186275 0.000000 -12.500000
v 2.696079 0.000000 -12.500000
v 2.205883 0.000000 -12.500000
v 1.715687 0.000000 -12.500000
v 1.225491 0.000000 -12.500000
v 0.735295 0.000000 -12.500000
v 0.245099 0.000000 -12.500000
v -0.245098 0.000000 -12.500000
v -0.735294 0.000000 -12.500000
v -1.225490 0.000000 -12.500000
v -1.715686 0.000000 -12.500000
v -2.205882 0.000000 -12.500000
v -2.696078 0.000000 -12.500000
v -3.186274 0.000000 -12.500000
v -3.676470 0.000000 -12.500000
v -4.166666 0.000000 -12.500000
v -4.656862 0.000000 -12.500000
v -5.147058 0.000000 -12.500000
v -5.637254 0.000000 -12.500000
v -6.127450 0.000000 -12.500000
v -6.617647 0.000000 -12.500000
v -7.107843 0.000000 -12.500000
v -7.598039 0.000000 -12.500000
v -8.088235 0.000000 -12.500000
v -8.578431 0.000000 -12.500000
v -9.068627 0.000000 -12.500000
v -9.558823 0.000000 -12.500000
v -10.049019 0.000000 -12.500000
v -10.539215 0.000000 -12.500000
v -11.029411 0.000000 -12.500000
v -11.519608 0.000000 -12.500000
v -12.009804 0.000000 -12.500000
v -12.009804 0.000000 12.009804
v -12.009804 0.000000 11.519608
v -12.009804 0.000000 11.029412
v -12.009804 0.000000 10.539216
v -12.009804 0.000000 10.049020
v -12.009804 0.000000 9.558824
v -12.009804 0.000000 9.068627
v -12.009804 0.000000 8.578432
v -12.009804 0.000000 8.088236
v -12.009804 0.000000 7.598040
v -12.009804 0.000000 7.107843
v -12.009804 0.000000 6.617647
v -12.009804 0.000000 6.127451
v -12.009804 0.000000 5.637255
v -12.009804 0.000000 5.147059
v -12.009804 0.000000 4.656863
v -12.009804 0.000000 4.166667
v -12.009804 0.000000 3.676471
v -12.009804 0.000000 3.186275
v -12.009804 0.000000 2.696079
v -12.009804 0.000000 2.205883
v -12.009804 0.000000 1.715687
v -12.009804 0.000000 1.225491
v -12.009804 0.000000 0.735295
v -12.009804 0.000000 0.245099
v -12.009804 0.000000 -0.245098
v -12.009804 0.000000 -0.735294
v -12.009804 0.000000 -1.225490
v -12.009804 0.000000 -1.715686
v -12.009804 0.000000 -2.205882
v -12.009804 0.000000 -2.696078
v -12.009804 0.000000 -3.186274
v -12.009804 0.000000 -3.676470
v -12.009804 0.000000 -4.166666
v -12.009804 0.000000 -4.656862
v -12.009804 0.000000 -5.147058
v -12.009804 0.000000 -5.637254
v -12.009804 0.000000 -6.127450
v -12.009804 0.000000 -6.617647
v -12.009804 0.000000 -7.107843
v -12.009804 0.000000 -7.598039
v -12.009804 0.000000 -8.088235
v -12.009804 0.000000 -8.578431
v -12.009804 0.000000 -9.068627
v -12.009804 0.000000 -9.558823
v -12.009804 0.000000 -10.049019
v -12.009804 0.000000 -10.539215
v -12.009804 0.000000 -11.029411
v -12.009804 0.000000 -11.519608
v -12.009804 0.000000 -12.009804
v -11.519608 0.000000 12.009804
v -11.519608 0.000000 11.519608
v -11.519608 0.000000 11.029412
v -11.519608 0.000000 10.539216
v -11.519608 0.000000 10.049020
v -11.519608 0.000000 9.558824
v -11.519608 0.000000 9.068627
v -11.519608 0.000000 8.578432
v -11.519608 0.000000 8.088236
v -11.519608 0.000000 7.598040
v -11.519608 0.000000 7.107843
v -11.519608 0.000000 6.617647
v -11.519608 0.000000 6.127451
v -11.519608 0.000000 5.637255
v -11.519608 0.000000 5.147059
v -11.519608 0.000000 4.656863
v -11.519608 0.000000 4.166667
v -11.519608 0.000000 3.676471
v -11.519608 0.000000 3.186275
v -11.519608 0.000000 2.696079
v -11.519608 0.000000 2.205883
v -11.519608 0.000000 1.715687
v -11.519608 0.000000 1.225491
v -11.519608 0.000000 0.735295
v -11.519608 0.000000 0.245099
v -11.519608 0.000000 -0.245098
v -11.519608 0.000000 -0.735294
v -11.519608 0.000000 -1.225490
v -11.519608 0.000000 -1.715686
v -11.519608 0.000000 -2.205882
v -11.519608 0.000000 -2.696078
v -11.519608 0.000000 -3.186274
v -11.519608 0.000000 -3.676470
v -11.519608 0.000000 -4.166666
v -11.519608 0.000000 -4.656862
v -11.519608 0.000000 -5.147058
v -11.519608 0.000000 -5.637254
v -11.519608 0.000000 -6.127450
v -11.519608 0.000000 -6.617647
v -11.519608 0.000000 -7.107843
v -11.519608 0.000000 -7.598039
v -11.519608 0.000000 -8.088235
v -11.519608 0.000000 -8.578431
v -11.519608 0.000000 -9.068627
v -11.519608 0.000000 -9.558823
v -11.519608 0.000000 -10.049019
v -11.519608 0.000000 -10.539215
v -11.519608 0.000000 -11.029411
v -11.519608 0.000000 -11.519608
v -11.519608 0.000000 -12.009804
v -11.029412 0.000000 12.009804
v -11.029412 0.000000 11.519608
v -11.029412 0.000000 11.029412
v -11.029412 0.000000 10.539216
v -11.029412 0.000000 10.049020
v -11.029412 0.000000 9.558824
v -11.029412 0.000000 9.068627
v -11.029412 0.000000 8.578432
v -11.029412 0.000000 8.088236
v -11.029412 0.000000 7.598040
v -11.029412 0.000000 7.107843
v -11.029412 0.000000 6.617647
v -11.029412 0.000000 6.127451
v -11.029412 0.000000 5.637255
v -11.029412 0.000000 5.147059
v -11.029412 0.000000 4.656863
v -11.029412 0.000000 4.166667
v -11.029412 0.000000 3.676471
v -11.029412 0.000000 3.186275
v -11.029412 0.000000 2.696079
v -11.029412 0.000000 2.205883
v -11.029412 0.000000 1.715687
v -11.029412 0.000000 1.225491
v -11.029412 0.000000 0.735295
v -11.029412 0.000000 0.245099
v -11.029412 0.000000 -0.245098
v -11.029412 0.000000 -0.735294
v -11.029412 0.000000 -1.225490
v -11.029412 0.000000 -1.715686
v -11.029412 0.000000 -2.205882
v -11.029412 0.000000 -2.696078
v -11.029412 0.000000 -3.186274
v -11.029412 0.000000 -3.676470
v -11.029412 0.000000 -4.166666
v -11.029412 0.000000 -4.656862
v -11.029412 0.000000 -5.147058
v -11.029412 0.000000 -5.637254
v -11.029412 0.000000 -6.127450
v -11.029412 0.000000 -6.617647
v -11.029412 0.000000 -7.107843
v -11.029412 0.000000 -7.598039
v -11.029412 0.000000 -8.088235
v -11.029412 0.000000 -8.578431
v -11.029412 0.000000 -9.068627
v -11.029412 0.000000 -9.558823
v -11.029412 0.000000 -10.049019
v -11.029412 0.000000 -10.539215
v -11.029412 0.000000 -11.029411
v -11.029412 0.000000 -11.519608
v -11.029412 0.000000 -12.009804
v -10.539216 0.000000 12.009804
v -10.539216 0.000000 11.519608
v -10.539216 0.000000 11.029412
v -10.539216 0.000000 10.539216
v -10.539216 0.000000 10.049020
v -10.539216 0.000000 9.558824
v -10.539216 0.000000 9.068627
v -10.539216 0.000000 8.578432
v -10.539216 0.000000 8.088236
v -10.539216 0.000000 7.598040
v -10.539216 0.000000 7.107843
v -10.539216 0.000000 6.617647
v -10.539216 0.000000 6.127451
v -10.539216 0.000000 5.637255
v -10.539216 0.000000 5.147059
v -10.539216 0.000000 4.656863
v -10.539216 0.000000 4.166667
v -10.539216 0.000000 3.676471
v -10.539216 0.000000 3.186275
v -10.539216 0.000000 2.696079
v -10.539216 0.000000 2.205883
v -10.539216 0.000000 1.715687
v -10.539216 0.000000 1.225491
v -10.539216 0.000000 0.735295
v -10.539216 0.000000 0.245099
v -10.539216 0.000000 -0.245098
v -10.539216 0.000000 -0.735294
v -10.539216 0.000000 -1.225490
v -10.539216 0.000000 -1.715686
v -10.539216 0.000000 -2.205882
v -10.539216 0.000000 -2.696078
v -10.539216 0.000000 -3.186274
v -10.539216 0.000000 -3.676470
v -10.539216 0.000000 -4.166666
v -10.539216 0.000000 -4.656862
v -10.539216 0.000000 -5.147058
v -10.539216 0.000000 -5.637254
v -10.539216 0.000000 -6.127450
v -10.539216 0.000000 -6.617647
v -10.539216 0.000000 -7.107843
v -10.539216 0.000000 -7.598039
v -10.539216 0.000000 -8.088235
v -10.539216 0.000000 -8.578431
v -10.539216 0.000000 -9.068627
v -10.539216 0.000000 -9.558823
v -10.539216 0.000000 -10.049019
v -10.539216 0.000000 -10.539215
v -10.539216 0.000000 -11.029411
v -10.539216 0.000000 -11.519608
v -10.539216 0.000000 -12.009804
v -10.049020 0.000000 12.009804
v -10.049020 0.000000 11.519608
v -10.049020 0.000000 11.029412
v -10.049020 0.000000 10.539216
v -10.049020 0.000000 10.049020
v -10.049020 0.000000 9.558824
v -10.049020 0.000000 9.068627
v -10.049020 0.000000 8.578432
v -10.049020 0.000000 8.088236
v -10.049020 0.000000 7.598040
v -10.049020 0.000000 7.107843
v -10.049020 0.000000 6.617647
v -10.049020 0.000000 6.127451
v -10.049020 0.000000 5.637255
v -10.049020 0.000000 5.147059
v -10.049020 0.000000 4.656863
v -10.049020 0.000000 4.166667
v -10.049020 0.000000 3.676471
v -10.049020 0.000000 3.186275
v -10.049020 0.000000 2.696079
v -10.049020 0.000000 2.205883
v -10.049020 0.000000 1.715687
v -10.049020 0.000000 1.225491
v -10.049020 0.000000 0.735295
v -10.049020 0.000000 0.245099
v -10.049020 0.000000 -0.245098
v -10.049020 0.000000 -0.735294
v -10.049020 0.000000 -1.225490
v -10.049020 0.000000 -1.715686
v -10.049020 0.000000 -2.205882
v -10.049020 0.000000 -2.696078
v -10.049020 0.000000 -3.186274
v -10.049020 0.000000 -3.676470
v -10.049020 0.000000 -4.166666
v -10.049020 0.000000 -4.656862
v -10.049020 0.000000 -5.147058
v -10.049020 0.000000 -5.637254
v -10.049020 0.000000 -6.127450
v -10.049020 0.000000 -6.617647
v -10.049020 0.000000 -7.107843
v -10.049020 0.000000 -7.598039
v -10.049020 0.000000 -8.088235
v -10.049020 0.000000 -8.578431
v -10.049020 0.000000 -9.068627
v -10.049020 0.000000 -9.558823
v -10.049020 0.000000 -10.049019
v -10.049020 0.000000 -10.539215
v -10.049020 0.000000 -11.029411
v -10.049020 0.000000 -11.519608
v -10.049020 0.000000 -12.009804
v -9.558824 0.000000 12.009804
v -9.558824 0.000000 11.519608
v -9.558824 0.000000 11.029412
v -9.558824 0.000000 10.539216
v -9.558824 0.000000 10.049020
v -9.558824 0.000000 9.558824
v -9.558824 0.000000 9.068627
v -9.558824 0.000000 8.578432
v -9.558824 0.000000 8.088236
v -9.558824 0.000000 7.598040
v -9.558824 0.000000 7.107843
v -9.558824 0.000000 6.617647
v -9.558824 0.000000 6.127451
v -9.558824 0.000000 5.637255
v -9.558824 0.000000 5.147059
v -9.558824 0.000000 4.656863
v -9.558824 0.000000 4.166667
v -9.558824 0.000000 3.676471
v -9.558824 0.000000 3.186275
v -9.558824 0.000000 2.696079
v -9.558824 0.000000 2.205883
v -9.558824 0.000000 1.715687
v -9.558824 0.000000 1.225491
v -9.558824 0.000000 0.735295
v -9.558824 0.000000 0.245099
v -9.558824 0.000000 -0.245098
v -9.558824 0.000000 -0.735294
v -9.558824 0.000000 -1.225490
v -9.558824 0.000000 -1.715686
v -9.558824 0.000000 -2.205882
v -9.558824 0.000000 -2.696078
v -9.558824 0.000000 -3.186274
v -9.558824 0.000000 -3.676470
v -9.558824 0.000000 -4.166666
v -9.558824 0.000000 -4.656862
v -9.558824 0.000000 -5.147058
v -9.558824 0.000000 -5.637254
v -9.558824 0.000000 -6.127450
v -9.558824 0.000000 -6.617647
v -9.558824 0.000000 -7.107843
v -9.558824 0.000000 -7.598039
v -9.558824 0.000000 -8.088235
v -9.558824 0.000000 -8.578431
v -9.558824 0.000000 -9.068627
v -9.558824 0.000000 -9.558823
v -9.558824 0.000000 -10.049019
v -9.558824 0.000000 -10.539215
v -9.558824 0.000000 -11.029411
v -9.558824 0.000000 -11.519608
v -9.558824 0.000000 -12.009804
v -9.068627 0.000000 12.009804
v -9.068627 0.000000 11.519608
v -9.068627 0.000000 11.029412
v -9.068627 0.000000 10.539216
v -9.068627 0.000000 10.049020
v -9.068627 0.000000 9.558824
v -9.068627 0.000000 9.068627
v -9.068627 0.000000 8.578432
v -9.068627 0.000000 8.088236
v -9.068627 0.000000 7.598040
v -9.068627 0.000000 7.107843
v -9.068627 0.000000 6.617647
v -9.068627 0.000000 6.127451
v -9.068627 0.000000 5.637255
v -9.068627 0.000000 5.147059
v -9.068627 0.000000 4.656863
v -9.068627 0.000000 4.166667
v -9.068627 0.000000 3.676471
v -9.068627 0.000000 3.186275
v -9.068627 0.000000 2.696079
v -9.068627 0.000000 2.205883
v -9.068627 0.000000 1.715687
v -9.068627 0.000000 1.225491
v -9.068627 0.000000 0.735295
v -9.068627 0.000000 0.245099
v -9.068627 0.000000 -0.245098
v -9.068627 0.000000 -0.735294
v -9.068627 0.000000 -1.225490
v -9.068627 0.000000 -1.715686
v -9.068627 0.000000 -2.205882
v -9.068627 0.000000 -2.696078
v -9.068627 0.000000 -3.186274
v -9.068627 0.000000 -3.676470
v -9.068627 0.000000 -4.166666
v -9.068627 0.000000 -4.656862
v -9.068627 0.000000 -5.147058
v -9.068627 0.000000 -5.637254
v -9.068627 0.000000 -6.127450
v -9.068627 0.000000 -6.617647
v -9.068627 0.000000 -7.107843
v -9.068627 0.000000 -7.598039
v -9.068627 0.000000 -8.088235
v -9.068627 0.000000 -8.578431
v -9.068627 0.000000 -9.068627
v -9.068627 0.000000 -9.558823
v -9.068627 0.000000 -10.049019
v -9.068627 0.000000 -10.539215
v -9.068627 0.000000 -11.029411
v -9.068627 0.000000 -11.519608
v -9.068627 0.000000 -12.009804
v -8.578432 0.000000 12.009804
v -8.578432 0.000000 11.519608
v -8.578432 0.000000 11.029412
v -8.578432 0.000000 10.539216
v -8.578432 0.000000 10.049020
v -8.578432 0.000000 9.558824
v -8.578432 0.000000 9.068627
v -8.578432 0.000000 8.578432
v -8.578432 0.000000 8.088236
v -8.578432 0.000000 7.598040
v -8.578432 0.000000 7.107843
v -8.578432 0.000000 6.617647
v -8.578432 0.000000 6.127451
v -8.578432 0.000000 5.637255
v -8.578432 0.000000 5.147059
v -8.578432 0.000000 4.656863
v -8.578432 0.000000 4.166667
v -8.578432 0.000000 3.676471
v -8.578432 0.000000 3.186275
v -8.578432 0.000000 2.696079
v -8.578432 0.000000 2.205883
v -8.578432 0.000000 1.715687
v -8.578432 0.000000 1.225491
v -8.578432 0.000000 0.735295
v -8.578432 0.000000 0.245099
v -8.578432 0.000000 -0.245098
v -8.578432 0.000000 -0.735294
v -8.578432 0.000000 -1.225490
v -8.578432 0.000000 -1.715686
v -8.578432 0.000000 -2.205882
v -8.578432 0.000000 -2.696078
v -8.578432 0.000000 -3.186274
v -8.578432 0.000000 -3.676470
v -8.578432 0.000000 -4.166666
v -8.578432 0.000000 -4.656862
v -8.578432 0.000000 -5.147058
v -8.578432 0.000000 -5.637254
v -8.578432 0.000000 -6.127450
v -8.578432 0.000000 -6.617647
v -8.578432 0.000000 -7.107843
v -8.578432 0.000000 -7.598039
v -8.578432 0.000000 -8.088235
v -8.578432 0.000000 -8.578431
v -8.578432 0.000000 -9.068627
v -8.578432 0.000000 -9.558823
v -8.578432 0.000000 -10.049019
v -8.578432 0.000000 -10.539215
v -8.578432 0.000000 -11.029411
v -8.578432 0.000000 -11.519608
v -8.578432 0.000000 -12.009804
v -8.088236 0.000000 12.009804
v -8.088236 0.000000 11.519608
v -8.088236 0.000000 11.029412
v -8.088236 0.000000 10.539216
v -8.088236 0.000000 10.049020
v -8.088236 0.000000 9.558824
v -8.088236 0.000000 9.068627
v -8.088236 0.000000 8.578432
v -8.088236 0.000000 8.088236
v -8.088236 0.000000 7.598040
v -8.088236 0.000000 7.107843
v -8.088236 0.000000 6.617647
v -8.088236 0.000000 6.127451
v -8.088236 0.000000 5.637255
v -8.088236 0.000000 5.147059
v -8.088236 0.000000 4.656863
v -8.088236 0.000000 4.166667
v -8.088236 0.000000 3.676471
v -8.088236 0.000000 3.186275
v -8.088236 0.000000 2.696079
v -8.088236 0.000000 2.205883
v -8.088236 0.000000 1.715687
v -8.088236 0.000000 1.225491
v -8.088236 0.000000 0.735295
v -8.088236 0.000000 0.245099
v -8.088236 0.000000 -0.245098
v -8.088236 0.000000 -0.735294
v -8.088236 0.000000 -1.225490
v -8.088236 0.000000 -1.715686
v -8.088236 0.000000 -2.205882
v -8.088236 0.000000 -2.696078
v -8.088236 0.000000 -3.186274
v -8.088236 0.000000 -3.676470
v -8.088236 0.000000 -4.166666
v -8.088236 0.000000 -4.656862
v -8.088236 0.000000 -5.147058
v -8.088236 0.000000 -5.637254
v -8.088236 0.000000 -6.127450
v -8.088236 0.000000 -6.617647
v -8.088236 0.000000 -7.107843
v -8.088236 0.000000 -7.598039
v -8.088236 0.000000 -8.088235
v -8.088236 0.000000 -8.578431
v -8.088236 0.000000 -9.068627
v -8.088236 0.000000 -9.558823
v -8.088236 0.000000 -10.049019
v -8.088236 0.000000 -10.539215
v -8.088236 0.000000 -11.029411
v -8.088236 0.000000 -11.519608
v -8.088236 0.000000 -12.009804
v -7.598040 0.000000 12.009804
v -7.598040 0.000000 11.519608
v -7.598040 0.000000 11.029412
v -7.598040 0.000000 10.539216
v -7.598040 0.000000 10.049020
v -7.598040 0.000000 9.558824
v -7.598040 0.000000 9.068627
v -7.598040 0.000000 8.578432
v -7.598040 0.000000 8.088236
v -7.598040 0.000000 7.598040
v -7.598040 0.000000 7.107843
v -7.598040 0.000000 6.617647
v -7.598040 0.000000 6.127451
v -7.598040 0.000000 5.637255
v -7.598040 0.000000 5.147059
v -7.598040 0.000000 4.656863
v -7.598040 0.000000 4.166667
v -7.598040 0.000000 3.676471
v -7.598040 0.000000 3.186275
v -7.598040 0.000000 2.696079
v -7.598040 0.000000 2.205883
v -7.598040 0.000000 1.715687
v -7.598040 0.000000 1.225491
v -7.598040 0.000000 0.735295
v -7.598040 0.000000 0.245099
v -7.598040 0.000000 -0.245098
v -7.598040 0.000000 -0.735294
v -7.598040 0.000000 -1.225490
v -7.598040 0.000000 -1.715686
v -7.598040 0.000000 -2.205882
v -7.598040 0.000000 -2.696078
v -7.598040 0.000000 -3.186274
v -7.598040 0.000000 -3.676470
v -7.598040 0.000000 -4.166666
v -7.598040 0.000000 -4.656862
v -7.598040 0.000000 -5.147058
v -7.598040 0.000000 -5.637254
v -7.598040 0.000000 -6.127450
v -7.598040 0.000000 -6.617647
v -7.598040 0.000000 -7.107843
v -7.598040 0.000000 -7.598039
v -7.598040 0.000000 -8.088235
v -7.598040 0.000000 -8.578431
v -7.598040 0.000000 -9.068627
v -7.598040 0.000000 -9.558823
v -7.598040 0.000000 -10.049019
v -7.598040 0.000000 -10.539215
v -7.598040 0.000000 -11.029411
v -7.598040 0.000000 -11.519608
v -7.598040 0.000000 -12.009804
v -7.107843 0.000000 12.009804
v -7.107843 0.000000 11.519608
v -7.107843 0.000000 11.029412
v -7.107843 0.000000 10.539216
v -7.107843 0.000000 10.049020
v -7.107843 0.000000 9.558824
v -7.107843 0.000000 9.068627
v -7.107843 0.000000 8.578432
v -7.107843 0.000000 8.088236
v -7.107843 0.000000 7.598040
v -7.107843 0.000000 7.107843
v -7.107843 0.000000 6.617647
v -7.107843 0.000000 6.127451
v -7.107843 0.000000 5.637255
v -7.107843 0.000000 5.147059
v -7.107843 0.000000 4.656863
v -7.107843 0.000000 4.166667
v -7.107843 0.000000 3.676471
v -7.107843 0.000000 3.186275
v -7.107843 0.000000 2.696079
v -7.107843 0.000000 2.205883
v -7.107843 0.000000 1.715687
v -7.107843 0.000000 1.225491
v -7.107843 0.000000 0.735295
v -7.107843 0.000000 0.245099
v -7.107843 0.000000 -0.245098
v -7.107843 0.000000 -0.735294
v -7.107843 0.000000 -1.225490
v -7.107843 0.000000 -1.715686
v -7.107843 0.000000 -2.205882
v -7.107843 0.000000 -2.696078
v -7.107843 0.000000 -3.186274
v -7.107843 0.000000 -3.676470
v -7.107843 0.000000 -4.166666
v -7.107843 0.000000 -4.656862
v -7.107843 0.000000 -5.147058
v -7.107843 0.000000 -5.637254
v -7.107843 0.000000 -6.127450
v -7.107843 0.000000 -6.617647
v -7.107843 0.000000 -7.107843
v -7.107843 0.000000 -7.598039
v -7.107843 0.000000 -8.088235
v -7.107843 0.000000 -8.578431
v -7.107843 0.000000 -9.068627
v -7.107843 0.000000 -9.558823
v -7.107843 0.000000 -10.049019
v -7.107843 0.000000 -10.539215
v -7.107843 0.000000 -11.029411
v -7.107843 0.000000 -11.519608
v -7.107843 0.000000 -12.009804
v -6.617647 0.000000 12.009804
v -6.617647 0.000000 11.519608
v -6.617647 0.000000 11.029412
v -6.617647 0.000000 10.539216
v -6.617647 0.000000 10.049020
v -6.617647 0.000000 9.558824
v -6.617647 0.000000 9.068627
v -6.617647 0.000000 8.578432
v -6.617647 0.000000 8.088236
v -6.617647 0.000000 7.598040
v -6.617647 0.000000 7.107843
v -6.617647 0.000000 6.617647
v -6.617647 0.000000 6.127451
v -6.617647 0.000000 5.637255
v -6.617647 0.000000 5.147059
v -6.617647 0.000000 4.656863
v -6.617647 0.000000 4.166667
v -6.617647 0.000000 3.676471
v -6.617647 0.000000 3.186275
v -6.617647 0.000000 2.696079
v -6.617647 0.000000 2.205883
v -6.617647 0.000000 1.715687
v -6.617647 0.000000 1.225491
v -6.617647 0.000000 0.735295
v -6.617647 0.000000 0.245099
v -6.617647 0.000000 -0.245098
v -6.617647 0.000000 -0.735294
v -6.617647 0.000000 -1.225490
v -6.617647 0.000000 -1.715686
v -6.617647 0.000000 -2.205882
v -6.617647 0.000000 -2.696078
v -6.617647 0.000000 -3.186274
v -6.617647 0.000000 -3.676470
v -6.617647 0.000000 -4.166666
v -6.617647 0.000000 -4.656862
v -6.617647 0.000000 -5.147058
v -6.617647 0.000000 -5.637254
v -6.617647 0.000000 -6.127450
v -6.617647 0.000000 -6.617647
v -6.617647 0.000000 -7.107843
v -6.617647 0.000000 -7.598039
v -6.617647 0.000000 -8.088235
v -6.617647 0.000000 -8.578431
v -6.617647 0.000000 -9.068627
v -6.617647 0.000000 -9.558823
v -6.617647 0.000000 -10.049019
v -6.617647 0.000000 -10.539215
v -6.617647 0.000000 -11.029411
v -6.617647 0.000000 -11.519608
v -6.617647 0.000000 -12.009804
v -6.127451 0.000000 12.009804
v -6.127451 0.000000 11.519608
v -6.127451 0.000000 11.029412
v -6.127451 0.000000 10.539216
v -6.127451 0.000000 10.049020
v -6.127451 0.000000 9.558824
v -6.127451 0.000000 9.068627
v -6.127451 0.000000 8.578432
v -6.127451 0.000000 8.088236
v -6.127451 0.000000 7.598040
v -6.127451 0.000000 7.107843
v -6.127451 0.000000 6.617647
v -6.127451 0.000000 6.127451
v -6.127451 0.000000 5.637255
v -6.127451 0.000000 5.147059
v -6.127451 0.000000 4.656863
v -6.127451 0.000000 4.166667
v -6.127451 0.000000 3.676471
v -6.127451 0.000000 3.186275
v -6.127451 0.000000 2.696079
v -6.127451 0.000000 2.205883
v -6.127451 0.000000 1.715687
v -6.127451 0.000000 1.225491
v -6.127451 0.000000 0.735295
v -6.127451 0.000000 0.245099
v -6.127451 0.000000 -0.245098
v -6.127451 0.000000 -0.735294
v -6.127451 0.000000 -1.225490
v -6.127451 0.000000 -1.715686
v -6.127451 0.000000 -2.205882
v -6.127451 0.000000 -2.696078
v -6.127451 0.000000 -3.186274
v -6.127451 0.000000 -3.676470
v -6.127451 0.000000 -4.166666
v -6.127451 0.000000 -4.656862
v -6.127451 0.000000 -5.147058
v -6.127451 0.000000 -5.637254
v -6.127451 0.000000 -6.127450
v -6.127451 0.000000 -6.617647
v -6.127451 0.000000 -7.107843
v -6.127451 0.000000 -7.598039
v -6.127451 0.000000 -8.088235
v -6.127451 0.000000 -8.578431
v -6.127451 0.000000 -9.068627
v -6.127451 0.000000 -9.558823
v -6.127451 0.000000 -10.049019
v -6.127451 0.000000 -10.539215
v -6.127450 0.000000 -11.029411
v -6.127450 0.000000 -11.519608
v -6.127450 0.000000 -12.009804
v -5.637255 0.000000 12.009804
v -5.637255 0.000000 11.519608
v -5.637255 0.000000 11.029412
v -5.637255 0.000000 10.539216
v -5.637255 0.000000 10.049020
v -5.637255 0.000000 9.558824
v -5.637255 0.000000 9.068627
v -5.637255 0.000000 8.578432
v -5.637255 0.000000 8.088236
v -5.637255 0.000000 7.598040
v -5.637255 0.000000 7.107843
v -5.637255 0.000000 6.617647
v -5.637255 0.000000 6.127451
v -5.637255 0.000000 5.637255
v -5.637255 0.000000 5.147059
v -5.637255 0.000000 4.656863
v -5.637255 0.000000 4.166667
v -5.637255 0.000000 3.676471
v -5.637255 0.000000 3.186275
v -5.637255 0.000000 2.696079
v -5.637255 0.000000 2.205883
v -5.637255 0.000000 1.715687
v -5.637255 0.000000 1.225491
v -5.637255 0.000000 0.735295
v -5.637255 0.000000 0.245099
v -5.637255 0.000000 -0.245098
v -5.637255 0.000000 -0.735294
v -5.637255 0.000000 -1.225490
v -5.637255 0.000000 -1.715686
v -5.637255 0.000000 -2.205882
v -5.637255 0.000000 -2.696078
v -5.637255 0.000000 -3.186274
v -5.637255 0.000000 -3.676470
v -5.637255 0.000000 -4.166666
v -5.637255 0.000000 -4.656862
v -5.637255 0.000000 -5.147058
v -5.637255 0.000000 -5.637254
v -5.637255 0.000000 -6.127450
v -5.637255 0.000000 -6.617647
v -5.637255 0.000000 -7.107843
v -5.637255 0.000000 -7.598039
v -5.637255 0.000000 -8.088235
v -5.637255 0.000000 -8.578431
v -5.637255 0.000000 -9.068627
v -5.637255 0.000000 -9.558823
v -5.637255 0.000000 -10.049019
v -5.637255 0.000000 -10.539215
v -5.637255 0.000000 -11.029411
v -5.637255 0.000000 -11.519608
v -5.637255 0.000000 -12.009804
v -5.147059 0.000000 12.009804
v -5.147059 0.000000 11.519608
v -5.147059 0.000000 11.029412
v -5.147059 0.000000 10.539216
v -5.147059 0.000000 10.049020
v -5.147059 0.000000 9.558824
v -5.147059 0.000000 9.068627
v -5.147059 0.000000 8.578432
v -5.147059 0.000000 8.088236
v -5.147059 0.000000 7.598040
v -5.147059 0.000000 7.107843
v -5.147059 0.000000 6.617647
v -5.147059 0.000000 6.127451
v -5.147059 0.000000 5.637255
v -5.147059 0.000000 5.147059
v -5.147059 0.000000 4.656863
v -5.147059 0.000000 4.166667
v -5.147059 0.000000 3.676471
v -5.147059 0.000000 3.186275
v -5.147059 0.000000 2.696079
v -5.147059 0.000000 2.205883
v -5.147059 0.000000 1.715687
v -5.147059 0.000000 1.225491
v -5.147059 0.000000 0.735295
v -5.147059 0.000000 0.245099
v -5.147059 0.000000 -0.245098
v -5.147059 0.000000 -0.735294
v -5.147059 0.000000 -1.225490
v -5.147059 0.000000 -1.715686
v -5.147059 0.000000 -2.205882
v -5.147059 0.000000 -2.696078
v -5.147059 0.000000 -3.186274
v -5.147059 0.000000 -3.676470
v -5.147059 0.000000 -4.166666
v -5.147059 0.000000 -4.656862
v -5.147059 0.000000 -5.147058
v -5.147059 0.000000 -5.637254
v -5.147059 0.000000 -6.127450
v -5.147059 0.000000 -6.617647
v -5.147059 0.000000 -7.107843
v -5.147059 0.000000 -7.598039
v -5.147059 0.000000 -8.088235
v -5.147059 0.000000 -8.578431
v -5.147059 0.000000 -9.068627
v -5.147059 0.000000 -9.558823
v -5.147059 0.000000 -10.049019
v -5.147059 0.000000 -10.539215
v -5.147058 0.000000 -11.029411
v -5.147058 0.000000 -11.519608
v -5.147058 0.000000 -12.009804
v -4.656863 0.000000 12.009804
v -4.656863 0.000000 11.519608
v -4.656863 0.000000 11.029412
v -4.656863 0.000000 10.539216
v -4.656863 0.000000 10.049020
v -4.656863 0.000000 9.558824
v -4.656863 0.000000 9.068627
v -4.656863 0.000000 8.578432
v -4.656863 0.000000 8.088236
v -4.656863 0.000000 7.598040
v -4.656863 0.000000 7.107843
v -4.656863 0.000000 6.617647
v -4.656863 0.000000 6.127451
v -4.656863 0.000000 5.637255
v -4.656863 0.000000 5.147059
v -4.656863 0.000000 4.656863
v -4.656863 0.000000 4.166667
v -4.656863 0.000000 3.676471
v -4.656863 0.000000 3.186275
v -4.656863 0.000000 2.696079
v -4.656863 0.000000 2.205883
v -4.656863 0.000000 1.715687
v -4.656863 0.000000 1.225491
v -4.656863 0.000000 0.735295
v -4.656863 0.000000 0.245099
v -4.656863 0.000000 -0.245098
v -4.656863 0.000000 -0.735294
v -4.656863 0.000000 -1.225490
v -4.656863 0.000000 -1.715686
v -4.656863 0.000000 -2.205882
v -4.656863 0.000000 -2.696078
v -4.656863 0.000000 -3.186274
v -4.656863 0.000000 -3.676470
v -4.656863 0.000000 -4.166666
v -4.656863 0.000000 -4.656862
v -4.656863 0.000000 -5.147058
v -4.656863 0.000000 -5.637254
v -4.656863 0.000000 -6.127450
v -4.656863 0.000000 -6.617647
v -4.656863 0.000000 -7.107843
v -4.656863 0.000000 -7.598039
v -4.656863 0.000000 -8.088235
v -4.656863 0.000000 -8.578431
v -4.656863 0.000000 -9.068627
v -4.656863 0.000000 -9.558823
v -4.656863 0.000000 -10.049019
v -4.656863 0.000000 -10.539215
v -4.656862 0.000000 -11.029411
v -4.656862 0.000000 -11.519608
v -4.656862 0.000000 -12.009804
v -4.166667 0.000000 12.009804
v -4.166667 0.000000 11.519608
v -4.166667 0.000000 11.029412
v -4.166667 0.000000 10.539216
v -4.166667 0.000000 10.049020
v -4.166667 0.000000 9.558824
v -4.166667 0.000000 9.068627
v -4.166667 0.000000 8.578432
v -4.166667 0.000000 8.088236
v -4.166667 0.000000 7.598040
v -4.166667 0.000000 7.107843
v -4.166667 0.000000 6.617647
v -4.166667 0.000000 6.127451
v -4.166667 0.000000 5.637255
v -4.166667 0.000000 5.147059
v -4.166667 0.000000 4.656863
v -4.166667 0.000000 4.166667
v -4.166667 0.000000 3.676471
v -4.166667 0.000000 3.186275
v -4.166667 0.000000 2.696079
v -4.166667 0.000000 2.205883
v -4.166667 0.000000 1.715687
v -4.166667 0.000000 1.225491
v -4.166667 0.000000 0.735295
v -4.166667 0.000000 0.245099
v -4.166667 0.000000 -0.245098
v -4.166667 0.000000 -0.735294
v -4.166667 0.000000 -1.225490
v -4.166667 0.000000 -1.715686
v -4.166667 0.000000 -2.205882
v -4.166667 0.000000 -2.696078
v -4.166667 0.000000 -3.186274
v -4.166667 0.000000 -3.676470
v -4.166667 0.000000 -4.166666
v -4.166667 0.000000 -4.656862
v -4.166667 0.000000 -5.147058
v -4.166667 0.000000 -5.637254
v -4.166667 0.000000 -6.127450
v -4.166667 0.000000 -6.617647
v -4.166667 0.000000 -7.107843
v -4.166667 0.000000 -7.598039
v -4.166667 0.000000 -8.088235
v -4.166667 0.000000 -8.578431
v -4.166667 0.000000 -9.068627
v -4.166667 0.000000 -9.558823
v -4.166667 0.000000 -10.049019
v -4.166667 0.000000 -10.539215
v -4.166667 0.000000 -11.029411
v -4.166667 0.000000 -11.519608
v -4.166667 0.000000 -12.009804
v -3.676471 0.000000 12.009804
v -3.676471 0.000000 11.519608
v -3.676471 0.000000 11.029412
v -3.676471 0.000000 10.539216
v -3.676471 0.000000 10.049020
v -3.676471 0.000000 9.558824
v -3.676471 0.000000 9.068627
v -3.676471 0.000000 8.578432
v -3.676471 0.000000 8.088236
v -3.676471 0.000000 7.598040
v -3.676471 0.000000 7.107843
v -3.676471 0.000000 6.617647
v -3.676471 0.000000 6.127451
v -3.676471 0.000000 5.637255
v -3.676471 0.000000 5.147059
v -3.676471 0.000000 4.656863
v -3.676471 0.000000 4.166667
v -3.676471 0.000000 3.676471
v -3.676471 0.000000 3.186275
v -3.676471 0.000000 2.696079
v -3.676471 0.000000 2.205883
v -3.676471 0.000000 1.715687
v -3.676471 0.000000 1.225491
v -3.676471 0.000000 0.735295
v -3.676471 0.000000 0.245099
v -3.676471 0.000000 -0.245098
v -3.676471 0.000000 -0.735294
v -3.676471 0.000000 -1.225490
v -3.676471 0.000000 -1.715686
v -3.676471 0.000000 -2.205882
v -3.676471 0.000000 -2.696078
v -3.676471 0.000000 -3.186274
v -3.676471 0.000000 -3.676470
v -3.676471 0.000000 -4.166666
v -3.676471 0.000000 -4.656862
v -3.676471 0.000000 -5.147058
v -3.676471 0.000000 -5.637254
v -3.676471 0.000000 -6.127450
v -3.676471 0.000000 -6.617647
v -3.676471 0.000000 -7.107843
v -3.676471 0.000000 -7.598039
v -3.676471 0.000000 -8.088235
v -3.676471 0.000000 -8.578431
v -3.676471 0.000000 -9.068627
v -3.676471 0.000000 -9.558823
v -3.676471 0.000000 -10.049019
v -3.676471 0.000000 -10.539215
v -3.676470 0.000000 -11.029411
v -3.676470 0.000000 -11.519608
v -3.676470 0.000000 -12.009804
v -3.186275 0.000000 12.009804
v -3.186275 0.000000 11.519608
v -3.186275 0.000000 11.029412
v -3.186275 0.000000 10.539216
v -3.186275 0.000000 10.049020
v -3.186275 0.000000 9.558824
v -3.186275 0.000000 9.068627
v -3.186275 0.000000 8.578432
v -3.186275 0.000000 8.088236
v -3.186275 0.000000 7.598040
v -3.186275 0.000000 7.107843
v -3.186275 0.000000 6.617647
v -3.186275 0.000000 6.127451
v -3.186275 0.000000 5.637255
v -3.186275 0.000000 5.147059
v -3.186275 0.000000 4.656863
v -3.186275 0.000000 4.166667
v -3.186275 0.000000 3.676471
v -3.186275 0.000000 3.186275
v -3.186275 0.000000 2.696079
v -3.186275 0.000000 2.205883
v -3.186275 0.000000 1.715687
v -3.186275 0.000000 1.225491
v -3.186275 0.000000 0.735295
v -3.186275 0.000000 0.245099
v -3.186275 0.000000 -0.245098
v -3.186275 0.000000 -0.735294
v -3.186275 0.000000 -1.225490
v -3.186275 0.000000 -1.715686
v -3.186275 0.000000 -2.205882
v -3.186275 0.000000 -2.696078
v -3.186275 0.000000 -3.186274
v -3.186275 0.000000 -3.676470
v -3.186275 0.000000 -4.166666
v -3.186275 0.000000 -4.656862
v -3.186275 0.000000 -5.147058
v -3.186275 0.000000 -5.637254
v -3.186275 0.000000 -6.127450
v -3.186275 0.000000 -6.617647
v -3.186275 0.000000 -7.107843
v -3.186275 0.000000 -7.598039
v -3.186275 0.000000 -8.088235
v -3.186275 0.000000 -8.578431
v -3.186275 0.000000 -9.068627
v -3.186275 0.000000 -9.558823
v -3.186275 0.000000 -10.049019
v -3.186275 0.000000 -10.539215
v -3.186274 0.000000 -11.029411
v -3.186274 0.000000 -11.519608
v -3.186274 0.000000 -12.009804
v -2.696079 0.000000 12.009804
v -2.696079 0.000000 11.519608
v -2.696079 0.000000 11.029412
v -2.696079 0.000000 10.539216
v -2.696079 0.000000 10.049020
v -2.696079 0.000000 9.558824
v -2.696079 0.000000 9.068627
v -2.696079 0.000000 8.578432
v -2.696079 0.000000 8.088236
v -2.696079 0.000000 7.598040
v -2.696079 0.000000 7.107843
v -2.696079 0.000000 6.617647
v -2.696079 0.000000 6.127451
v -2.696079 0.000000 5.637255
v -2.696079 0.000000 5.147059
v -2.696079 0.000000 4.656863
v -2.696079 0.000000 4.166667
v -2.696079 0.000000 3.676471
v -2.696079 0.000000 3.186275
v -2.696079 0.000000 2.696079
v -2.696079 0.000000 2.205883
v -2.696079 0.000000 1.715687
v -2.696079 0.000000 1.225491
v -2.696079 0.000000 0.735295
v -2.696079 0.000000 0.245099
v -2.696079 0.000000 -0.245098
v -2.696079 0.000000 -0.735294
v -2.696079 0.000000 -1.225490
v -2.696079 0.000000 -1.715686
v -2.696079 0.000000 -2.205882
v -2.696079 0.000000 -2.696078
v -2.696079 0.000000 -3.186274
v -2.696079 0.000000 -3.676470
v -2.696079 0.000000 -4.166666
v -2.696079 0.000000 -4.656862
v -2.696079 0.000000 -5.147058
v -2.696079 0.000000 -5.637254
v -2.696079 0.000000 -6.127450
v -2.696079 0.000000 -6.617647
v -2.696079 0.000000 -7.107843
v -2.696079 0.000000 -7.598039
v -2.696079 0.000000 -8.088235
v -2.696079 0.000000 -8.578431
v -2.696079 0.000000 -9.068627
v -2.696079 0.000000 -9.558823
v -2.696078 0.000000 -10.049019
v -2.696078 0.000000 -10.539215
v -2.696078 0.000000 -11.029411
v -2.696078 0.000000 -11.519608
v -2.696078 0.000000 -12.009804
v -2.205883 0.000000 12.009804
v -2.205883 0.000000 11.519608
v -2.205883 0.000000 11.029412
v -2.205883 0.000000 10.539216
v -2.205883 0.000000 10.049020
v -2.205883 0.000000 9.558824
v -2.205883 0.000000 9.068627
v -2.205883 0.000000 8.578432
v -2.205883 0.000000 8.088236
v -2.205883 0.000000 7.598040
v -2.205883 0.000000 7.107843
v -2.205883 0.000000 6.617647
v -2.205883 0.000000 6.127451
v -2.205883 0.000000 5.637255
v -2.205883 0.000000 5.147059
v -2.205883 0.000000 4.656863
v -2.205883 0.000000 4.166667
v -2.205883 0.000000 3.676471
v -2.205883 0.000000 3.186275
v -2.205883 0.000000 2.696079
v -2.205883 0.000000 2.205883
v -2.205883 0.000000 1.715687
v -2.205883 0.000000 1.225491
v -2.205883 0.000000 0.735295
v -2.205883 0.000000 0.245099
v -2.205883 0.000000 -0.245098
v -2.205883 0.000000 -0.735294
v -2.205883 0.000000 -1.225490
v -2.205883 0.000000 -1.715686
v -2.205883 0.000000 -2.205882
v -2.205883 0.000000 -2.696078
v -2.205883 0.000000 -3.186274
v -2.205883 0.000000 -3.676470
v -2.205883 0.000000 -4.166666
v -2.205883 0.000000 -4.656862
v -2.205883 0.000000 -5.147058
v -2.205883 0.000000 -5.637254
v -2.205883 0.000000 -6.127450
v -2.205883 0.000000 -6.617647
v -2.205883 0.000000 -7.107843
v -2.205883 0.000000 -7.598039
v -2.205883 0.000000 -8.088235
v -2.205883 0.000000 -8.578431
v -2.205883 0.000000 -9.068627
v -2.205882 0.000000 -9.558823
v -2.205882 0.000000 -10.049019
v -2.205882 0.000000 -10.539215
v -2.205882 0.000000 -11.029411
v -2.205882 0.000000 -11.519608
v -2.205882 0.000000 -12.009804
v -1.715687 0.000000 12.009804
v -1.715687 0.000000 11.519608
v -1.715687 0.000000 11.029412
v -1.715687 0.000000 10.539216
v -1.715687 0.000000 10.049020
v -1.715687 0.000000 9.558824
v -1.715687 0.000000 9.068627
v -1.715687 0.000000 8.578432
v -1.715687 0.000000 8.088236
v -1.715687 0.000000 7.598040
v -1.715687 0.000000 7.107843
v -1.715687 0.000000 6.617647
v -1.715687 0.000000 6.127451
v -1.715687 0.000000 5.637255
v -1.715687 0.000000 5.147059
v -1.715687 0.000000 4.656863
v -1.715687 0.000000 4.166667
v -1.715687 0.000000 3.676471
v -1.715687 0.000000 3.186275
v -1.715687 0.000000 2.696079
v -1.715687 0.000000 2.205883
v -1.715687 0.000000 1.715687
v -1.715687 0.000000 1.225491
v -1.715687 0.000000 0.735295
v -1.715687 0.000000 0.245099
v -1.715687 0.000000 -0.245098
v -1.715687 0.000000 -0.735294
v -1.715687 0.000000 -1.225490
v -1.715687 0.000000 -1.715686
v -1.715687 0.000000 -2.205882
v -1.715687 0.000000 -2.696078
v -1.715687 0.000000 -3.186274
v -1.715687 0.000000 -3.676470
v -1.715687 0.000000 -4.166666
v -1.715687 0.000000 -4.656862
v -1.715687 0.000000 -5.147058
v -1.715687 0.000000 -5.637254
v -1.715687 0.000000 -6.127450
v -1.715687 0.000000 -6.617647
v -1.715687 0.000000 -7.107843
v -1.715687 0.000000 -7.598039
v -1.715687 0.000000 -8.088235
v -1.715687 0.000000 -8.578431
v -1.715687 0.000000 -9.068627
v -1.715686 0.000000 -9.558823
v -1.715686 0.000000 -10.049019
v -1.715686 0.000000 -10.539215
v -1.715686 0.000000 -11.029411
v -1.715686 0.000000 -11.519608
v -1.715686 0.000000 -12.009804
v -1.225491 0.000000 12.009804
v -1.225491 0.000000 11.519608
v -1.225491 0.000000 11.029412
v -1.225491 0.000000 10.539216
v -1.225491 0.000000 10.049020
v -1.225491 0.000000 9.558824
v -1.225491 0.000000 9.068627
v -1.225491 0.000000 8.578432
v -1.225491 0.000000 8.088236
v -1.225491 0.000000 7.598040
v -1.225491 0.000000 7.107843
v -1.225491 0.000000 6.617647
v -1.225491 0.000000 6.127451
v -1.225491 0.000000 5.637255
v -1.225491 0.000000 5.147059
v -1.225491 0.000000 4.656863
v -1.225491 0.000000 4.166667
v -1.225491 0.000000 3.676471
v -1.225491 0.000000 3.186275
v -1.225491 0.000000 2.696079
v -1.225491 0.000000 2.205883
v -1.225491 0.000000 1.715687
v -1.225491 0.000000 1.225491
v -1.225491 0.000000 0.735295
v -1.225491 0.000000 0.245099
v -1.225491 0.000000 -0.245098
v -1.225491 0.000000 -0.735294
v -1.225491 0.000000 -1.225490
v -1.225491 0.000000 -1.715686
v -1.225491 0.000000 -2.205882
v -1.225491 0.000000 -2.696078
v -1.225491 0.000000 -3.186274
v -1.225491 0.000000 -3.676470
v -1.225490 0.000000 -4.166666
v -1.225490 0.000000 -4.656862
v -1.225490 0.000000 -5.147058
v -1.225490 0.000000 -5.637254
v -1.225490 0.000000 -6.127450
v -1.225490 0.000000 -6.617647
v -1.225490 0.000000 -7.107843
v -1.225490 0.000000 -7.598039
v -1.225490 0.000000 -8.088235
v -1.225490 0.000000 -8.578431
v -1.225490 0.000000 -9.068627
v -1.225490 0.000000 -9.558823
v -1.225490 0.000000 -10.049019
v -1.225490 0.000000 -10.539215
v -1.225490 0.000000 -11.029411
v -1.225490 0.000000 -11.519608
v -1.225490 0.000000 -12.009804
v -0.735295 0.000000 12.009804
v -0.735295 0.000000 11.519608
v -0.735295 0.000000 11.029412
v -0.735295 0.000000 10.539216
v -0.735295 0.000000 10.049020
v -0.735295 0.000000 9.558824
v -0.735295 0.000000 9.068627
v -0.735295 0.000000 8.578432
v -0.735295 0.000000 8.088236
v -0.735295 0.000000 7.598040
v -0.735295 0.000000 7.107843
v -0.735295 0.000000 6.617647
v -0.735295 0.000000 6.127451
v -0.735294 0.000000 5.637255
v -0.735294 0.000000 5.147059
v -0.735294 0.000000 4.656863
v -0.735294 0.000000 4.166667
v -0.735294 0.000000 3.676471
v -0.735294 0.000000 3.186275
v -0.735294 0.000000 2.696079
v -0.735294 0.000000 2.205883
v -0.735294 0.000000 1.715687
v -0.735294 0.000000 1.225491
v -0.735294 0.000000 0.735295
v -0.735294 0.000000 0.245099
v -0.735294 0.000000 -0.245098
v -0.735294 0.000000 -0.735294
v -0.735294 0.000000 -1.225490
v -0.735294 0.000000 -1.715686
v -0.735294 0.000000 -2.205882
v -0.735294 0.000000 -2.696078
v -0.735294 0.000000 -3.186274
v -0.735294 0.000000 -3.676470
v -0.735294 0.000000 -4.166666
v -0.735294 0.000000 -4.656862
v -0.735294 0.000000 -5.147058
v -0.735294 0.000000 -5.637254
v -0.735294 0.000000 -6.127450
v -0.735294 0.000000 -6.617647
v -0.735294 0.000000 -7.107843
v -0.735294 0.000000 -7.598039
v -0.735294 0.000000 -8.088235
v -0.735294 0.000000 -8.578431
v -0.735294 0.000000 -9.068627
v -0.735294 0.000000 -9.558823
v -0.735294 0.000000 -10.049019
v -0.735294 0.000000 -10.539215
v -0.735294 0.000000 -11.029411
v -0.735294 0.000000 -11.519608
v -0.735294 0.000000 -12.009804
v -0.245099 0.000000 12.009804
v -0.245099 0.000000 11.519608
v -0.245099 0.000000 11.029412
v -0.245099 0.000000 10.539216
v -0.245099 0.000000 10.049020
v -0.245098 0.000000 9.558824
v -0.245098 0.000000 9.068627
v -0.245098 0.000000 8.578432
v -0.245098 0.000000 8.088236
v -0.245098 0.000000 7.598040
v -0.245098 0.000000 7.107843
v -0.245098 0.000000 6.617647
v -0.245098 0.000000 6.127451
v -0.245098 0.000000 5.637255
v -0.245098 0.000000 5.147059
v -0.245098 0.000000 4.656863
v -0.245098 0.000000 4.166667
v -0.245098 0.000000 3.676471
v -0.245098 0.000000 3.186275
v -0.245098 0.000000 2.696079
v -0.245098 0.000000 2.205883
v -0.245098 0.000000 1.715687
v -0.245098 0.000000 1.225491
v -0.245098 0.000000 0.735295
v -0.245098 0.000000 0.245099
v -0.245098 0.000000 -0.245098
v -0.245098 0.000000 -0.735294
v -0.245098 0.000000 -1.225490
v -0.245098 0.000000 -1.715686
v -0.245098 0.000000 -2.205882
v -0.245098 0.000000 -2.696078
v -0.245098 0.000000 -3.186274
v -0.245098 0.000000 -3.676470
v -0.245098 0.000000 -4.166666
v -0.245098 0.000000 -4.656862
v -0.245098 0.000000 -5.147058
v -0.245098 0.000000 -5.637254
v -0.245098 0.000000 -6.127450
v -0.245098 0.000000 -6.617647
v -0.245098 0.000000 -7.107843
v -0.245098 0.000000 -7.598039
v -0.245098 0.000000 -8.088235
v -0.245098 0.000000 -8.578431
v -0.245098 0.000000 -9.068627
v -0.245098 0.000000 -9.558823
v -0.245098 0.000000 -10.049019
v -0.245098 0.000000 -10.539215
v -0.245098 0.000000 -11.029411
v -0.245098 0.000000 -11.519608
v -0.245098 0.000000 -12.009804
v 0.245098 0.000000 12.009804
v 0.245098 0.000000 11.519608
v 0.245098 0.000000 11.029412
v 0.245098 0.000000 10.539216
v 0.245098 0.000000 10.049020
v 0.245098 0.000000 9.558824
v 0.245098 0.000000 9.068627
v 0.245098 0.000000 8.578432
v 0.245098 0.000000 8.088236
v 0.245098 0.000000 7.598040
v 0.245098 0.000000 7.107843
v 0.245098 0.000000 6.617647
v 0.245098 0.000000 6.127451
v 0.245098 0.000000 5.637255
v 0.245098 0.000000 5.147059
v 0.245098 0.000000 4.656863
v 0.245098 0.000000 4.166667
v 0.245098 0.000000 3.676471
v 0.245098 0.000000 3.186275
v 0.245098 0.000000 2.696079
v 0.245098 0.000000 2.205883
v 0.245098 0.000000 1.715687
v 0.245098 0.000000 1.225491
v 0.245098 0.000000 0.735295
v 0.245098 0.000000 0.245099
v 0.245098 0.000000 -0.245098
v 0.245098 0.000000 -0.735294
v 0.245098 0.000000 -1.225490
v 0.245098 0.000000 -1.715686
v 0.245098 0.000000 -2.205882
v 0.245098 0.000000 -2.696078
v 0.245098 0.000000 -3.186274
v 0.245098 0.000000 -3.676470
v 0.245098 0.000000 -4.166666
v 0.245098 0.000000 -4.656862
v 0.245098 0.000000 -5.147058
v 0.245098 0.000000 -5.637254
v 0.245098 0.000000 -6.127450
v 0.245098 0.000000 -6.617647
v 0.245098 0.000000 -7.107843
v 0.245098 0.000000 -7.598039
v 0.245098 0.000000 -8.088235
v 0.245099 0.000000 -8.578431
v 0.245099 0.000000 -9.068627
v 0.245099 0.000000 -9.558823
v 0.245099 0.000000 -10.049019
v 0.245099 0.000000 -10.539215
v 0.245099 0.000000 -11.029411
v 0.245099 0.000000 -11.519608
v 0.245099 0.000000 -12.009804
v 0.735294 0.000000 12.009804
v 0.735294 0.000000 11.519608
v 0.735294 0.000000 11.029412
v 0.735294 0.000000 10.539216
v 0.735294 0.000000 10.049020
v 0.735294 0.000000 9.558824
v 0.735294 0.000000 9.068627
v 0.735294 0.000000 8.578432
v 0.735294 0.000000 8.088236
v 0.735294 0.000000 7.598040
v 0.735294 0.000000 7.107843
v 0.735294 0.000000 6.617647
v 0.735294 0.000000 6.127451
v 0.735294 0.000000 5.637255
v 0.735294 0.000000 5.147059
v 0.735294 0.000000 4.656863
v 0.735294 0.000000 4.166667
v 0.735294 0.000000 3.676471
v 0.735294 0.000000 3.186275
v 0.735294 0.000000 2.696079
v 0.735294 0.000000 2.205883
v 0.735294 0.000000 1.715687
v 0.735294 0.000000 1.225491
v 0.735294 0.000000 0.735295
v 0.735294 0.000000 0.245099
v 0.735294 0.000000 -0.245098
v 0.735294 0.000000 -0.735294
v 0.735294 0.000000 -1.225490
v 0.735294 0.000000 -1.715686
v 0.735294 0.000000 -2.205882
v 0.735294 0.000000 -2.696078
v 0.735294 0.000000 -3.186274
v 0.735294 0.000000 -3.676470
v 0.735294 0.000000 -4.166666
v 0.735294 0.000000 -4.656862
v 0.735294 0.000000 -5.147058
v 0.735294 0.000000 -5.637254
v 0.735294 0.000000 -6.127450
v 0.735294 0.000000 -6.617647
v 0.735294 0.000000 -7.107843
v 0.735295 0.000000 -7.598039
v 0.735295 0.000000 -8.088235
v 0.735295 0.000000 -8.578431
v 0.735295 0.000000 -9.068627
v 0.735295 0.000000 -9.558823
v 0.735295 0.000000 -10.049019
v 0.735295 0.000000 -10.539215
v 0.735295 0.000000 -11.029411
v 0.735295 0.000000 -11.519608
v 0.735295 0.000000 -12.009804
v 1.225490 0.000000 12.009804
v 1.225490 0.000000 11.519608
v 1.225490 0.000000 11.029412
v 1.225490 0.000000 10.539216
v 1.225490 0.000000 10.049020
v 1.225490 0.000000 9.558824
v 1.225490 0.000000 9.068627
v 1.225490 0.000000 8.578432
v 1.225490 0.000000 8.088236
v 1.225490 0.000000 7.598040
v 1.225490 0.000000 7.107843
v 1.225490 0.000000 6.617647
v 1.225490 0.000000 6.127451
v 1.225490 0.000000 5.637255
v 1.225490 0.000000 5.147059
v 1.225490 0.000000 4.656863
v 1.225490 0.000000 4.166667
v 1.225490 0.000000 3.676471
v 1.225490 0.000000 3.186275
v 1.225490 0.000000 2.696079
v 1.225490 0.000000 2.205883
v 1.225490 0.000000 1.715687
v 1.225490 0.000000 1.225491
v 1.225490 0.000000 0.735295
v 1.225490 0.000000 0.245099
v 1.225490 0.000000 -0.245098
v 1.225490 0.000000 -0.735294
v 1.225490 0.000000 -1.225490
v 1.225490 0.000000 -1.715686
v 1.225490 0.000000 -2.205882
v 1.225490 0.000000 -2.696078
v 1.225490 0.000000 -3.186274
v 1.225490 0.000000 -3.676470
v 1.225490 0.000000 -4.166666
v 1.225490 0.000000 -4.656862
v 1.225490 0.000000 -5.147058
v 1.225490 0.000000 -5.637254
v 1.225490 0.000000 -6.127450
v 1.225490 0.000000 -6.617647
v 1.225490 0.000000 -7.107843
v 1.225490 0.000000 -7.598039
v 1.225490 0.000000 -8.088235
v 1.225490 0.000000 -8.578431
v 1.225490 0.000000 -9.068627
v 1.225491 0.000000 -9.558823
v 1.225491 0.000000 -10.049019
v 1.225491 0.000000 -10.539215
v 1.225491 0.000000 -11.029411
v 1.225491 0.000000 -11.519608
v 1.225491 0.000000 -12.009804
v 1.715686 0.000000 12.009804
v 1.715686 0.000000 11.519608
v 1.715686 0.000000 11.029412
v 1.715686 0.000000 10.539216
v 1.715686 0.000000 10.049020
v 1.715686 0.000000 9.558824
v 1.715686 0.000000 9.068627
v 1.715686 0.000000 8.578432
v 1.715686 0.000000 8.088236
v 1.715686 0.000000 7.598040
v 1.715686 0.000000 7.107843
v 1.715686 0.000000 6.617647
v 1.715686 0.000000 6.127451
v 1.715686 0.000000 5.637255
v 1.715686 0.000000 5.147059
v 1.715686 0.000000 4.656863
v 1.715686 0.000000 4.166667
v 1.715686 0.000000 3.676471
v 1.715686 0.000000 3.186275
v 1.715686 0.000000 2.696079
v 1.715686 0.000000 2.205883
v 1.715686 0.000000 1.715687
v 1.715686 0.000000 1.225491
v 1.715686 0.000000 0.735295
v 1.715686 0.000000 0.245099
v 1.715686 0.000000 -0.245098
v 1.715686 0.000000 -0.735294
v 1.715686 0.000000 -1.225490
v 1.715686 0.000000 -1.715686
v 1.715686 0.000000 -2.205882
v 1.715686 0.000000 -2.696078
v 1.715686 0.000000 -3.186274
v 1.715686 0.000000 -3.676470
v 1.715686 0.000000 -4.166666
v 1.715686 0.000000 -4.656862
v 1.715686 0.000000 -5.147058
v 1.715686 0.000000 -5.637254
v 1.715686 0.000000 -6.127450
v 1.715686 0.000000 -6.617647
v 1.715686 0.000000 -7.107843
v 1.715686 0.000000 -7.598039
v 1.715686 0.000000 -8.088235
v 1.715686 0.000000 -8.578431
v 1.715686 0.000000 -9.068627
v 1.715686 0.000000 -9.558823
v 1.715687 0.000000 -10.049019
v 1.715687 0.000000 -10.539215
v 1.715687 0.000000 -11.029411
v 1.715687 0.000000 -11.519608
v 1.715687 0.000000 -12.009804
v 2.205882 0.000000 12.009804
v 2.205882 0.000000 11.519608
v 2.205882 0.000000 11.029412
v 2.205882 0.000000 10.539216
v 2.205882 0.000000 10.049020
v 2.205882 0.000000 9.558824
v 2.205882 0.000000 9.068627
v 2.205882 0.000000 8.578432
v 2.205882 0.000000 8.088236
v 2.205882 0.000000 7.598040
v 2.205882 0.000000 7.107843
v 2.205882 0.000000 6.617647
v 2.205882 0.000000 6.127451
v 2.205882 0.000000 5.637255
v 2.205882 0.000000 5.147059
v 2.205882 0.000000 4.656863
v 2.205882 0.000000 4.166667
v 2.205882 0.000000 3.676471
v 2.205882 0.000000 3.186275
v 2.205882 0.000000 2.696079
v 2.205882 0.000000 2.205883
v 2.205882 0.000000 1.715687
v 2.205882 0.000000 1.225491
v 2.205882 0.000000 0.735295
v 2.205882 0.000000 0.245099
v 2.205882 0.000000 -0.245098
v 2.205882 0.000000 -0.735294
v 2.205882 0.000000 -1.225490
v 2.205882 0.000000 -1.715686
v 2.205882 0.000000 -2.205882
v 2.205882 0.000000 -2.696078
v 2.205882 0.000000 -3.186274
v 2.205882 0.000000 -3.676470
v 2.205882 0.000000 -4.166666
v 2.205882 0.000000 -4.656862
v 2.205882 0.000000 -5.147058
v 2.205882 0.000000 -5.637254
v 2.205882 0.000000 -6.127450
v 2.205882 0.000000 -6.617647
v 2.205882 0.000000 -7.107843
v 2.205882 0.000000 -7.598039
v 2.205882 0.000000 -8.088235
v 2.205882 0.000000 -8.578431
v 2.205882 0.000000 -9.068627
v 2.205882 0.000000 -9.558823
v 2.205883 0.000000 -10.049019
v 2.205883 0.000000 -10.539215
v 2.205883 0.000000 -11.029411
v 2.205883 0.000000 -11.519608
v 2.205883 0.000000 -12.009804
v 2.696078 0.000000 12.009804
v 2.696078 0.000000 11.519608
v 2.696078 0.000000 11.029412
v 2.696078 0.000000 10.539216
v 2.696078 0.000000 10.049020
v 2.696078 0.000000 9.558824
v 2.696078 0.000000 9.068627
v 2.696078 0.000000 8.578432
v 2.696078 0.000000 8.088236
v 2.696078 0.000000 7.598040
v 2.696078 0.000000 7.107843
v 2.696078 0.000000 6.617647
v 2.696078 0.000000 6.127451
v 2.696078 0.000000 5.637255
v 2.696078 0.000000 5.147059
v 2.696078 0.000000 4.656863
v 2.696078 0.000000 4.166667
v 2.696078 0.000000 3.676471
v 2.696078 0.000000 3.186275
v 2.696078 0.000000 2.696079
v 2.696078 0.000000 2.205883
v 2.696078 0.000000 1.715687
v 2.696078 0.000000 1.225491
v 2.696078 0.000000 0.735295
v 2.696078 0.000000 0.245099
v 2.696078 0.000000 -0.245098
v 2.696078 0.000000 -0.735294
v 2.696078 0.000000 -1.225490
v 2.696078 0.000000 -1.715686
v 2.696078 0.000000 -2.205882
v 2.696078 0.000000 -2.696078
v 2.696078 0.000000 -3.186274
v 2.696078 0.000000 -3.676470
v 2.696078 0.000000 -4.166666
v 2.696078 0.000000 -4.656862
v 2.696078 0.000000 -5.147058
v 2.696078 0.000000 -5.637254
v 2.696078 0.000000 -6.127450
v 2.696078 0.000000 -6.617647
v 2.696078 0.000000 -7.107843
v 2.696078 0.000000 -7.598039
v 2.696078 0.000000 -8.088235
v 2.696078 0.000000 -8.578431
v 2.696078 0.000000 -9.068627
v 2.696079 0.000000 -9.558823
v 2.696079 0.000000 -10.049019
v 2.696079 0.000000 -10.539215
v 2.696079 0.000000 -11.029411
v 2.696079 0.000000 -11.519608
v 2.696079 0.000000 -12.009804
v 3.186274 0.000000 12.009804
v 3.186274 0.000000 11.519608
v 3.186274 0.000000 11.029412
v 3.186274 0.000000 10.539216
v 3.186274 0.000000 10.049020
v 3.186274 0.000000 9.558824
v 3.186274 0.000000 9.068627
v 3.186274 0.000000 8.578432
v 3.186274 0.000000 8.088236
v 3.186274 0.000000 7.598040
v 3.186274 0.000000 7.107843
v 3.186274 0.000000 6.617647
v 3.186274 0.000000 6.127451
v 3.186274 0.000000 5.637255
v 3.186274 0.000000 5.147059
v 3.186274 0.000000 4.656863
v 3.186274 0.000000 4.166667
v 3.186274 0.000000 3.676471
v 3.186274 0.000000 3.186275
v 3.186274 0.000000 2.696079
v 3.186274 0.000000 2.205883
v 3.186274 0.000000 1.715687
v 3.186274 0.000000 1.225491
v 3.186274 0.000000 0.735295
v 3.186274 0.000000 0.245099
v 3.186274 0.000000 -0.245098
v 3.186274 0.000000 -0.735294
v 3.186274 0.000000 -1.225490
v 3.186274 0.000000 -1.715686
v 3.186274 0.000000 -2.205882
v 3.186274 0.000000 -2.696078
v 3.186274 0.000000 -3.186274
v 3.186274 0.000000 -3.676470
v 3.186274 0.000000 -4.166666
v 3.186274 0.000000 -4.656862
v 3.186274 0.000000 -5.147058
v 3.186274 0.000000 -5.637254
v 3.186274 0.000000 -6.127450
v 3.186274 0.000000 -6.617647
v 3.186274 0.000000 -7.107843
v 3.186274 0.000000 -7.598039
v 3.186274 0.000000 -8.088235
v 3.186274 0.000000 -8.578431
v 3.186274 0.000000 -9.068627
v 3.186274 0.000000 -9.558823
v 3.186274 0.000000 -10.049019
v 3.186274 0.000000 -10.539215
v 3.186274 0.000000 -11.029411
v 3.186275 0.000000 -11.519608
v 3.186275 0.000000 -12.009804
v 3.676470 0.000000 12.009804
v 3.676470 0.000000 11.519608
v 3.676470 0.000000 11.029412
v 3.676470 0.000000 10.539216
v 3.676470 0.000000 10.049020
v 3.676470 0.000000 9.558824
v 3.676470 0.000000 9.068627
v 3.676470 0.000000 8.578432
v 3.676470 0.000000 8.088236
v 3.676470 0.000000 7.598040
v 3.676470 0.000000 7.107843
v 3.676470 0.000000 6.617647
v 3.676470 0.000000 6.127451
v 3.676470 0.000000 5.637255
v 3.676470 0.000000 5.147059
v 3.676470 0.000000 4.656863
v 3.676470 0.000000 4.166667
v 3.676470 0.000000 3.676471
v 3.676470 0.000000 3.186275
v 3.676470 0.000000 2.696079
v 3.676470 0.000000 2.205883
v 3.676470 0.000000 1.715687
v 3.676470 0.000000 1.225491
v 3.676470 0.000000 0.735295
v 3.676470 0.000000 0.245099
v 3.676470 0.000000 -0.245098
v 3.676470 0.000000 -0.735294
v 3.676470 0.000000 -1.225490
v 3.676470 0.000000 -1.715686
v 3.676470 0.000000 -2.205882
v 3.676470 0.000000 -2.696078
v 3.676470 0.000000 -3.186274
v 3.676470 0.000000 -3.676470
v 3.676470 0.000000 -4.166666
v 3.676470 0.000000 -4.656862
v 3.676470 0.000000 -5.147058
v 3.676470 0.000000 -5.637254
v 3.676470 0.000000 -6.127450
v 3.676470 0.000000 -6.617647
v 3.676470 0.000000 -7.107843
v 3.676470 0.000000 -7.598039
v 3.676470 0.000000 -8.088235
v 3.676470 0.000000 -8.578431
v 3.676470 0.000000 -9.068627
v 3.676470 0.000000 -9.558823
v 3.676470 0.000000 -10.049019
v 3.676470 0.000000 -10.539215
v 3.676470 0.000000 -11.029411
v 3.676471 0.000000 -11.519608
v 3.676471 0.000000 -12.009804
v 4.166666 0.000000 12.009804
v 4.166666 0.000000 11.519608
v 4.166666 0.000000 11.029412
v 4.166666 0.000000 10.539216
v 4.166666 0.000000 10.049020
v 4.166666 0.000000 9.558824
v 4.166666 0.000000 9.068627
v 4.166666 0.000000 8.578432
v 4.166666 0.000000 8.088236
v 4.166666 0.000000 7.598040
v 4.166666 0.000000 7.107843
v 4.166666 0.000000 6.617647
v 4.166666 0.000000 6.127451
v 4.166666 0.000000 5.637255
v 4.166666 0.000000 5.147059
v 4.166666 0.000000 4.656863
v 4.166666 0.000000 4.166667
v 4.166666 0.000000 3.676471
v 4.166666 0.000000 3.186275
v 4.166666 0.000000 2.696079
v 4.166666 0.000000 2.205883
v 4.166666 0.000000 1.715687
v 4.166666 0.000000 1.225491
v 4.166666 0.000000 0.735295
v 4.166666 0.000000 0.245099
v 4.166666 0.000000 -0.245098
v 4.166666 0.000000 -0.735294
v 4.166666 0.000000 -1.225490
v 4.166666 0.000000 -1.715686
v 4.166666 0.000000 -2.205882
v 4.166666 0.000000 -2.696078
v 4.166666 0.000000 -3.186274
v 4.166666 0.000000 -3.676470
v 4.166666 0.000000 -4.166666
v 4.166666 0.000000 -4.656862
v 4.166666 0.000000 -5.147058
v 4.166666 0.000000 -5.637254
v 4.166666 0.000000 -6.127450
v 4.166666 0.000000 -6.617647
v 4.166666 0.000000 -7.107843
v 4.166666 0.000000 -7.598039
v 4.166666 0.000000 -8.088235
v 4.166666 0.000000 -8.578431
v 4.166666 0.000000 -9.068627
v 4.166666 0.000000 -9.558823
v 4.166667 0.000000 -10.049019
v 4.166667 0.000000 -10.539215
v 4.166667 0.000000 -11.029411
v 4.166667 0.000000 -11.519608
v 4.166667 0.000000 -12.009804
v 4.656862 0.000000 12.009804
v 4.656862 0.000000 11.519608
v 4.656862 0.000000 11.029412
v 4.656862 0.000000 10.539216
v 4.656862 0.000000 10.049020
v 4.656862 0.000000 9.558824
v 4.656862 0.000000 9.068627
v 4.656862 0.000000 8.578432
v 4.656862 0.000000 8.088236
v 4.656862 0.000000 7.598040
v 4.656862 0.000000 7.107843
v 4.656862 0.000000 6.617647
v 4.656862 0.000000 6.127451
v 4.656862 0.000000 5.637255
v 4.656862 0.000000 5.147059
v 4.656862 0.000000 4.656863
v 4.656862 0.000000 4.166667
v 4.656862 0.000000 3.676471
v 4.656862 0.000000 3.186275
v 4.656862 0.000000 2.696079
v 4.656862 0.000000 2.205883
v 4.656862 0.000000 1.715687
v 4.656862 0.000000 1.225491
v 4.656862 0.000000 0.735295
v 4.656862 0.000000 0.245099
v 4.656862 0.000000 -0.245098
v 4.656862 0.000000 -0.735294
v 4.656862 0.000000 -1.225490
v 4.656862 0.000000 -1.715686
v 4.656862 0.000000 -2.205882
v 4.656862 0.000000 -2.696078
v 4.656862 0.000000 -3.186274
v 4.656862 0.000000 -3.676470
v 4.656862 0.000000 -4.166666
v 4.656862 0.000000 -4.656862
v 4.656862 0.000000 -5.147058
v 4.656862 0.000000 -5.637254
v 4.656862 0.000000 -6.127450
v 4.656862 0.000000 -6.617647
v 4.656862 0.000000 -7.107843
v 4.656862 0.000000 -7.598039
v 4.656862 0.000000 -8.088235
v 4.656862 0.000000 -8.578431
v 4.656862 0.000000 -9.068627
v 4.656862 0.000000 -9.558823
v 4.656862 0.000000 -10.049019
v 4.656862 0.000000 -10.539215
v 4.656862 0.000000 -11.029411
v 4.656863 0.000000 -11.519608
v 4.656863 0.000000 -12.009804
v 5.147058 0.000000 12.009804
v 5.147058 0.000000 11.519608
v 5.147058 0.000000 11.029412
v 5.147058 0.000000 10.539216
v 5.147058 0.000000 10.049020
v 5.147058 0.000000 9.558824
v 5.147058 0.000000 9.068627
v 5.147058 0.000000 8.578432
v 5.147058 0.000000 8.088236
v 5.147058 0.000000 7.598040
v 5.147058 0.000000 7.107843
v 5.147058 0.000000 6.617647
v 5.147058 0.000000 6.127451
v 5.147058 0.000000 5.637255
v 5.147058 0.000000 5.147059
v 5.147058 0.000000 4.656863
v 5.147058 0.000000 4.166667
v 5.147058 0.000000 3.676471
v 5.147058 0.000000 3.186275
v 5.147058 0.000000 2.696079
v 5.147058 0.000000 2.205883
v 5.147058 0.000000 1.715687
v 5.147058 0.000000 1.225491
v 5.147058 0.000000 0.735295
v 5.147058 0.000000 0.245099
v 5.147058 0.000000 -0.245098
v 5.147058 0.000000 -0.735294
v 5.147058 0.000000 -1.225490
v 5.147058 0.000000 -1.715686
v 5.147058 0.000000 -2.205882
v 5.147058 0.000000 -2.696078
v 5.147058 0.000000 -3.186274
v 5.147058 0.000000 -3.676470
v 5.147058 0.000000 -4.166666
v 5.147058 0.000000 -4.656862
v 5.147058 0.000000 -5.147058
v 5.147058 0.000000 -5.637254
v 5.147058 0.000000 -6.127450
v 5.147058 0.000000 -6.617647
v 5.147058 0.000000 -7.107843
v 5.147058 0.000000 -7.598039
v 5.147058 0.000000 -8.088235
v 5.147058 0.000000 -8.578431
v 5.147058 0.000000 -9.068627
v 5.147058 0.000000 -9.558823
v 5.147058 0.000000 -10.049019
v 5.147058 0.000000 -10.539215
v 5.147058 0.000000 -11.029411
v 5.147059 0.000000 -11.519608
v 5.147059 0.000000 -12.009804
v 5.637254 0.000000 12.009804
v 5.637254 0.000000 11.519608
v 5.637254 0.000000 11.029412
v 5.637254 0.000000 10.539216
v 5.637254 0.000000 10.049020
v 5.637254 0.000000 9.558824
v 5.637254 0.000000 9.068627
v 5.637254 0.000000 8.578432
v 5.637254 0.000000 8.088236
v 5.637254 0.000000 7.598040
v 5.637254 0.000000 7.107843
v 5.637254 0.000000 6.617647
v 5.637254 0.000000 6.127451
v 5.637254 0.000000 5.637255
v 5.637254 0.000000 5.147059
v 5.637254 0.000000 4.656863
v 5.637254 0.000000 4.166667
v 5.637254 0.000000 3.676471
v 5.637254 0.000000 3.186275
v 5.637254 0.000000 2.696079
v 5.637254 0.000000 2.205883
v 5.637254 0.000000 1.715687
v 5.637254 0.000000 1.225491
v 5.637254 0.000000 0.735295
v 5.637254 0.000000 0.245099
v 5.637254 0.000000 -0.245098
v 5.637254 0.000000 -0.735294
v 5.637254 0.000000 -1.225490
v 5.637254 0.000000 -1.715686
v 5.637254 0.000000 -2.205882
v 5.637254 0.000000 -2.696078
v 5.637254 0.000000 -3.186274
v 5.637254 0.000000 -3.676470
v 5.637254 0.000000 -4.166666
v 5.637254 0.000000 -4.656862
v 5.637254 0.000000 -5.147058
v 5.637254 0.000000 -5.637254
v 5.637254 0.000000 -6.127450
v 5.637254 0.000000 -6.617647
v 5.637254 0.000000 -7.107843
v 5.637254 0.000000 -7.598039
v 5.637254 0.000000 -8.088235
v 5.637254 0.000000 -8.578431
v 5.637254 0.000000 -9.068627
v 5.637254 0.000000 -9.558823
v 5.637255 0.000000 -10.049019
v 5.637255 0.000000 -10.539215
v 5.637255 0.000000 -11.029411
v 5.637255 0.000000 -11.519608
v 5.637255 0.000000 -12.009804
v 6.127450 0.000000 12.009804
v 6.127450 0.000000 11.519608
v 6.127450 0.000000 11.029412
v 6.127450 0.000000 10.539216
v 6.127450 0.000000 10.049020
v 6.127450 0.000000 9.558824
v 6.127450 0.000000 9.068627
v 6.127450 0.000000 8.578432
v 6.127450 0.000000 8.088236
v 6.127450 0.000000 7.598040
v 6.127450 0.000000 7.107843
v 6.127450 0.000000 6.617647
v 6.127450 0.000000 6.127451
v 6.127450 0.000000 5.637255
v 6.127450 0.000000 5.147059
v 6.127450 0.000000 4.656863
v 6.127450 0.000000 4.166667
v 6.127450 0.000000 3.676471
v 6.127450 0.000000 3.186275
v 6.127450 0.000000 2.696079
v 6.127450 0.000000 2.205883
v 6.127450 0.000000 1.715687
v 6.127450 0.000000 1.225491
v 6.127450 0.000000 0.735295
v 6.127450 0.000000 0.245099
v 6.127450 0.000000 -0.245098
v 6.127450 0.000000 -0.735294
v 6.127450 0.000000 -1.225490
v 6.127450 0.000000 -1.715686
v 6.127450 0.000000 -2.205882
v 6.127450 0.000000 -2.696078
v 6.127450 0.000000 -3.186274
v 6.127450 0.000000 -3.676470
v 6.127450 0.000000 -4.166666
v 6.127450 0.000000 -4.656862
v 6.127450 0.000000 -5.147058
v 6.127450 0.000000 -5.637254
v 6.127450 0.000000 -6.127450
v 6.127450 0.000000 -6.617647
v 6.127450 0.000000 -7.107843
v 6.127450 0.000000 -7.598039
v 6.127450 0.000000 -8.088235
v 6.127450 0.000000 -8.578431
v 6.127450 0.000000 -9.068627
v 6.127450 0.000000 -9.558823
v 6.127450 0.000000 -10.049019
v 6.127450 0.000000 -10.539215
v 6.127450 0.000000 -11.029411
v 6.127451 0.000000 -11.519608
v 6.127451 0.000000 -12.009804
v 6.617647 0.000000 12.009804
v 6.617647 0.000000 11.519608
v 6.617647 0.000000 11.029412
v 6.617647 0.000000 10.539216
v 6.617647 0.000000 10.049020
v 6.617647 0.000000 9.558824
v 6.617647 0.000000 9.068627
v 6.617647 0.000000 8.578432
v 6.617647 0.000000 8.088236
v 6.617647 0.000000 7.598040
v 6.617647 0.000000 7.107843
v 6.617647 0.000000 6.617647
v 6.617647 0.000000 6.127451
v 6.617647 0.000000 5.637255
v 6.617647 0.000000 5.147059
v 6.617647 0.000000 4.656863
v 6.617647 0.000000 4.166667
v 6.617647 0.000000 3.676471
v 6.617647 0.000000 3.186275
v 6.617647 0.000000 2.696079
v 6.617647 0.000000 2.205883
v 6.617647 0.000000 1.715687
v 6.617647 0.000000 1.225491
v 6.617647 0.000000 0.735295
v 6.617647 0.000000 0.245099
v 6.617647 0.000000 -0.245098
v 6.617647 0.000000 -0.735294
v 6.617647 0.000000 -1.225490
v 6.617647 0.000000 -1.715686
v 6.617647 0.000000 -2.205882
v 6.617647 0.000000 -2.696078
v 6.617647 0.000000 -3.186274
v 6.617647 0.000000 -3.676470
v 6.617647 0.000000 -4.166666
v 6.617647 0.000000 -4.656862
v 6.617647 0.000000 -5.147058
v 6.617647 0.000000 -5.637254
v 6.617647 0.000000 -6.127450
v 6.617647 0.000000 -6.617647
v 6.617647 0.000000 -7.107843
v 6.617647 0.000000 -7.598039
v 6.617647 0.000000 -8.088235
v 6.617647 0.000000 -8.578431
v 6.617647 0.000000 -9.068627
v 6.617647 0.000000 -9.558823
v 6.617647 0.000000 -10.049019
v 6.617647 0.000000 -10.539215
v 6.617647 0.000000 -11.029411
v 6.617647 0.000000 -11.519608
v 6.617647 0.000000 -12.009804
v 7.107843 0.000000 12.009804
v 7.107843 0.000000 11.519608
v 7.107843 0.000000 11.029412
v 7.107843 0.000000 10.539216
v 7.107843 0.000000 10.049020
v 7.107843 0.000000 9.558824
v 7.107843 0.000000 9.068627
v 7.107843 0.000000 8.578432
v 7.107843 0.000000 8.088236
v 7.107843 0.000000 7.598040
v 7.107843 0.000000 7.107843
v 7.107843 0.000000 6.617647
v 7.107843 0.000000 6.127451
v 7.107843 0.000000 5.637255
v 7.107843 0.000000 5.147059
v 7.107843 0.000000 4.656863
v 7.107843 0.000000 4.166667
v 7.107843 0.000000 3.676471
v 7.107843 0.000000 3.186275
v 7.107843 0.000000 2.696079
v 7.107843 0.000000 2.205883
v 7.107843 0.000000 1.715687
v 7.107843 0.000000 1.225491
v 7.107843 0.000000 0.735295
v 7.107843 0.000000 0.245099
v 7.107843 0.000000 -0.245098
v 7.107843 0.000000 -0.735294
v 7.107843 0.000000 -1.225490
v 7.107843 0.000000 -1.715686
v 7.107843 0.000000 -2.205882
v 7.107843 0.000000 -2.696078
v 7.107843 0.000000 -3.186274
v 7.107843 0.000000 -3.676470
v 7.107843 0.000000 -4.166666
v 7.107843 0.000000 -4.656862
v 7.107843 0.000000 -5.147058
v 7.107843 0.000000 -5.637254
v 7.107843 0.000000 -6.127450
v 7.107843 0.000000 -6.617647
v 7.107843 0.000000 -7.107843
v 7.107843 0.000000 -7.598039
v 7.107843 0.000000 -8.088235
v 7.107843 0.000000 -8.578431
v 7.107843 0.000000 -9.068627
v 7.107843 0.000000 -9.558823
v 7.107843 0.000000 -10.049019
v 7.107843 0.000000 -10.539215
v 7.107843 0.000000 -11.029411
v 7.107843 0.000000 -11.519608
v 7.107843 0.000000 -12.009804
v 7.598039 0.000000 12.009804
v 7.598039 0.000000 11.519608
v 7.598039 0.000000 11.029412
v 7.598039 0.000000 10.539216
v 7.598039 0.000000 10.049020
v 7.598039 0.000000 9.558824
v 7.598039 0.000000 9.068627
v 7.598039 0.000000 8.578432
v 7.598039 0.000000 8.088236
v 7.598039 0.000000 7.598040
v 7.598039 0.000000 7.107843
v 7.598039 0.000000 6.617647
v 7.598039 0.000000 6.127451
v 7.598039 0.000000 5.637255
v 7.598039 0.000000 5.147059
v 7.598039 0.000000 4.656863
v 7.598039 0.000000 4.166667
v 7.598039 0.000000 3.676471
v 7.598039 0.000000 3.186275
v 7.598039 0.000000 2.696079
v 7.598039 0.000000 2.205883
v 7.598039 0.000000 1.715687
v 7.598039 0.000000 1.225491
v 7.598039 0.000000 0.735295
v 7.598039 0.000000 0.245099
v 7.598039 0.000000 -0.245098
v 7.598039 0.000000 -0.735294
v 7.598039 0.000000 -1.225490
v 7.598039 0.000000 -1.715686
v 7.598039 0.000000 -2.205882
v 7.598039 0.000000 -2.696078
v 7.598039 0.000000 -3.186274
v 7.598039 0.000000 -3.676470
v 7.598039 0.000000 -4.166666
v 7.598039 0.000000 -4.656862
v 7.598039 0.000000 -5.147058
v 7.598039 0.000000 -5.637254
v 7.598039 0.000000 -6.127450
v 7.598039 0.000000 -6.617647
v 7.598039 0.000000 -7.107843
v 7.598039 0.000000 -7.598039
v 7.598039 0.000000 -8.088235
v 7.598039 0.000000 -8.578431
v 7.598039 0.000000 -9.068627
v 7.598039 0.000000 -9.558823
v 7.598039 0.000000 -10.049019
v 7.598039 0.000000 -10.539215
v 7.598039 0.000000 -11.029411
v 7.598039 0.000000 -11.519608
v 7.598040 0.000000 -12.009804
v 8.088235 0.000000 12.009804
v 8.088235 0.000000 11.519608
v 8.088235 0.000000 11.029412
v 8.088235 0.000000 10.539216
v 8.088235 0.000000 10.049020
v 8.088235 0.000000 9.558824
v 8.088235 0.000000 9.068627
v 8.088235 0.000000 8.578432
v 8.088235 0.000000 8.088236
v 8.088235 0.000000 7.598040
v 8.088235 0.000000 7.107843
v 8.088235 0.000000 6.617647
v 8.088235 0.000000 6.127451
v 8.088235 0.000000 5.637255
v 8.088235 0.000000 5.147059
v 8.088235 0.000000 4.656863
v 8.088235 0.000000 4.166667
v 8.088235 0.000000 3.676471
v 8.088235 0.000000 3.186275
v 8.088235 0.000000 2.696079
v 8.088235 0.000000 2.205883
v 8.088235 0.000000 1.715687
v 8.088235 0.000000 1.225491
v 8.088235 0.000000 0.735295
v 8.088235 0.000000 0.245099
v 8.088235 0.000000 -0.245098
v 8.088235 0.000000 -0.735294
v 8.088235 0.000000 -1.225490
v 8.088235 0.000000 -1.715686
v 8.088235 0.000000 -2.205882
v 8.088235 0.000000 -2.696078
v 8.088235 0.000000 -3.186274
v 8.088235 0.000000 -3.676470
v 8.088235 0.000000 -4.166666
v 8.088235 0.000000 -4.656862
v 8.088235 0.000000 -5.147058
v 8.088235 0.000000 -5.637254
v 8.088235 0.000000 -6.127450
v 8.088235 0.000000 -6.617647
v 8.088235 0.000000 -7.107843
v 8.088235 0.000000 -7.598039
v 8.088235 0.000000 -8.088235
v 8.088235 0.000000 -8.578431
v 8.088235 0.000000 -9.068627
v 8.088235 0.000000 -9.558823
v 8.088235 0.000000 -10.049019
v 8.088235 0.000000 -10.539215
v 8.088235 0.000000 -11.029411
v 8.088235 0.000000 -11.519608
v 8.088236 0.000000 -12.009804
v 8.578431 0.000000 12.009804
v 8.578431 0.000000 11.519608
v 8.578431 0.000000 11.029412
v 8.578431 0.000000 10.539216
v 8.578431 0.000000 10.049020
v 8.578431 0.000000 9.558824
v 8.578431 0.000000 9.068627
v 8.578431 0.000000 8.578432
v 8.578431 0.000000 8.088236
v 8.578431 0.000000 7.598040
v 8.578431 0.000000 7.107843
v 8.578431 0.000000 6.617647
v 8.578431 0.000000 6.127451
v 8.578431 0.000000 5.637255
v 8.578431 0.000000 5.147059
v 8.578431 0.000000 4.656863
v 8.578431 0.000000 4.166667
v 8.578431 0.000000 3.676471
v 8.578431 0.000000 3.186275
v 8.578431 0.000000 2.696079
v 8.578431 0.000000 2.205883
v 8.578431 0.000000 1.715687
v 8.578431 0.000000 1.225491
v 8.578431 0.000000 0.735295
v 8.578431 0.000000 0.245099
v 8.578431 0.000000 -0.245098
v 8.578431 0.000000 -0.735294
v 8.578431 0.000000 -1.225490
v 8.578431 0.000000 -1.715686
v 8.578431 0.000000 -2.205882
v 8.578431 0.000000 -2.696078
v 8.578431 0.000000 -3.186274
v 8.578431 0.000000 -3.676470
v 8.578431 0.000000 -4.166666
v 8.578431 0.000000 -4.656862
v 8.578431 0.000000 -5.147058
v 8.578431 0.000000 -5.637254
v 8.578431 0.000000 -6.127450
v 8.578431 0.000000 -6.617647
v 8.578431 0.000000 -7.107843
v 8.578431 0.000000 -7.598039
v 8.578431 0.000000 -8.088235
v 8.578431 0.000000 -8.578431
v 8.578431 0.000000 -9.068627
v 8.578431 0.000000 -9.558823
v 8.578431 0.000000 -10.049019
v 8.578431 0.000000 -10.539215
v 8.578431 0.000000 -11.029411
v 8.578431 0.000000 -11.519608
v 8.578432 0.000000 -12.009804
v 9.068627 0.000000 12.009804
v 9.068627 0.000000 11.519608
v 9.068627 0.000000 11.029412
v 9.068627 0.000000 10.539216
v 9.068627 0.000000 10.049020
v 9.068627 0.000000 9.558824
v 9.068627 0.000000 9.068627
v 9.068627 0.000000 8.578432
v 9.068627 0.000000 8.088236
v 9.068627 0.000000 7.598040
v 9.068627 0.000000 7.107843
v 9.068627 0.000000 6.617647
v 9.068627 0.000000 6.127451
v 9.068627 0.000000 5.637255
v 9.068627 0.000000 5.147059
v 9.068627 0.000000 4.656863
v 9.068627 0.000000 4.166667
v 9.068627 0.000000 3.676471
v 9.068627 0.000000 3.186275
v 9.068627 0.000000 2.696079
v 9.068627 0.000000 2.205883
v 9.068627 0.000000 1.715687
v 9.068627 0.000000 1.225491
v 9.068627 0.000000 0.735295
v 9.068627 0.000000 0.245099
v 9.068627 0.000000 -0.245098
v 9.068627 0.000000 -0.735294
v 9.068627 0.000000 -1.225490
v 9.068627 0.000000 -1.715686
v 9.068627 0.000000 -2.205882
v 9.068627 0.000000 -2.696078
v 9.068627 0.000000 -3.186274
v 9.068627 0.000000 -3.676470
v 9.068627 0.000000 -4.166666
v 9.068627 0.000000 -4.656862
v 9.068627 0.000000 -5.147058
v 9.068627 0.000000 -5.637254
v 9.068627 0.000000 -6.127450
v 9.068627 0.000000 -6.617647
v 9.068627 0.000000 -7.107843
v 9.068627 0.000000 -7.598039
v 9.068627 0.000000 -8.088235
v 9.068627 0.000000 -8.578431
v 9.068627 0.000000 -9.068627
v 9.068627 0.000000 -9.558823
v 9.068627 0.000000 -10.049019
v 9.068627 0.000000 -10.539215
v 9.068627 0.000000 -11.029411
v 9.068627 0.000000 -11.519608
v 9.068627 0.000000 -12.009804
v 9.558823 0.000000 12.009804
v 9.558823 0.000000 11.519608
v 9.558823 0.000000 11.029412
v 9.558823 0.000000 10.539216
v 9.558823 0.000000 10.049020
v 9.558823 0.000000 9.558824
v 9.558823 0.000000 9.068627
v 9.558823 0.000000 8.578432
v 9.558823 0.000000 8.088236
v 9.558823 0.000000 7.598040
v 9.558823 0.000000 7.107843
v 9.558823 0.000000 6.617647
v 9.558823 0.000000 6.127451
v 9.558823 0.000000 5.637255
v 9.558823 0.000000 5.147059
v 9.558823 0.000000 4.656863
v 9.558823 0.000000 4.166667
v 9.558823 0.000000 3.676471
v 9.558823 0.000000 3.186275
v 9.558823 0.000000 2.696079
v 9.558823 0.000000 2.205883
v 9.558823 0.000000 1.715687
v 9.558823 0.000000 1.225491
v 9.558823 0.000000 0.735295
v 9.558823 0.000000 0.245099
v 9.558823 0.000000 -0.245098
v 9.558823 0.000000 -0.735294
v 9.558823 0.000000 -1.225490
v 9.558823 0.000000 -1.715686
v 9.558823 0.000000 -2.205882
v 9.558823 0.000000 -2.696078
v 9.558823 0.000000 -3.186274
v 9.558823 0.000000 -3.676470
v 9.558823 0.000000 -4.166666
v 9.558823 0.000000 -4.656862
v 9.558823 0.000000 -5.147058
v 9.558823 0.000000 -5.637254
v 9.558823 0.000000 -6.127450
v 9.558823 0.000000 -6.617647
v 9.558823 0.000000 -7.107843
v 9.558823 0.000000 -7.598039
v 9.558823 0.000000 -8.088235
v 9.558823 0.000000 -8.578431
v 9.558823 0.000000 -9.068627
v 9.558823 0.000000 -9.558823
v 9.558823 0.000000 -10.049019
v 9.558823 0.000000 -10.539215
v 9.558823 0.000000 -11.029411
v 9.558823 0.000000 -11.519608
v 9.558824 0.000000 -12.009804
v 10.049019 0.000000 12.009804
v 10.049019 0.000000 11.519608
v 10.049019 0.000000 11.029412
v 10.049019 0.000000 10.539216
v 10.049019 0.000000 10.049020
v 10.049019 0.000000 9.558824
v 10.049019 0.000000 9.068627
v 10.049019 0.000000 8.578432
v 10.049019 0.000000 8.088236
v 10.049019 0.000000 7.598040
v 10.049019 0.000000 7.107843
v 10.049019 0.000000 6.617647
v 10.049019 0.000000 6.127451
v 10.049019 0.000000 5.637255
v 10.049019 0.000000 5.147059
v 10.049019 0.000000 4.656863
v 10.049019 0.000000 4.166667
v 10.049019 0.000000 3.676471
v 10.049019 0.000000 3.186275
v 10.049019 0.000000 2.696079
v 10.049019 0.000000 2.205883
v 10.049019 0.000000 1.715687
v 10.049019 0.000000 1.225491
v 10.049019 0.000000 0.735295
v 10.049019 0.000000 0.245099
v 10.049019 0.000000 -0.245098
v 10.049019 0.000000 -0.735294
v 10.049019 0.000000 -1.225490
v 10.049019 0.000000 -1.715686
v 10.049019 0.000000 -2.205882
v 10.049019 0.000000 -2.696078
v 10.049019 0.000000 -3.186274
v 10.049019 0.000000 -3.676470
v 10.049019 0.000000 -4.166666
v 10.049019 0.000000 -4.656862
v 10.049019 0.000000 -5.147058
v 10.049019 0.000000 -5.637254
v 10.049019 0.000000 -6.127450
v 10.049019 0.000000 -6.617647
v 10.049019 0.000000 -7.107843
v 10.049019 0.000000 -7.598039
v 10.049019 0.000000 -8.088235
v 10.049019 0.000000 -8.578431
v 10.049019 0.000000 -9.068627
v 10.049019 0.000000 -9.558823
v 10.049019 0.000000 -10.049019
v 10.049019 0.000000 -10.539215
v 10.049019 0.000000 -11.029411
v 10.049019 0.000000 -11.519608
v 10.049020 0.000000 -12.009804
v 10.539215 0.000000 12.009804
v 10.539215 0.000000 11.519608
v 10.539215 0.000000 11.029412
v 10.539215 0.000000 10.539216
v 10.539215 0.000000 10.049020
v 10.539215 0.000000 9.558824
v 10.539215 0.000000 9.068627
v 10.539215 0.000000 8.578432
v 10.539215 0.000000 8.088236
v 10.539215 0.000000 7.598040
v 10.539215 0.000000 7.107843
v 10.539215 0.000000 6.617647
v 10.539215 0.000000 6.127451
v 10.539215 0.000000 5.637255
v 10.539215 0.000000 5.147059
v 10.539215 0.000000 4.656863
v 10.539215 0.000000 4.166667
v 10.539215 0.000000 3.676471
v 10.539215 0.000000 3.186275
v 10.539215 0.000000 2.696079
v 10.539215 0.000000 2.205883
v 10.539215 0.000000 1.715687
v 10.539215 0.000000 1.225491
v 10.539215 0.000000 0.735295
v 10.539215 0.000000 0.245099
v 10.539215 0.000000 -0.245098
v 10.539215 0.000000 -0.735294
v 10.539215 0.000000 -1.225490
v 10.539215 0.000000 -1.715686
v 10.539215 0.000000 -2.205882
v 10.539215 0.000000 -2.696078
v 10.539215 0.000000 -3.186274
v 10.539215 0.000000 -3.676470
v 10.539215 0.000000 -4.166666
v 10.539215 0.000000 -4.656862
v 10.539215 0.000000 -5.147058
v 10.539215 0.000000 -5.637254
v 10.539215 0.000000 -6.127450
v 10.539215 0.000000 -6.617647
v 10.539215 0.000000 -7.107843
v 10.539215 0.000000 -7.598039
v 10.539215 0.000000 -8.088235
v 10.539215 0.000000 -8.578431
v 10.539215 0.000000 -9.068627
v 10.539215 0.000000 -9.558823
v 10.539215 0.000000 -10.049019
v 10.539215 0.000000 -10.539215
v 10.539215 0.000000 -11.029411
v 10.539215 0.000000 -11.519608
v 10.539216 0.000000 -12.009804
v 11.029411 0.000000 12.009804
v 11.029411 0.000000 11.519608
v 11.029411 0.000000 11.029412
v 11.029411 0.000000 10.539216
v 11.029411 0.000000 10.049020
v 11.029411 0.000000 9.558824
v 11.029411 0.000000 9.068627
v 11.029411 0.000000 8.578432
v 11.029411 0.000000 8.088236
v 11.029411 0.000000 7.598040
v 11.029411 0.000000 7.107843
v 11.029411 0.000000 6.617647
v 11.029411 0.000000 6.127451
v 11.029411 0.000000 5.637255
v 11.029411 0.000000 5.147059
v 11.029411 0.000000 4.656863
v 11.029411 0.000000 4.166667
v 11.029411 0.000000 3.676471
v 11.029411 0.000000 3.186275
v 11.029411 0.000000 2.696079
v 11.029411 0.000000 2.205883
v 11.029411 0.000000 1.715687
v 11.029411 0.000000 1.225491
v 11.029411 0.000000 0.735295
v 11.029411 0.000000 0.245099
v 11.029411 0.000000 -0.245098
v 11.029411 0.000000 -0.735294
v 11.029411 0.000000 -1.225490
v 11.029411 0.000000 -1.715686
v 11.029411 0.000000 -2.205882
v 11.029411 0.000000 -2.696078
v 11.029411 0.000000 -3.186274
v 11.029411 0.000000 -3.676470
v 11.029411 0.000000 -4.166666
v 11.029411 0.000000 -4.656862
v 11.029411 0.000000 -5.147058
v 11.029411 0.000000 -5.637254
v 11.029411 0.000000 -6.127450
v 11.029411 0.000000 -6.617647
v 11.029411 0.000000 -7.107843
v 11.029411 0.000000 -7.598039
v 11.029411 0.000000 -8.088235
v 11.029411 0.000000 -8.578431
v 11.029411 0.000000 -9.068627
v 11.029411 0.000000 -9.558823
v 11.029411 0.000000 -10.049019
v 11.029411 0.000000 -10.539215
v 11.029411 0.000000 -11.029411
v 11.029411 0.000000 -11.519608
v 11.029412 0.000000 -12.009804
v 11.519608 0.000000 12.009804
v 11.519608 0.000000 11.519608
v 11.519608 0.000000 11.029412
v 11.519608 0.000000 10.539216
v 11.519608 0.000000 10.049020
v 11.519608 0.000000 9.558824
v 11.519608 0.000000 9.068627
v 11.519608 0.000000 8.578432
v 11.519608 0.000000 8.088236
v 11.519608 0.000000 7.598040
v 11.519608 0.000000 7.107843
v 11.519608 0.000000 6.617647
v 11.519608 0.000000 6.127451
v 11.519608 0.000000 5.637255
v 11.519608 0.000000 5.147059
v 11.519608 0.000000 4.656863
v 11.519608 0.000000 4.166667
v 11.519608 0.000000 3.676471
v 11.519608 0.000000 3.186275
v 11.519608 0.000000 2.696079
v 11.519608 0.000000 2.205883
v 11.519608 0.000000 1.715687
v 11.519608 0.000000 1.225491
v 11.519608 0.000000 0.735295
v 11.519608 0.000000 0.245099
v 11.519608 0.000000 -0.245098
v 11.519608 0.000000 -0.735294
v 11.519608 0.000000 -1.225490
v 11.519608 0.000000 -1.715686
v 11.519608 0.000000 -2.205882
v 11.519608 0.000000 -2.696078
v 11.519608 0.000000 -3.186274
v 11.519608 0.000000 -3.676470
v 11.519608 0.000000 -4.166666
v 11.519608 0.000000 -4.656862
v 11.519608 0.000000 -5.147058
v 11.519608 0.000000 -5.637254
v 11.519608 0.000000 -6.127450
v 11.519608 0.000000 -6.617647
v 11.519608 0.000000 -7.107843
v 11.519608 0.000000 -7.598039
v 11.519608 0.000000 -8.088235
v 11.519608 0.000000 -8.578431
v 11.519608 0.000000 -9.068627
v 11.519608 0.000000 -9.558823
v 11.519608 0.000000 -10.049019
v 11.519608 0.000000 -10.539215
v 11.519608 0.000000 -11.029411
v 11.519608 0.000000 -11.519608
v 11.519608 0.000000 -12.009804
v 12.009804 0.000000 12.009804
v 12.009804 0.000000 11.519608
v 12.009804 0.000000 11.029412
v 12.009804 0.000000 10.539216
v 12.009804 0.000000 10.049020
v 12.009804 0.000000 9.558824
v 12.009804 0.000000 9.068627
v 12.009804 0.000000 8.578432
v 12.009804 0.000000 8.088236
v 12.009804 0.000000 7.598040
v 12.009804 0.000000 7.107843
v 12.009804 0.000000 6.617647
v 12.009804 0.000000 6.127451
v 12.009804 0.000000 5.637255
v 12.009804 0.000000 5.147059
v 12.009804 0.000000 4.656863
v 12.009804 0.000000 4.166667
v 12.009804 0.000000 3.676471
v 12.009804 0.000000 3.186275
v 12.009804 0.000000 2.696079
v 12.009804 0.000000 2.205883
v 12.009804 0.000000 1.715687
v 12.009804 0.000000 1.225491
v 12.009804 0.000000 0.735295
v 12.009804 0.000000 0.245099
v 12.009804 0.000000 -0.245098
v 12.009804 0.000000 -0.735294
v 12.009804 0.000000 -1.225490
v 12.009804 0.000000 -1.715686
v 12.009804 0.000000 -2.205882
v 12.009804 0.000000 -2.696078
v 12.009804 0.000000 -3.186274
v 12.009804 0.000000 -3.676470
v 12.009804 0.000000 -4.166666
v 12.009804 0.000000 -4.656862
v 12.009804 0.000000 -5.147058
v 12.009804 0.000000 -5.637254
v 12.009804 0.000000 -6.127450
v 12.009804 0.000000 -6.617647
v 12.009804 0.000000 -7.107843
v 12.009804 0.000000 -7.598039
v 12.009804 0.000000 -8.088235
v 12.009804 0.000000 -8.578431
v 12.009804 0.000000 -9.068627
v 12.009804 0.000000 -9.558823
v 12.009804 0.000000 -10.049019
v 12.009804 0.000000 -10.539215
v 12.009804 0.000000 -11.029411
v 12.009804 0.000000 -11.519608
v 12.009804 0.000000 -12.009804
v -12.500000 0.999999 12.009804
v -12.500000 0.999999 12.500000
v 12.009804 0.999999 12.500000
v 12.500000 0.999999 12.500000
v 12.500000 0.999999 -12.009804
v 12.500000 0.999999 -12.500000
v -12.009804 0.999999 -12.500000
v -12.500000 0.999999 -12.500000
v -12.500000 0.999999 -12.009804
v -12.500000 0.999999 -11.519608
v -12.500000 0.999999 -11.029412
v -12.500000 0.999999 -10.539216
v -12.500000 0.999999 -10.049020
v -12.500000 0.999999 -9.558824
v -12.500000 0.999999 -9.068627
v -12.500000 0.999999 -8.578432
v -12.500000 0.999999 -8.088236
v -12.500000 0.999999 -7.598040
v -12.500000 0.999999 -7.107843
v -12.500000 0.999999 -6.617647
v -12.500000 0.999999 -6.127451
v -12.500000 0.999999 -5.637255
v -12.500000 0.999999 -5.147059
v -12.500000 0.999999 -4.656863
v -12.500000 0.999999 -4.166667
v -12.500000 0.999999 -3.676471
v -12.500000 0.999999 -3.186275
v -12.500000 0.999999 -2.696079
v -12.500000 0.999999 -2.205883
v -12.500000 0.999999 -1.715687
v -12.500000 0.999999 -1.225491
v -12.500000 0.999999 -0.735295
v -12.500000 0.999999 -0.245099
v -12.500000 0.999999 0.245098
v -12.500000 0.999999 0.735294
v -12.500000 0.999999 1.225490
v -12.500000 0.999999 1.715686
v -12.500000 0.999999 2.205882
v -12.500000 0.999999 2.696078
v -12.500000 0.999999 3.186274
v -12.500000 0.999999 3.676470
v -12.500000 0.999999 4.166666
v -12.500000 0.999999 4.656862
v -12.500000 0.999999 5.147058
v -12.500000 0.999999 5.637254
v -12.500000 0.999999 6.127450
v -12.500000 0.999999 6.617647
v -12.500000 0.999999 7.107843
v -12.500000 0.999999 7.598039
v -12.500000 0.999999 8.088235
v -12.500000 0.999999 8.578431
v -12.500000 0.999999 9.068627
v -12.500000 0.999999 9.558823
v -12.500000 0.999999 10.049019
v -12.500000 0.999999 10.539215
v -12.500000 0.999999 11.029411
v -12.500000 0.999999 11.519608
v -12.009804 0.999999 12.500000
v -11.519608 0.999999 12.500000
v -11.029412 0.999999 12.500000
v -10.539216 0.999999 12.500000
v -10.049020 0.999999 12.500000
v -9.558824 0.999999 12.500000
v -9.068627 0.999999 12.500000
v -8.578432 0.999999 12.500000
v -8.088236 0.999999 12.500000
v -7.598040 0.999999 12.500000
v -7.107843 0.999999 12.500000
v -6.617647 0.999999 12.500000
v -6.127451 0.999999 12.500000
v -5.637255 0.999999 12.500000
v -5.147059 0.999999 12.500000
v -4.656863 0.999999 12.500000
v -4.166667 0.999999 12.500000
v -3.676471 0.999999 12.500000
v -3.186275 0.999999 12.500000
v -2.696079 0.999999 12.500000
v -2.205883 0.999999 12.500000
v -1.715687 0.999999 12.500000
v -1.225491 0.999999 12.500000
v -0.735295 0.999999 12.500000
v -0.245099 0.999999 12.500000
v 0.245098 0.999999 12.500000
v 0.735294 0.999999 12.500000
v 1.225490 0.999999 12.500000
v 1.715686 0.999999 12.500000
v 2.205882 0.999999 12.500000
v 2.696078 0.999999 12.500000
v 3.186274 0.999999 12.500000
v 3.676470 0.999999 12.500000
v 4.166666 0.999999 12.500000
v 4.656862 0.999999 12.500000
v 5.147058 0.999999 12.500000
v 5.637254 0.999999 12.500000
v 6.127450 0.999999 12.500000
v 6.617647 0.999999 12.500000
v 7.107843 0.999999 12.500000
v 7.598039 0.999999 12.500000
v 8.088235 0.999999 12.500000
v 8.578431 0.999999 12.500000
v 9.068627 0.999999 12.500000
v 9.558823 0.999999 12.500000
v 10.049019 0.999999 12.500000
v 10.539215 0.999999 12.500000
v 11.029411 0.999999 12.500000
v 11.519608 0.999999 12.500000
v 12.500000 0.999999 12.009804
v 12.500000 0.999999 11.519608
v 12.500000 0.999999 11.029412
v 12.500000 0.999999 10.539216
v 12.500000 0.999999 10.049020
v 12.500000 0.999999 9.558824
v 12.500000 0.999999 9.068627
v 12.500000 0.999999 8.578432
v 12.500000 0.999999 8.088236
v 12.500000 0.999999 7.598040
v 12.500000 0.999999 7.107843
v 12.500000 0.999999 6.617647
v 12.500000 0.999999 6.127451
v 12.500000 0.999999 5.637255
v 12.500000 0.999999 5.147059
v 12.500000 0.999999 4.656863
v 12.500000 0.999999 4.166667
v 12.500000 0.999999 3.676471
v 12.500000 0.999999 3.186275
v 12.500000 0.999999 2.696079
v 12.500000 0.999999 2.205883
v 12.500000 0.999999 1.715687
v 12.500000 0.999999 1.225491
v 12.500000 0.999999 0.735295
v 12.500000 0.999999 0.245099
v 12.500000 0.999999 -0.245098
v 12.500000 0.999999 -0.735294
v 12.500000 0.999999 -1.225490
v 12.500000 0.999999 -1.715686
v 12.500000 0.999999 -2.205882
v 12.500000 0.999999 -2.696078
v 12.500000 0.999999 -3.186274
v 12.500000 0.999999 -3.676470
v 12.500000 0.999999 -4.166666
v 12.500000 0.999999 -4.656862
v 12.500000 0.999999 -5.147058
v 12.500000 0.999999 -5.637254
v 12.500000 0.999999 -6.127450
v 12.500000 0.999999 -6.617647
v 12.500000 0.999999 -7.107843
v 12.500000 0.999999 -7.598039
v 12.500000 0.999999 -8.088235
v 12.500000 0.999999 -8.578431
v 12.500000 0.999999 -9.068627
v 12.500000 0.999999 -9.558823
v 12.500000 0.999999 -10.049019
v 12.500000 0.999999 -10.539215
v 12.500000 0.999999 -11.029411
v 12.500000 0.999999 -11.519608
v 12.009804 0.999999 -12.500000
v 11.519608 0.999999 -12.500000
v 11.029412 0.999999 -12.500000
v 10.539216 0.999999 -12.500000
v 10.049020 0.999999 -12.500000
v 9.558824 0.999999 -12.500000
v 9.068627 0.999999 -12.500000
v 8.578432 0.999999 -12.500000
v 8.088236 0.999999 -12.500000
v 7.598040 0.999999 -12.500000
v 7.107843 0.999999 -12.500000
v 6.617647 0.999999 -12.500000
v 6.127451 0.999999 -12.500000
v 5.637255 0.999999 -12.500000
v 5.147059 0.999999 -12.500000
v 4.656863 0.999999 -12.500000
v 4.166667 0.999999 -12.500000
v 3.676471 0.999999 -12.500000
v 3.186275 0.999999 -12.500000
v 2.696079 0.999999 -12.500000
v 2.205883 0.999999 -12.500000
v 1.715687 0.999999 -12.500000
v 1.225491 0.999999 -12.500000
v 0.735295 0.999999 -12.500000
v 0.245099 0.999999 -12.500000
v -0.245098 0.999999 -12.500000
v -0.735294 0.999999 -12.500000
v -1.225490 0.999999 -12.500000
v -1.715686 0.999999 -12.500000
v -2.205882 0.999999 -12.500000
v -2.696078 0.999999 -12.500000
v -3.186274 0.999999 -12.500000
v -3.676470 0.999999 -12.500000
v -4.166666 0.999999 -12.500000
v -4.656862 0.999999 -12.500000
v -5.147058 0.999999 -12.500000
v -5.637254 0.999999 -12.500000
v -6.127450 0.999999 -12.500000
v -6.617647 0.999999 -12.500000
v -7.107843 0.999999 -12.500000
v -7.598039 0.999999 -12.500000
v -8.088235 0.999999 -12.500000
v -8.578431 0.999999 -12.500000
v -9.068627 0.999999 -12.500000
v -9.558823 0.999999 -12.500000
v -10.049019 0.999999 -12.500000
v -10.539215 0.999999 -12.500000
v -11.029411 0.999999 -12.500000
v -11.519608 0.999999 -12.500000
v -12.009804 0.999999 -12.009804
v -12.009804 0.999999 12.009804
v -12.009804 0.999999 11.519608
v -12.009804 0.999999 11.029412
v -12.009804 0.999999 10.539216
v -12.009804 0.999999 10.049020
v -12.009804 0.999999 9.558824
v -12.009804 0.999999 9.068627
v -12.009804 0.999999 8.578432
v -12.009804 0.999999 8.088236
v -12.009804 0.999999 7.598040
v -12.009804 0.999999 7.107843
v -12.009804 0.999999 6.617647
v -12.009804 0.999999 6.127451
v -12.009804 0.999999 5.637255
v -12.009804 0.999999 5.147059
v -12.009804 0.999999 4.656863
v -12.009804 0.999999 4.166667
v -12.009804 0.999999 3.676471
v -12.009804 0.999999 3.186275
v -12.009804 0.999999 2.696079
v -12.009804 0.999999 2.205883
v -12.009804 0.999999 1.715687
v -12.009804 0.999999 1.225491
v -12.009804 0.999999 0.735295
v -12.009804 0.999999 0.245099
v -12.009804 0.999999 -0.245098
v -12.009804 0.999999 -0.735294
v -12.009804 0.999999 -1.225490
v -12.009804 0.999999 -1.715686
v -12.009804 0.999999 -2.205882
v -12.009804 0.999999 -2.696078
v -12.009804 0.999999 -3.186274
v -12.009804 0.999999 -3.676470
v -12.009804 0.999999 -4.166666
v -12.009804 0.999999 -4.656862
v -12.009804 0.999999 -5.147058
v -12.009804 0.999999 -5.637254
v -12.009804 0.999999 -6.127450
v -12.009804 0.999999 -6.617647
v -12.009804 0.999999 -7.107843
v -12.009804 0.999999 -7.598039
v -12.009804 0.999999 -8.088235
v -12.009804 0.999999 -8.578431
v -12.009804 0.999999 -9.068627
v -12.009804 0.999999 -9.558823
v -12.009804 0.999999 -10.049019
v -12.009804 0.999999 -10.539215
v -12.009804 0.999999 -11.029411
v -12.009804 0.999999 -11.519608
v -11.519608 0.999999 -12.009804
v -11.519608 0.999999 12.009804
v -11.029412 0.999999 -12.009804
v -11.029412 0.999999 12.009804
v -10.539216 0.999999 -12.009804
v -10.539216 0.999999 12.009804
v -10.049020 0.999999 -12.009804
v -10.049020 0.999999 12.009804
v -9.558824 0.999999 -12.009804
v -9.558824 0.999999 12.009804
v -9.068627 0.999999 -12.009804
v -9.068627 0.999999 12.009804
v -8.578432 0.999999 -12.009804
v -8.578432 0.999999 12.009804
v -8.088236 0.999999 -12.009804
v -8.088236 0.999999 12.009804
v -7.598040 0.999999 -12.009804
v -7.598040 0.999999 12.009804
v -7.107843 0.999999 -12.009804
v -7.107843 0.999999 12.009804
v -6.617647 0.999999 -12.009804
v -6.617647 0.999999 12.009804
v -6.127450 0.999999 -12.009804
v -6.127451 0.999999 12.009804
v -5.637255 0.999999 -12.009804
v -5.637255 0.999999 12.009804
v -5.147058 0.999999 -12.009804
v -5.147059 0.999999 12.009804
v -4.656862 0.999999 -12.009804
v -4.656863 0.999999 12.009804
v -4.166667 0.999999 -12.009804
v -4.166667 0.999999 12.009804
v -3.676470 0.999999 -12.009804
v -3.676471 0.999999 12.009804
v -3.186274 0.999999 -12.009804
v -3.186275 0.999999 12.009804
v -2.696078 0.999999 -12.009804
v -2.696079 0.999999 12.009804
v -2.205882 0.999999 -12.009804
v -2.205883 0.999999 12.009804
v -1.715686 0.999999 -12.009804
v -1.715687 0.999999 12.009804
v -1.225490 0.999999 -12.009804
v -1.225491 0.999999 12.009804
v -0.735294 0.999999 -12.009804
v -0.735295 0.999999 12.009804
v -0.245098 0.999999 -12.009804
v -0.245099 0.999999 12.009804
v 0.245099 0.999999 -12.009804
v 0.245098 0.999999 12.009804
v 0.735295 0.999999 -12.009804
v 0.735294 0.999999 12.009804
v 1.225491 0.999999 -12.009804
v 1.225490 0.999999 12.009804
v 1.715687 0.999999 -12.009804
v 1.715686 0.999999 12.009804
v 2.205883 0.999999 -12.009804
v 2.205882 0.999999 12.009804
v 2.696079 0.999999 -12.009804
v 2.696078 0.999999 12.009804
v 3.186275 0.999999 -12.009804
v 3.186274 0.999999 12.009804
v 3.676471 0.999999 -12.009804
v 3.676470 0.999999 12.009804
v 4.166667 0.999999 -12.009804
v 4.166666 0.999999 12.009804
v 4.656863 0.999999 -12.009804
v 4.656862 0.999999 12.009804
v 5.147059 0.999999 -12.009804
v 5.147058 0.999999 12.009804
v 5.637255 0.999999 -12.009804
v 5.637254 0.999999 12.009804
v 6.127451 0.999999 -12.009804
v 6.127450 0.999999 12.009804
v 6.617647 0.999999 -12.009804
v 6.617647 0.999999 12.009804
v 7.107843 0.999999 -12.009804
v 7.107843 0.999999 12.009804
v 7.598040 0.999999 -12.009804
v 7.598039 0.999999 12.009804
v 8.088236 0.999999 -12.009804
v 8.088235 0.999999 12.009804
v 8.578432 0.999999 -12.009804
v 8.578431 0.999999 12.009804
v 9.068627 0.999999 -12.009804
v 9.068627 0.999999 12.009804
v 9.558824 0.999999 -12.009804
v 9.558823 0.999999 12.009804
v 10.049020 0.999999 -12.009804
v 10.049019 0.999999 12.009804
v 10.539216 0.999999 -12.009804
v 10.539215 0.999999 12.009804
v 11.029412 0.999999 -12.009804
v 11.029411 0.999999 12.009804
v 11.519608 0.999999 -12.009804
v 11.519608 0.999999 12.009804
v 12.009804 0.999999 -12.009804
v 12.009804 0.999999 12.009804
v 12.009804 0.999999 11.519608
v 12.009804 0.999999 11.029412
v 12.009804 0.999999 10.539216
v 12.009804 0.999999 10.049020
v 12.009804 0.999999 9.558824
v 12.009804 0.999999 9.068627
v 12.009804 0.999999 8.578432
v 12.009804 0.999999 8.088236
v 12.009804 0.999999 7.598040
v 12.009804 0.999999 7.107843
v 12.009804 0.999999 6.617647
v 12.009804 0.999999 6.127451
v 12.009804 0.999999 5.637255
v 12.009804 0.999999 5.147059
v 12.009804 0.999999 4.656863
v 12.009804 0.999999 4.166667
v 12.009804 0.999999 3.676471
v 12.009804 0.999999 3.186275
v 12.009804 0.999999 2.696079
v 12.009804 0.999999 2.205883
v 12.009804 0.999999 1.715687
v 12.009804 0.999999 1.225491
v 12.009804 0.999999 0.735295
v 12.009804 0.999999 0.245099
v 12.009804 0.999999 -0.245098
v 12.009804 0.999999 -0.735294
v 12.009804 0.999999 -1.225490
v 12.009804 0.999999 -1.715686
v 12.009804 0.999999 -2.205882
v 12.009804 0.999999 -2.696078
v 12.009804 0.999999 -3.186274
v 12.009804 0.999999 -3.676470
v 12.009804 0.999999 -4.166666
v 12.009804 0.999999 -4.656862
v 12.009804 0.999999 -5.147058
v 12.009804 0.999999 -5.637254
v 12.009804 0.999999 -6.127450
v 12.009804 0.999999 -6.617647
v 12.009804 0.999999 -7.107843
v 12.009804 0.999999 -7.598039
v 12.009804 0.999999 -8.088235
v 12.009804 0.999999 -8.578431
v 12.009804 0.999999 -9.068627
v 12.009804 0.999999 -9.558823
v 12.009804 0.999999 -10.049019
v 12.009804 0.999999 -10.539215
v 12.009804 0.999999 -11.029411
v 12.009804 0.999999 -11.519608
v -11.519608 1.000004 8.088236
v -11.519608 1.000004 7.598040
v -11.519608 1.000004 7.107843
v -11.519608 1.000004 6.617647
v -11.519608 1.000004 4.656863
v -11.519608 1.000004 4.166667
v -11.029412 1.000004 8.088236
v -11.029412 1.000004 7.598040
v -11.029412 1.000004 7.107843
v -11.029412 1.000004 6.617647
v -11.029412 1.000004 4.656863
v -11.029412 1.000004 4.166667
v -11.029412 1.000004 -2.696078
v -11.029412 1.000004 -3.186274
v -11.029412 1.000004 -3.676470
v -11.029412 1.000004 -4.166666
v -11.029412 1.000004 -4.656862
v -11.029412 1.000004 -5.147058
v -11.029412 1.000004 -5.637254
v -11.029412 1.000004 -6.127450
v -11.029412 1.000004 -6.617647
v -11.029412 1.000004 -7.107843
v -11.029412 1.000004 -9.068627
v -11.029412 1.000004 -9.558823
v -10.539216 1.000004 9.558824
v -10.539216 1.000004 9.068627
v -10.539216 1.000004 8.578432
v -10.539216 1.000004 8.088236
v -10.539216 1.000004 7.598040
v -10.539216 1.000004 7.107843
v -10.539216 1.000004 6.617647
v -10.539216 1.000004 4.656863
v -10.539216 1.000004 4.166667
v -10.539216 1.000004 -2.696078
v -10.539216 1.000004 -3.186274
v -10.539216 1.000004 -3.676470
v -10.539216 1.000004 -4.166666
v -10.539216 1.000004 -4.656862
v -10.539216 1.000004 -5.147058
v -10.539216 1.000004 -5.637254
v -10.539216 1.000004 -6.127450
v -10.539216 1.000004 -6.617647
v -10.539216 1.000004 -7.107843
v -10.539216 1.000004 -9.068627
v -10.539216 1.000004 -9.558823
v -10.049020 1.000004 9.558824
v -10.049020 1.000004 9.068627
v -10.049020 1.000004 8.578432
v -10.049020 1.000004 8.088236
v -10.049020 1.000004 7.598040
v -10.049020 1.000004 7.107843
v -10.049020 1.000004 6.617647
v -10.049020 1.000004 6.127451
v -10.049020 1.000004 5.637255
v -10.049020 1.000004 4.656863
v -10.049020 1.000004 4.166667
v -10.049020 1.000004 -9.068627
v -10.049020 1.000004 -9.558823
v -9.558824 1.000004 8.088236
v -9.558824 1.000004 7.598040
v -9.558824 1.000004 7.107843
v -9.558824 1.000004 6.617647
v -9.558824 1.000004 6.127451
v -9.558824 1.000004 5.637255
v -9.558824 1.000004 4.656863
v -9.558824 1.000004 4.166667
v -9.558824 1.000004 -2.205882
v -9.558824 1.000004 -2.696078
v -9.558824 1.000004 -3.186274
v -9.558824 1.000004 -3.676470
v -9.558824 1.000004 -4.166666
v -9.558824 1.000004 -4.656862
v -9.558824 1.000004 -5.147058
v -9.558824 1.000004 -5.637254
v -9.558824 1.000004 -9.068627
v -9.558824 1.000004 -9.558823
v -9.068627 1.000004 8.088236
v -9.068627 1.000004 7.598040
v -9.068627 1.000004 -2.205882
v -9.068627 1.000004 -2.696078
v -9.068627 1.000004 -3.186274
v -9.068627 1.000004 -3.676470
v -9.068627 1.000004 -4.166666
v -9.068627 1.000004 -4.656862
v -9.068627 1.000004 -5.147058
v -9.068627 1.000004 -5.637254
v -9.068627 1.000004 -9.068627
v -9.068627 1.000004 -9.558823
v -9.068627 1.000004 -10.049019
v -9.068627 1.000004 -10.539215
v -8.578432 1.000004 8.088236
v -8.578432 1.000004 7.598040
v -8.578432 1.000004 -5.147058
v -8.578432 1.000004 -5.637254
v -8.578432 1.000004 -9.068627
v -8.578432 1.000004 -9.558823
v -8.578432 1.000004 -10.049019
v -8.578432 1.000004 -10.539215
v -8.088236 1.000004 8.088236
v -8.088236 1.000004 7.598040
v -8.088236 1.000004 -5.147058
v -8.088236 1.000004 -5.637254
v -8.088236 1.000004 -9.068627
v -8.088236 1.000004 -9.558823
v -8.088236 1.000004 -10.049019
v -8.088236 1.000004 -10.539215
v -7.598040 1.000004 8.088236
v -7.598040 1.000004 7.598040
v -7.598040 1.000004 2.205883
v -7.598040 1.000004 1.715687
v -7.598040 1.000004 0.735295
v -7.598040 1.000004 0.245099
v -7.598040 1.000004 -5.147058
v -7.598040 1.000004 -5.637254
v -7.598040 1.000004 -9.068627
v -7.598040 1.000004 -9.558823
v -7.598040 1.000004 -10.049019
v -7.598040 1.000004 -10.539215
v -7.107843 1.000004 8.088236
v -7.107843 1.000004 7.598040
v -7.107843 1.000004 2.205883
v -7.107843 1.000004 1.715687
v -7.107843 1.000004 0.735295
v -7.107843 1.000004 0.245099
v -7.107843 1.000004 -5.147058
v -7.107843 1.000004 -5.637254
v -7.107843 1.000004 -10.049019
v -7.107843 1.000004 -10.539215
v -6.617647 1.000004 8.088236
v -6.617647 1.000004 7.598040
v -6.617647 1.000004 2.205883
v -6.617647 1.000004 1.715687
v -6.617647 1.000004 0.735295
v -6.617647 1.000004 0.245099
v -6.617647 1.000004 -5.147058
v -6.617647 1.000004 -5.637254
v -6.617647 1.000004 -10.049019
v -6.617647 1.000004 -10.539215
v -6.127451 1.000004 2.205883
v -6.127451 1.000004 1.715687
v -6.127451 1.000004 0.735295
v -6.127451 1.000004 0.245099
v -6.127451 1.000004 -10.049019
v -6.127451 1.000004 -10.539215
v -5.637255 1.000004 7.107843
v -5.637255 1.000004 6.617647
v -5.637255 1.000004 6.127451
v -5.637255 1.000004 5.637255
v -5.637255 1.000004 5.147059
v -5.637255 1.000004 4.656863
v -5.637255 1.000004 2.205883
v -5.637255 1.000004 1.715687
v -5.637255 1.000004 0.735295
v -5.637255 1.000004 0.245099
v -5.637255 1.000004 -8.578431
v -5.637255 1.000004 -9.068627
v -5.637255 1.000004 -9.558823
v -5.637255 1.000004 -10.049019
v -5.637255 1.000004 -10.539215
v -5.147059 1.000004 7.107843
v -5.147059 1.000004 6.617647
v -5.147059 1.000004 6.127451
v -5.147059 1.000004 5.637255
v -5.147059 1.000004 5.147059
v -5.147059 1.000004 4.656863
v -5.147059 1.000004 2.205883
v -5.147059 1.000004 1.715687
v -5.147059 1.000004 0.735295
v -5.147059 1.000004 0.245099
v -5.147059 1.000004 -4.656862
v -5.147059 1.000004 -5.147058
v -5.147059 1.000004 -5.637254
v -5.147059 1.000004 -6.127450
v -5.147059 1.000004 -6.617647
v -5.147059 1.000004 -7.107843
v -5.147059 1.000004 -8.578431
v -5.147059 1.000004 -9.068627
v -5.147059 1.000004 -9.558823
v -5.147059 1.000004 -10.049019
v -5.147059 1.000004 -10.539215
v -4.656863 1.000004 9.558824
v -4.656863 1.000004 9.068627
v -4.656863 1.000004 2.205883
v -4.656863 1.000004 1.715687
v -4.656863 1.000004 0.735295
v -4.656863 1.000004 0.245099
v -4.656863 1.000004 -4.656862
v -4.656863 1.000004 -5.147058
v -4.656863 1.000004 -5.637254
v -4.656863 1.000004 -6.127450
v -4.656863 1.000004 -6.617647
v -4.656863 1.000004 -7.107843
v -4.166667 1.000004 9.558824
v -4.166667 1.000004 9.068627
v -4.166667 1.000004 2.205883
v -4.166667 1.000004 1.715687
v -4.166667 1.000004 0.735295
v -4.166667 1.000004 0.245099
v -4.166667 1.000004 -0.245098
v -4.166667 1.000004 -0.735294
v -4.166667 1.000004 -1.225490
v -4.166667 1.000004 -1.715686
v -4.166667 1.000004 -2.205882
v -4.166667 1.000004 -2.696078
v -4.166667 1.000004 -3.186274
v -4.166667 1.000004 -3.676470
v -4.166667 1.000004 -10.539215
v -4.166667 1.000004 -11.029411
v -3.676471 1.000004 9.558824
v -3.676471 1.000004 9.068627
v -3.676471 1.000004 2.205883
v -3.676471 1.000004 1.715687
v -3.676471 1.000004 0.735295
v -3.676471 1.000004 0.245099
v -3.676471 1.000004 -0.245098
v -3.676471 1.000004 -0.735294
v -3.676471 1.000004 -1.225490
v -3.676471 1.000004 -1.715686
v -3.676471 1.000004 -2.205882
v -3.676471 1.000004 -2.696078
v -3.676471 1.000004 -3.186274
v -3.676471 1.000004 -3.676470
v -3.676471 1.000004 -10.539215
v -3.676470 1.000004 -11.029411
v -3.186275 1.000004 12.009804
v -3.186275 1.000004 11.519608
v -3.186275 1.000004 9.558824
v -3.186275 1.000004 9.068627
v -3.186275 1.000004 2.205883
v -3.186275 1.000004 1.715687
v -3.186275 1.000004 -3.186274
v -3.186275 1.000004 -3.676470
v -3.186275 1.000004 -10.539215
v -3.186274 1.000004 -11.029411
v -2.696079 1.000004 12.009804
v -2.696079 1.000004 11.519608
v -2.696079 1.000004 9.558824
v -2.696079 1.000004 9.068627
v -2.696079 1.000004 2.205883
v -2.696079 1.000004 1.715687
v -2.696079 1.000004 1.225491
v -2.696079 1.000004 0.735295
v -2.696079 1.000004 0.245099
v -2.696079 1.000004 -0.245098
v -2.696079 1.000004 -0.735294
v -2.696079 1.000004 -1.225490
v -2.696079 1.000004 -1.715686
v -2.696079 1.000004 -2.205882
v -2.696079 1.000004 -2.696078
v -2.696079 1.000004 -3.186274
v -2.696079 1.000004 -3.676470
v -2.696079 1.000004 -6.127450
v -2.696079 1.000004 -6.617647
v -2.696078 1.000004 -10.539215
v -2.696078 1.000004 -11.029411
v -2.205883 1.000004 12.009804
v -2.205883 1.000004 11.519608
v -2.205883 1.000004 9.558824
v -2.205883 1.000004 9.068627
v -2.205883 1.000004 2.205883
v -2.205883 1.000004 1.715687
v -2.205883 1.000004 1.225491
v -2.205883 1.000004 0.735295
v -2.205883 1.000004 0.245099
v -2.205883 1.000004 -0.245098
v -2.205883 1.000004 -0.735294
v -2.205883 1.000004 -1.225490
v -2.205883 1.000004 -1.715686
v -2.205883 1.000004 -2.205882
v -2.205883 1.000004 -2.696078
v -2.205883 1.000004 -3.186274
v -2.205883 1.000004 -3.676470
v -2.205883 1.000004 -6.127450
v -2.205883 1.000004 -6.617647
v -2.205882 1.000004 -10.539215
v -2.205882 1.000004 -11.029411
v -1.715687 1.000004 12.009804
v -1.715687 1.000004 11.519608
v -1.715687 1.000004 9.558824
v -1.715687 1.000004 9.068627
v -1.715687 1.000004 8.578432
v -1.715687 1.000004 8.088236
v -1.715687 1.000004 7.598040
v -1.715687 1.000004 7.107843
v -1.715687 1.000004 6.617647
v -1.715687 1.000004 6.127451
v -1.715687 1.000004 5.637255
v -1.715687 1.000004 5.147059
v -1.715687 1.000004 4.656863
v -1.715687 1.000004 4.166667
v -1.715687 1.000004 -6.127450
v -1.715687 1.000004 -6.617647
v -1.715686 1.000004 -10.539215
v -1.715686 1.000004 -11.029411
v -1.225491 1.000004 12.009804
v -1.225491 1.000004 11.519608
v -1.225491 1.000004 8.578432
v -1.225491 1.000004 8.088236
v -1.225491 1.000004 7.598040
v -1.225491 1.000004 7.107843
v -1.225491 1.000004 6.617647
v -1.225491 1.000004 6.127451
v -1.225491 1.000004 5.637255
v -1.225491 1.000004 5.147059
v -1.225491 1.000004 4.656863
v -1.225491 1.000004 4.166667
v -1.225490 1.000004 -6.127450
v -1.225490 1.000004 -6.617647
v -1.225490 1.000004 -10.539215
v -1.225490 1.000004 -11.029411
v -0.735295 1.000004 12.009804
v -0.735295 1.000004 11.519608
v -0.735295 1.000004 8.578432
v -0.735295 1.000004 8.088236
v -0.735295 1.000004 7.598040
v -0.735295 1.000004 7.107843
v -0.735295 1.000004 6.617647
v -0.735295 1.000004 6.127451
v -0.735294 1.000004 5.637255
v -0.735294 1.000004 5.147059
v -0.735294 1.000004 4.656863
v -0.735294 1.000004 4.166667
v -0.735294 1.000004 3.676471
v -0.735294 1.000004 3.186275
v -0.735294 1.000004 2.696079
v -0.735294 1.000004 -6.127450
v -0.735294 1.000004 -6.617647
v -0.735294 1.000004 -10.539215
v -0.735294 1.000004 -11.029411
v -0.245099 1.000004 12.009804
v -0.245099 1.000004 11.519608
v -0.245098 1.000004 8.578432
v -0.245098 1.000004 8.088236
v -0.245098 1.000004 7.598040
v -0.245098 1.000004 7.107843
v -0.245098 1.000004 6.617647
v -0.245098 1.000004 6.127451
v -0.245098 1.000004 5.637255
v -0.245098 1.000004 5.147059
v -0.245098 1.000004 4.656863
v -0.245098 1.000004 4.166667
v -0.245098 1.000004 3.676471
v -0.245098 1.000004 3.186275
v -0.245098 1.000004 2.696079
v -0.245098 1.000004 -6.127450
v -0.245098 1.000004 -6.617647
v -0.245098 1.000004 -10.539215
v -0.245098 1.000004 -11.029411
v 0.245098 1.000004 12.009804
v 0.245098 1.000004 11.519608
v 0.245098 1.000004 5.637255
v 0.245098 1.000004 5.147059
v 0.245098 1.000004 4.656863
v 0.245098 1.000004 4.166667
v 0.245098 1.000004 3.676471
v 0.245098 1.000004 3.186275
v 0.245098 1.000004 2.696079
v 0.245098 1.000004 -6.127450
v 0.245098 1.000004 -6.617647
v 0.245099 1.000004 -10.539215
v 0.245099 1.000004 -11.029411
v 0.735294 1.000004 5.637255
v 0.735294 1.000004 5.147059
v 0.735294 1.000004 4.656863
v 0.735294 1.000004 4.166667
v 0.735294 1.000004 3.676471
v 0.735294 1.000004 3.186275
v 0.735294 1.000004 2.696079
v 0.735294 1.000004 -6.127450
v 0.735294 1.000004 -6.617647
v 0.735295 1.000004 -10.539215
v 0.735295 1.000004 -11.029411
v 1.225490 1.000004 5.637255
v 1.225490 1.000004 5.147059
v 1.225490 1.000004 -6.127450
v 1.225490 1.000004 -6.617647
v 1.225491 1.000004 -10.539215
v 1.225491 1.000004 -11.029411
v 1.715686 1.000004 5.637255
v 1.715686 1.000004 5.147059
v 1.715686 1.000004 3.676471
v 1.715686 1.000004 3.186275
v 1.715686 1.000004 2.696079
v 1.715686 1.000004 2.205883
v 1.715686 1.000004 1.715687
v 1.715686 1.000004 1.225491
v 1.715686 1.000004 0.735295
v 1.715686 1.000004 0.245099
v 1.715686 1.000004 -0.245098
v 1.715686 1.000004 -0.735294
v 1.715686 1.000004 -1.225490
v 1.715686 1.000004 -1.715686
v 1.715686 1.000004 -2.205882
v 1.715686 1.000004 -2.696078
v 1.715686 1.000004 -3.186274
v 1.715687 1.000004 -10.539215
v 1.715687 1.000004 -11.029411
v 2.205882 1.000004 5.637255
v 2.205882 1.000004 5.147059
v 2.205882 1.000004 3.676471
v 2.205882 1.000004 3.186275
v 2.205882 1.000004 2.696079
v 2.205882 1.000004 2.205883
v 2.205882 1.000004 1.715687
v 2.205882 1.000004 1.225491
v 2.205882 1.000004 0.735295
v 2.205882 1.000004 0.245099
v 2.205882 1.000004 -0.245098
v 2.205882 1.000004 -0.735294
v 2.205882 1.000004 -1.225490
v 2.205882 1.000004 -1.715686
v 2.205882 1.000004 -2.205882
v 2.205882 1.000004 -2.696078
v 2.205882 1.000004 -3.186274
v 2.205882 1.000004 -7.598039
v 2.205882 1.000004 -8.088235
v 2.205883 1.000004 -10.539215
v 2.205883 1.000004 -11.029411
v 2.696078 1.000004 11.029412
v 2.696078 1.000004 10.539216
v 2.696078 1.000004 5.637255
v 2.696078 1.000004 5.147059
v 2.696078 1.000004 -1.225490
v 2.696078 1.000004 -1.715686
v 2.696078 1.000004 -7.598039
v 2.696078 1.000004 -8.088235
v 2.696079 1.000004 -10.539215
v 2.696079 1.000004 -11.029411
v 3.186274 1.000004 11.029412
v 3.186274 1.000004 10.539216
v 3.186274 1.000004 5.637255
v 3.186274 1.000004 5.147059
v 3.186274 1.000004 -1.225490
v 3.186274 1.000004 -1.715686
v 3.186274 1.000004 -7.598039
v 3.186274 1.000004 -8.088235
v 3.186274 1.000004 -10.539215
v 3.186274 1.000004 -11.029411
v 3.676470 1.000004 11.029412
v 3.676470 1.000004 10.539216
v 3.676470 1.000004 5.637255
v 3.676470 1.000004 5.147059
v 3.676470 1.000004 -1.225490
v 3.676470 1.000004 -1.715686
v 3.676470 1.000004 -7.598039
v 3.676470 1.000004 -8.088235
v 3.676470 1.000004 -10.539215
v 3.676470 1.000004 -11.029411
v 4.166666 1.000004 11.029412
v 4.166666 1.000004 10.539216
v 4.166666 1.000004 5.637255
v 4.166666 1.000004 5.147059
v 4.166666 1.000004 -1.225490
v 4.166666 1.000004 -1.715686
v 4.166666 1.000004 -7.598039
v 4.166666 1.000004 -8.088235
v 4.166667 1.000004 -10.539215
v 4.166667 1.000004 -11.029411
v 4.656862 1.000004 11.029412
v 4.656862 1.000004 10.539216
v 4.656862 1.000004 5.637255
v 4.656862 1.000004 5.147059
v 4.656862 1.000004 -7.598039
v 4.656862 1.000004 -8.088235
v 4.656862 1.000004 -10.539215
v 4.656862 1.000004 -11.029411
v 5.147058 1.000004 11.029412
v 5.147058 1.000004 10.539216
v 5.147058 1.000004 5.637255
v 5.147058 1.000004 5.147059
v 5.147058 1.000004 -6.617647
v 5.147058 1.000004 -7.107843
v 5.147058 1.000004 -7.598039
v 5.147058 1.000004 -8.088235
v 5.147058 1.000004 -8.578431
v 5.147058 1.000004 -9.068627
v 5.147058 1.000004 -10.539215
v 5.147058 1.000004 -11.029411
v 5.637254 1.000004 5.637255
v 5.637254 1.000004 5.147059
v 5.637254 1.000004 -0.245098
v 5.637254 1.000004 -0.735294
v 5.637254 1.000004 -1.225490
v 5.637254 1.000004 -1.715686
v 5.637254 1.000004 -2.205882
v 5.637254 1.000004 -2.696078
v 5.637254 1.000004 -6.617647
v 5.637254 1.000004 -7.107843
v 5.637254 1.000004 -7.598039
v 5.637254 1.000004 -8.088235
v 5.637254 1.000004 -8.578431
v 5.637254 1.000004 -9.068627
v 5.637255 1.000004 -10.539215
v 5.637255 1.000004 -11.029411
v 6.127450 1.000004 -0.245098
v 6.127450 1.000004 -0.735294
v 6.127450 1.000004 -1.225490
v 6.127450 1.000004 -1.715686
v 6.127450 1.000004 -2.205882
v 6.127450 1.000004 -2.696078
v 6.127450 1.000004 -8.578431
v 6.127450 1.000004 -9.068627
v 6.127450 1.000004 -10.539215
v 6.127450 1.000004 -11.029411
v 6.617647 1.000004 11.029412
v 6.617647 1.000004 10.539216
v 6.617647 1.000004 -2.205882
v 6.617647 1.000004 -2.696078
v 6.617647 1.000004 -8.578431
v 6.617647 1.000004 -9.068627
v 6.617647 1.000004 -10.539215
v 6.617647 1.000004 -11.029411
v 7.107843 1.000004 11.029412
v 7.107843 1.000004 10.539216
v 7.107843 1.000004 -2.205882
v 7.107843 1.000004 -2.696078
v 7.107843 1.000004 -8.578431
v 7.107843 1.000004 -9.068627
v 7.107843 1.000004 -10.539215
v 7.107843 1.000004 -11.029411
v 7.598039 1.000004 11.029412
v 7.598039 1.000004 10.539216
v 7.598039 1.000004 -2.205882
v 7.598039 1.000004 -2.696078
v 7.598039 1.000004 -8.578431
v 7.598039 1.000004 -9.068627
v 8.088235 1.000004 11.029412
v 8.088235 1.000004 10.539216
v 8.088235 1.000004 1.715687
v 8.088235 1.000004 1.225491
v 8.088235 1.000004 -2.205882
v 8.088235 1.000004 -2.696078
v 8.578431 1.000004 12.009804
v 8.578431 1.000004 11.519608
v 8.578431 1.000004 11.029412
v 8.578431 1.000004 10.539216
v 8.578431 1.000004 1.715687
v 8.578431 1.000004 1.225491
v 8.578431 1.000004 -11.029411
v 8.578431 1.000004 -11.519608
v 9.068627 1.000004 12.009804
v 9.068627 1.000004 11.519608
v 9.068627 1.000004 11.029412
v 9.068627 1.000004 10.539216
v 9.068627 1.000004 8.088236
v 9.068627 1.000004 7.598040
v 9.068627 1.000004 7.107843
v 9.068627 1.000004 6.617647
v 9.068627 1.000004 6.127451
v 9.068627 1.000004 5.637255
v 9.068627 1.000004 5.147059
v 9.068627 1.000004 4.656863
v 9.068627 1.000004 4.166667
v 9.068627 1.000004 3.676471
v 9.068627 1.000004 1.715687
v 9.068627 1.000004 1.225491
v 9.068627 1.000004 -7.107843
v 9.068627 1.000004 -7.598039
v 9.068627 1.000004 -11.029411
v 9.068627 1.000004 -11.519608
v 9.558823 1.000004 8.088236
v 9.558823 1.000004 7.598040
v 9.558823 1.000004 7.107843
v 9.558823 1.000004 6.617647
v 9.558823 1.000004 6.127451
v 9.558823 1.000004 5.637255
v 9.558823 1.000004 5.147059
v 9.558823 1.000004 4.656863
v 9.558823 1.000004 4.166667
v 9.558823 1.000004 3.676471
v 9.558823 1.000004 1.715687
v 9.558823 1.000004 1.225491
v 9.558823 1.000004 -7.107843
v 9.558823 1.000004 -7.598039
v 9.558823 1.000004 -11.029411
v 9.558823 1.000004 -11.519608
v 10.049019 1.000004 1.715687
v 10.049019 1.000004 1.225491
v 10.049019 1.000004 -7.107843
v 10.049019 1.000004 -7.598039
v 10.049019 1.000004 -11.029411
v 10.049019 1.000004 -11.519608
v 10.539215 1.000004 10.539216
v 10.539215 1.000004 10.049020
v 10.539215 1.000004 1.715687
v 10.539215 1.000004 1.225491
v 10.539215 1.000004 -1.225490
v 10.539215 1.000004 -1.715686
v 10.539215 1.000004 -2.205882
v 10.539215 1.000004 -2.696078
v 10.539215 1.000004 -3.186274
v 10.539215 1.000004 -3.676470
v 10.539215 1.000004 -4.166666
v 10.539215 1.000004 -4.656862
v 10.539215 1.000004 -5.147058
v 10.539215 1.000004 -7.107843
v 10.539215 1.000004 -7.598039
v 10.539215 1.000004 -11.029411
v 10.539215 1.000004 -11.519608
v 11.029411 1.000004 10.539216
v 11.029411 1.000004 10.049020
v 11.029411 1.000004 -1.225490
v 11.029411 1.000004 -1.715686
v 11.029411 1.000004 -2.205882
v 11.029411 1.000004 -2.696078
v 11.029411 1.000004 -3.186274
v 11.029411 1.000004 -3.676470
v 11.029411 1.000004 -4.166666
v 11.029411 1.000004 -4.656862
v 11.029411 1.000004 -5.147058
v 11.029411 1.000004 -7.107843
v 11.029411 1.000004 -7.598039
v 11.029411 1.000004 -8.088235
v 11.029411 1.000004 -8.578431
v 11.029411 1.000004 -9.068627
v 11.029411 1.000004 -9.558823
v 11.029411 1.000004 -11.029411
v 11.029411 1.000004 -11.519608
v 11.519608 1.000004 10.539216
v 11.519608 1.000004 10.049020
v 11.519608 1.000004 -7.107843
v 11.519608 1.000004 -7.598039
v 11.519608 1.000004 -8.088235
v 11.519608 1.000004 -8.578431
v 11.519608 1.000004 -9.068627
v 11.519608 1.000004 -9.558823
v 11.519608 1.000004 -11.029411
v 11.519608 1.000004 -11.519608
v 12.009804 1.000004 10.539216
v 12.009804 1.000004 10.049020
vn -1.0000 -0.0000 -0.0000
vn 1.0000 -0.0000 -0.0000
vn -0.0000 -0.0000 -1.0000
vn -0.0000 -0.0000 1.0000
vn -0.0000 1.0000 -0.0000
vt 0.000000 0.000000
vt 0.019608 0.156863
vt 0.019608 0.176471
vt 0.980392 0.411765
vt 0.980392 0.392157
vt 0.509804 0.019608
vt 0.490196 0.019608
vt 0.019608 0.137255
vt 0.980392 0.372549
vt 0.470588 0.980392
vt 0.490196 0.980392
vt 0.019608 0.117647
vt 0.980392 0.352941
vt 0.980392 0.333333
vt 0.019608 0.098039
vt 0.980392 0.313726
vt 0.019608 0.078431
vt 0.980392 0.294118
vt 0.019608 0.058824
vt 0.980392 0.274510
vt 0.019608 0.039216
vt 0.980392 0.254902
vt 0.588235 0.019608
vt 0.568628 0.019608
vt 0.019608 0.019608
vt 0.980392 0.235294
vt 0.549020 0.980392
vt 0.568627 0.980392
vt 0.980392 0.215686
vt 0.980392 0.196078
vt 0.980392 0.176471
vt 0.980392 0.156863
vt 0.980392 0.137255
vt 0.666667 0.019608
vt 0.647059 0.019608
vt 0.980392 0.117647
vt 0.627451 0.980392
vt 0.647059 0.980392
vt 0.980392 0.098039
vt 0.980392 0.078431
vt 0.980392 0.058824
vt 0.980392 0.039216
vt 0.980392 0.019608
vt 0.745098 0.019608
vt 0.725490 0.019608
vt 0.705882 0.980392
vt 0.725490 0.980392
vt 0.921569 0.019608
vt 0.901961 0.019608
vt 0.823529 0.019608
vt 0.803922 0.019608
vt 0.078431 0.019608
vt 0.058824 0.019608
vt 0.882353 0.980392
vt 0.901961 0.980392
vt 0.784314 0.980392
vt 0.803922 0.980392
vt 0.039216 0.980392
vt 0.058824 0.980392
vt 0.254902 0.019608
vt 0.235294 0.019608
vt 0.156863 0.019608
vt 0.137255 0.019608
vt 0.960784 0.980392
vt 0.980392 0.980392
vt 0.215686 0.980392
vt 0.235294 0.980392
vt 0.117647 0.980392
vt 0.137255 0.980392
vt 0.333333 0.019608
vt 0.313726 0.019608
vt 0.294118 0.980392
vt 0.313725 0.980392
vt 0.411765 0.019608
vt 0.392157 0.019608
vt 0.372549 0.980392
vt 0.392157 0.980392
vt 0.470588 0.019608
vt 0.039216 0.019608
vt 0.039216 0.039216
vt 0.039216 0.058824
vt 0.039216 0.078431
vt 0.039216 0.098039
vt 0.039216 0.117647
vt 0.039216 0.137255
vt 0.039216 0.156863
vt 0.039216 0.176471
vt 0.039216 0.196078
vt 0.019608 0.196078
vt 0.039216 0.215686
vt 0.019608 0.215686
vt 0.039216 0.235294
vt 0.019608 0.235294
vt 0.039216 0.254902
vt 0.019608 0.254902
vt 0.039216 0.274510
vt 0.019608 0.274510
vt 0.039216 0.294118
vt 0.019608 0.294118
vt 0.039216 0.313726
vt 0.019608 0.313726
vt 0.039216 0.333333
vt 0.019608 0.333333
vt 0.039216 0.352941
vt 0.019608 0.352941
vt 0.039216 0.372549
vt 0.019608 0.372549
vt 0.039216 0.392157
vt 0.019608 0.392157
vt 0.039216 0.411765
vt 0.019608 0.411765
vt 0.039216 0.431373
vt 0.019608 0.431373
vt 0.039216 0.450980
vt 0.019608 0.450980
vt 0.039216 0.470588
vt 0.019608 0.470588
vt 0.039216 0.490196
vt 0.019608 0.490196
vt 0.039216 0.509804
vt 0.019608 0.509804
vt 0.039216 0.529412
vt 0.019608 0.529412
vt 0.039216 0.549020
vt 0.019608 0.549020
vt 0.039216 0.568628
vt 0.019608 0.568628
vt 0.039216 0.588235
vt 0.019608 0.588235
vt 0.039216 0.607843
vt 0.019608 0.607843
vt 0.039216 0.627451
vt 0.019608 0.627451
vt 0.039216 0.647059
vt 0.019608 0.647059
vt 0.039216 0.666667
vt 0.019608 0.666667
vt 0.039216 0.686275
vt 0.019608 0.686275
vt 0.039216 0.705882
vt 0.019608 0.705882
vt 0.039216 0.725490
vt 0.019608 0.725490
vt 0.039216 0.745098
vt 0.019608 0.745098
vt 0.039216 0.764706
vt 0.019608 0.764706
vt 0.039216 0.784314
vt 0.019608 0.784314
vt 0.039216 0.803922
vt 0.019608 0.803922
vt 0.039216 0.823529
vt 0.019608 0.823529
vt 0.039216 0.843137
vt 0.019608 0.843137
vt 0.039216 0.862745
vt 0.019608 0.862745
vt 0.039216 0.882353
vt 0.019608 0.882353
vt 0.039216 0.901961
vt 0.019608 0.901961
vt 0.039216 0.921569
vt 0.019608 0.921569
vt 0.039216 0.941176
vt 0.019608 0.941176
vt 0.039216 0.960784
vt 0.019608 0.960784
vt 0.019608 0.980392
vt 0.450980 0.980392
vt 0.058824 0.039216
vt 0.058824 0.058824
vt 0.058824 0.078431
vt 0.058824 0.098039
vt 0.058824 0.117647
vt 0.058824 0.137255
vt 0.058824 0.156863
vt 0.058824 0.176471
vt 0.882353 0.196078
vt 0.882353 0.215686
vt 0.058824 0.196078
vt 0.058824 0.215686
vt 0.509804 0.921569
vt 0.529412 0.921569
vt 0.058824 0.235294
vt 0.058824 0.254902
vt 0.058824 0.274510
vt 0.058824 0.294118
vt 0.058824 0.313726
vt 0.607843 0.058824
vt 0.627451 0.058824
vt 0.058824 0.333333
vt 0.058824 0.352941
vt 0.058824 0.372549
vt 0.058824 0.392157
vt 0.058824 0.411765
vt 0.058824 0.431373
vt 0.058824 0.450980
vt 0.058824 0.470588
vt 0.058824 0.490196
vt 0.058824 0.509804
vt 0.058824 0.529412
vt 0.058824 0.549020
vt 0.058824 0.568628
vt 0.058824 0.588235
vt 0.058824 0.607843
vt 0.058824 0.627451
vt 0.058824 0.647059
vt 0.058824 0.666667
vt 0.058824 0.686275
vt 0.058824 0.705882
vt 0.058824 0.725490
vt 0.058824 0.745098
vt 0.058824 0.764706
vt 0.058824 0.784314
vt 0.058824 0.803922
vt 0.058824 0.823529
vt 0.058824 0.843137
vt 0.058824 0.862745
vt 0.058824 0.882353
vt 0.058824 0.901961
vt 0.058824 0.921569
vt 0.058824 0.941176
vt 0.058824 0.960784
vt 0.078431 0.039216
vt 0.078431 0.058824
vt 0.078431 0.078431
vt 0.078431 0.098039
vt 0.078431 0.117647
vt 0.078431 0.137255
vt 0.078431 0.156863
vt 0.078431 0.176471
vt 0.431373 0.176471
vt 0.431373 0.156863
vt 0.078431 0.196078
vt 0.078431 0.215686
vt 0.882353 0.176471
vt 0.078431 0.235294
vt 0.078431 0.254902
vt 0.078431 0.274510
vt 0.078431 0.294118
vt 0.078431 0.313726
vt 0.078431 0.333333
vt 0.078431 0.352941
vt 0.078431 0.372549
vt 0.078431 0.392157
vt 0.078431 0.411765
vt 0.078431 0.431373
vt 0.078431 0.450980
vt 0.078431 0.470588
vt 0.078431 0.490196
vt 0.078431 0.509804
vt 0.078431 0.529412
vt 0.078431 0.549020
vt 0.078431 0.568628
vt 0.078431 0.588235
vt 0.078431 0.607843
vt 0.372549 0.647059
vt 0.352941 0.647059
vt 0.450980 0.764706
vt 0.431373 0.764706
vt 0.352941 0.627451
vt 0.372549 0.627451
vt 0.431373 0.117647
vt 0.431373 0.137255
vt 0.431373 0.745098
vt 0.450980 0.745098
vt 0.294118 0.490196
vt 0.274510 0.490196
vt 0.274510 0.470588
vt 0.294118 0.470588
vt 0.607843 0.941176
vt 0.588235 0.941176
vt 0.078431 0.784314
vt 0.078431 0.803922
vt 0.078431 0.823529
vt 0.078431 0.843137
vt 0.078431 0.862745
vt 0.705882 0.078431
vt 0.686275 0.078431
vt 0.078431 0.882353
vt 0.078431 0.901961
vt 0.078431 0.921569
vt 0.078431 0.941176
vt 0.078431 0.960784
vt 0.078431 0.980392
vt 0.098039 0.019608
vt 0.098039 0.039216
vt 0.098039 0.058824
vt 0.098039 0.078431
vt 0.098039 0.098039
vt 0.098039 0.117647
vt 0.588235 0.921569
vt 0.607843 0.921569
vt 0.294118 0.431373
vt 0.274510 0.431373
vt 0.686275 0.058824
vt 0.705882 0.058824
vt 0.098039 0.196078
vt 0.098039 0.215686
vt 0.274510 0.411765
vt 0.294118 0.411765
vt 0.098039 0.235294
vt 0.098039 0.254902
vt 0.098039 0.274510
vt 0.098039 0.294118
vt 0.098039 0.313726
vt 0.098039 0.333333
vt 0.098039 0.352941
vt 0.098039 0.372549
vt 0.098039 0.392157
vt 0.098039 0.411765
vt 0.098039 0.431373
vt 0.098039 0.450980
vt 0.098039 0.470588
vt 0.098039 0.490196
vt 0.098039 0.509804
vt 0.098039 0.529412
vt 0.098039 0.549020
vt 0.098039 0.568628
vt 0.098039 0.588235
vt 0.098039 0.607843
vt 0.098039 0.627451
vt 0.078431 0.627451
vt 0.098039 0.647059
vt 0.078431 0.647059
vt 0.098039 0.666667
vt 0.078431 0.666667
vt 0.098039 0.686275
vt 0.078431 0.686275
vt 0.098039 0.705882
vt 0.078431 0.705882
vt 0.098039 0.725490
vt 0.078431 0.725490
vt 0.098039 0.745098
vt 0.078431 0.745098
vt 0.098039 0.764706
vt 0.078431 0.764706
vt 0.098039 0.784314
vt 0.098039 0.803922
vt 0.098039 0.823529
vt 0.098039 0.843137
vt 0.098039 0.862745
vt 0.529412 0.764706
vt 0.509804 0.764706
vt 0.098039 0.882353
vt 0.098039 0.901961
vt 0.098039 0.921569
vt 0.098039 0.941176
vt 0.098039 0.960784
vt 0.098039 0.980392
vt 0.117647 0.019608
vt 0.117647 0.039216
vt 0.117647 0.058824
vt 0.117647 0.078431
vt 0.117647 0.098039
vt 0.117647 0.117647
vt 0.117647 0.137255
vt 0.098039 0.137255
vt 0.117647 0.156863
vt 0.098039 0.156863
vt 0.117647 0.176471
vt 0.098039 0.176471
vt 0.117647 0.196078
vt 0.117647 0.215686
vt 0.215686 0.431373
vt 0.196078 0.431373
vt 0.509804 0.745098
vt 0.529412 0.745098
vt 0.117647 0.274510
vt 0.117647 0.294118
vt 0.117647 0.313726
vt 0.196078 0.411765
vt 0.215686 0.411765
vt 0.117647 0.333333
vt 0.117647 0.352941
vt 0.117647 0.372549
vt 0.117647 0.392157
vt 0.117647 0.411765
vt 0.117647 0.431373
vt 0.117647 0.450980
vt 0.117647 0.470588
vt 0.117647 0.490196
vt 0.117647 0.509804
vt 0.117647 0.529412
vt 0.117647 0.549020
vt 0.117647 0.568628
vt 0.117647 0.588235
vt 0.117647 0.607843
vt 0.117647 0.627451
vt 0.117647 0.647059
vt 0.117647 0.666667
vt 0.117647 0.686275
vt 0.117647 0.705882
vt 0.117647 0.725490
vt 0.117647 0.745098
vt 0.117647 0.764706
vt 0.117647 0.784314
vt 0.117647 0.803922
vt 0.117647 0.823529
vt 0.117647 0.843137
vt 0.117647 0.862745
vt 0.509804 0.039216
vt 0.117647 0.882353
vt 0.117647 0.901961
vt 0.117647 0.921569
vt 0.117647 0.941176
vt 0.117647 0.960784
vt 0.137255 0.039216
vt 0.137255 0.058824
vt 0.137255 0.078431
vt 0.137255 0.098039
vt 0.137255 0.117647
vt 0.137255 0.137255
vt 0.137255 0.156863
vt 0.137255 0.176471
vt 0.333333 0.941176
vt 0.333333 0.921569
vt 0.137255 0.196078
vt 0.137255 0.215686
vt 0.137255 0.235294
vt 0.117647 0.235294
vt 0.137255 0.254902
vt 0.117647 0.254902
vt 0.137255 0.274510
vt 0.137255 0.294118
vt 0.137255 0.313726
vt 0.137255 0.333333
vt 0.137255 0.352941
vt 0.137255 0.372549
vt 0.137255 0.392157
vt 0.137255 0.411765
vt 0.137255 0.431373
vt 0.137255 0.450980
vt 0.137255 0.470588
vt 0.137255 0.490196
vt 0.137255 0.509804
vt 0.137255 0.529412
vt 0.137255 0.549020
vt 0.137255 0.568628
vt 0.137255 0.588235
vt 0.901961 0.960784
vt 0.882353 0.960784
vt 0.607843 0.823529
vt 0.588235 0.823529
vt 0.686275 0.941176
vt 0.666667 0.941176
vt 0.784314 0.078431
vt 0.764706 0.078431
vt 0.882353 0.941176
vt 0.901961 0.941176
vt 0.784314 0.921569
vt 0.784314 0.941176
vt 0.588235 0.803922
vt 0.607843 0.803922
vt 0.137255 0.725490
vt 0.137255 0.745098
vt 0.137255 0.764706
vt 0.137255 0.784314
vt 0.137255 0.803922
vt 0.137255 0.823529
vt 0.137255 0.843137
vt 0.137255 0.862745
vt 0.294118 0.313726
vt 0.274510 0.313726
vt 0.137255 0.882353
vt 0.137255 0.901961
vt 0.137255 0.921569
vt 0.137255 0.941176
vt 0.137255 0.960784
vt 0.156863 0.039216
vt 0.156863 0.058824
vt 0.156863 0.078431
vt 0.156863 0.098039
vt 0.156863 0.117647
vt 0.156863 0.137255
vt 0.156863 0.156863
vt 0.156863 0.176471
vt 0.156863 0.196078
vt 0.156863 0.215686
vt 0.156863 0.235294
vt 0.156863 0.254902
vt 0.156863 0.274510
vt 0.156863 0.294118
vt 0.156863 0.313726
vt 0.156863 0.333333
vt 0.156863 0.352941
vt 0.156863 0.372549
vt 0.156863 0.392157
vt 0.156863 0.411765
vt 0.156863 0.431373
vt 0.156863 0.450980
vt 0.156863 0.470588
vt 0.156863 0.490196
vt 0.156863 0.509804
vt 0.156863 0.529412
vt 0.156863 0.549020
vt 0.156863 0.568628
vt 0.156863 0.588235
vt 0.156863 0.607843
vt 0.137255 0.607843
vt 0.156863 0.627451
vt 0.137255 0.627451
vt 0.156863 0.647059
vt 0.137255 0.647059
vt 0.156863 0.666667
vt 0.137255 0.666667
vt 0.156863 0.686275
vt 0.137255 0.686275
vt 0.156863 0.705882
vt 0.137255 0.705882
vt 0.666667 0.921569
vt 0.686275 0.921569
vt 0.156863 0.725490
vt 0.156863 0.745098
vt 0.156863 0.764706
vt 0.156863 0.784314
vt 0.156863 0.803922
vt 0.156863 0.823529
vt 0.156863 0.843137
vt 0.156863 0.862745
vt 0.372549 0.431373
vt 0.352941 0.431373
vt 0.156863 0.882353
vt 0.156863 0.901961
vt 0.764706 0.058824
vt 0.784314 0.058824
vt 0.156863 0.921569
vt 0.156863 0.941176
vt 0.156863 0.960784
vt 0.156863 0.980392
vt 0.176471 0.019608
vt 0.176471 0.039216
vt 0.176471 0.058824
vt 0.176471 0.078431
vt 0.176471 0.098039
vt 0.176471 0.117647
vt 0.176471 0.137255
vt 0.176471 0.156863
vt 0.176471 0.176471
vt 0.705882 0.862745
vt 0.705882 0.843137
vt 0.176471 0.196078
vt 0.176471 0.215686
vt 0.176471 0.235294
vt 0.176471 0.254902
vt 0.176471 0.274510
vt 0.176471 0.294118
vt 0.176471 0.313726
vt 0.176471 0.333333
vt 0.176471 0.352941
vt 0.176471 0.372549
vt 0.176471 0.392157
vt 0.176471 0.411765
vt 0.176471 0.431373
vt 0.176471 0.450980
vt 0.176471 0.470588
vt 0.176471 0.490196
vt 0.176471 0.509804
vt 0.176471 0.529412
vt 0.176471 0.549020
vt 0.176471 0.568628
vt 0.176471 0.588235
vt 0.176471 0.607843
vt 0.176471 0.627451
vt 0.176471 0.647059
vt 0.176471 0.666667
vt 0.176471 0.686275
vt 0.176471 0.705882
vt 0.352941 0.411765
vt 0.372549 0.411765
vt 0.176471 0.725490
vt 0.176471 0.745098
vt 0.176471 0.764706
vt 0.176471 0.784314
vt 0.176471 0.803922
vt 0.176471 0.823529
vt 0.176471 0.843137
vt 0.176471 0.862745
vt 0.176471 0.882353
vt 0.176471 0.901961
vt 0.705882 0.823529
vt 0.176471 0.921569
vt 0.176471 0.941176
vt 0.176471 0.960784
vt 0.176471 0.980392
vt 0.549020 0.019608
vt 0.196078 0.019608
vt 0.196078 0.039216
vt 0.196078 0.058824
vt 0.196078 0.078431
vt 0.196078 0.098039
vt 0.196078 0.117647
vt 0.196078 0.137255
vt 0.196078 0.156863
vt 0.196078 0.176471
vt 0.196078 0.196078
vt 0.196078 0.215686
vt 0.196078 0.235294
vt 0.196078 0.254902
vt 0.196078 0.274510
vt 0.196078 0.294118
vt 0.196078 0.313726
vt 0.196078 0.333333
vt 0.196078 0.352941
vt 0.196078 0.372549
vt 0.196078 0.392157
vt 0.196078 0.450980
vt 0.196078 0.470588
vt 0.196078 0.490196
vt 0.196078 0.509804
vt 0.196078 0.529412
vt 0.196078 0.549020
vt 0.196078 0.568628
vt 0.196078 0.588235
vt 0.196078 0.607843
vt 0.196078 0.627451
vt 0.196078 0.647059
vt 0.196078 0.666667
vt 0.196078 0.686275
vt 0.196078 0.705882
vt 0.705882 0.803922
vt 0.196078 0.725490
vt 0.196078 0.745098
vt 0.196078 0.764706
vt 0.196078 0.784314
vt 0.196078 0.803922
vt 0.196078 0.823529
vt 0.196078 0.843137
vt 0.196078 0.862745
vt 0.705882 0.784314
vt 0.196078 0.882353
vt 0.196078 0.901961
vt 0.274510 0.215686
vt 0.294118 0.215686
vt 0.196078 0.921569
vt 0.196078 0.941176
vt 0.196078 0.960784
vt 0.196078 0.980392
vt 0.215686 0.019608
vt 0.215686 0.039216
vt 0.215686 0.058824
vt 0.215686 0.078431
vt 0.215686 0.098039
vt 0.215686 0.117647
vt 0.215686 0.137255
vt 0.215686 0.156863
vt 0.215686 0.176471
vt 0.686274 0.823529
vt 0.666667 0.823529
vt 0.215686 0.196078
vt 0.215686 0.215686
vt 0.215686 0.235294
vt 0.215686 0.254902
vt 0.215686 0.274510
vt 0.215686 0.294118
vt 0.215686 0.313726
vt 0.215686 0.333333
vt 0.215686 0.352941
vt 0.215686 0.372549
vt 0.215686 0.392157
vt 0.705882 0.764706
vt 0.215686 0.450980
vt 0.215686 0.470588
vt 0.764706 0.941176
vt 0.745098 0.941176
vt 0.215686 0.490196
vt 0.215686 0.509804
vt 0.215686 0.529412
vt 0.215686 0.549020
vt 0.215686 0.568628
vt 0.215686 0.588235
vt 0.215686 0.607843
vt 0.215686 0.627451
vt 0.215686 0.647059
vt 0.215686 0.666667
vt 0.215686 0.686275
vt 0.215686 0.705882
vt 0.862745 0.078431
vt 0.843137 0.078431
vt 0.215686 0.725490
vt 0.215686 0.745098
vt 0.215686 0.764706
vt 0.215686 0.784314
vt 0.215686 0.803922
vt 0.215686 0.823529
vt 0.215686 0.843137
vt 0.215686 0.862745
vt 0.215686 0.882353
vt 0.215686 0.901961
vt 0.666667 0.803922
vt 0.686274 0.803922
vt 0.215686 0.921569
vt 0.215686 0.941176
vt 0.215686 0.960784
vt 0.529412 0.980392
vt 0.235294 0.039216
vt 0.235294 0.058824
vt 0.235294 0.078431
vt 0.235294 0.098039
vt 0.235294 0.117647
vt 0.235294 0.137255
vt 0.235294 0.156863
vt 0.235294 0.176471
vt 0.745098 0.921569
vt 0.764706 0.921569
vt 0.235294 0.196078
vt 0.235294 0.215686
vt 0.235294 0.235294
vt 0.235294 0.254902
vt 0.235294 0.274510
vt 0.235294 0.294118
vt 0.235294 0.313726
vt 0.235294 0.333333
vt 0.235294 0.352941
vt 0.235294 0.372549
vt 0.235294 0.392157
vt 0.235294 0.411765
vt 0.901961 0.803922
vt 0.882353 0.803922
vt 0.235294 0.431373
vt 0.235294 0.450980
vt 0.235294 0.470588
vt 0.941176 0.882353
vt 0.941176 0.862745
vt 0.235294 0.490196
vt 0.235294 0.509804
vt 0.235294 0.529412
vt 0.235294 0.549020
vt 0.235294 0.568628
vt 0.235294 0.588235
vt 0.235294 0.607843
vt 0.235294 0.627451
vt 0.235294 0.647059
vt 0.235294 0.666667
vt 0.235294 0.686275
vt 0.235294 0.705882
vt 0.882353 0.784314
vt 0.901961 0.784314
vt 0.235294 0.725490
vt 0.235294 0.745098
vt 0.235294 0.764706
vt 0.235294 0.784314
vt 0.235294 0.803922
vt 0.235294 0.823529
vt 0.235294 0.843137
vt 0.235294 0.862745
vt 0.235294 0.882353
vt 0.235294 0.901961
vt 0.941176 0.843137
vt 0.235294 0.921569
vt 0.235294 0.941176
vt 0.235294 0.960784
vt 0.254902 0.039216
vt 0.254902 0.058824
vt 0.254902 0.078431
vt 0.254902 0.098039
vt 0.254902 0.117647
vt 0.254902 0.137255
vt 0.254902 0.156863
vt 0.254902 0.176471
vt 0.254902 0.196078
vt 0.254902 0.215686
vt 0.254902 0.235294
vt 0.254902 0.254902
vt 0.254902 0.274510
vt 0.254902 0.294118
vt 0.254902 0.313726
vt 0.254902 0.333333
vt 0.254902 0.352941
vt 0.254902 0.372549
vt 0.254902 0.392157
vt 0.254902 0.411765
vt 0.254902 0.431373
vt 0.254902 0.450980
vt 0.254902 0.470588
vt 0.843137 0.019608
vt 0.862745 0.019608
vt 0.254902 0.490196
vt 0.254902 0.509804
vt 0.254902 0.529412
vt 0.254902 0.549020
vt 0.254902 0.568628
vt 0.254902 0.588235
vt 0.254902 0.607843
vt 0.254902 0.627451
vt 0.254902 0.647059
vt 0.254902 0.666667
vt 0.254902 0.686275
vt 0.254902 0.705882
vt 0.254902 0.725490
vt 0.254902 0.745098
vt 0.254902 0.764706
vt 0.254902 0.784314
vt 0.254902 0.803922
vt 0.254902 0.823529
vt 0.254902 0.843137
vt 0.254902 0.862745
vt 0.254902 0.882353
vt 0.254902 0.901961
vt 0.862745 0.803922
vt 0.862745 0.784314
vt 0.254902 0.921569
vt 0.254902 0.941176
vt 0.254902 0.960784
vt 0.254902 0.980392
vt 0.274510 0.019608
vt 0.274510 0.039216
vt 0.274510 0.058824
vt 0.274510 0.078431
vt 0.274510 0.098039
vt 0.274510 0.117647
vt 0.274510 0.137255
vt 0.274510 0.156863
vt 0.274510 0.176471
vt 0.274510 0.196078
vt 0.274510 0.235294
vt 0.274510 0.254902
vt 0.274510 0.274510
vt 0.274510 0.294118
vt 0.274510 0.333333
vt 0.274510 0.352941
vt 0.274510 0.372549
vt 0.274510 0.392157
vt 0.941176 0.823529
vt 0.274510 0.450980
vt 0.764706 0.862745
vt 0.745098 0.862745
vt 0.274510 0.509804
vt 0.274510 0.529412
vt 0.274510 0.549020
vt 0.274510 0.568628
vt 0.274510 0.588235
vt 0.274510 0.607843
vt 0.274510 0.627451
vt 0.274510 0.647059
vt 0.274510 0.666667
vt 0.274510 0.686275
vt 0.274510 0.705882
vt 0.274510 0.725490
vt 0.274510 0.745098
vt 0.274510 0.764706
vt 0.274510 0.784314
vt 0.274510 0.803922
vt 0.274510 0.823529
vt 0.274510 0.843137
vt 0.274510 0.862745
vt 0.274510 0.882353
vt 0.274510 0.901961
vt 0.274510 0.921569
vt 0.274510 0.941176
vt 0.274510 0.960784
vt 0.274510 0.980392
vt 0.294118 0.019608
vt 0.294118 0.039216
vt 0.294118 0.058824
vt 0.294118 0.078431
vt 0.294118 0.098039
vt 0.294118 0.117647
vt 0.294118 0.137255
vt 0.294118 0.156863
vt 0.294118 0.176471
vt 0.294118 0.196078
vt 0.941176 0.803922
vt 0.745098 0.843137
vt 0.764706 0.843137
vt 0.450980 0.333333
vt 0.431373 0.333333
vt 0.607843 0.568628
vt 0.588235 0.568628
vt 0.588235 0.549020
vt 0.607843 0.549020
vt 0.294118 0.333333
vt 0.294118 0.352941
vt 0.294118 0.372549
vt 0.294118 0.392157
vt 0.333333 0.647059
vt 0.333333 0.627451
vt 0.294118 0.450980
vt 0.333333 0.607843
vt 0.294118 0.509804
vt 0.294118 0.529412
vt 0.294118 0.549020
vt 0.294118 0.568628
vt 0.294118 0.588235
vt 0.294118 0.607843
vt 0.294118 0.627451
vt 0.294118 0.647059
vt 0.294118 0.666667
vt 0.294118 0.686275
vt 0.294118 0.705882
vt 0.294118 0.725490
vt 0.294118 0.745098
vt 0.294118 0.764706
vt 0.294118 0.784314
vt 0.294118 0.803922
vt 0.294118 0.823529
vt 0.294118 0.843137
vt 0.431373 0.274510
vt 0.450980 0.274510
vt 0.529412 0.392157
vt 0.509804 0.392157
vt 0.333333 0.588235
vt 0.372549 0.137255
vt 0.352941 0.137255
vt 0.294118 0.921569
vt 0.294118 0.941176
vt 0.294118 0.960784
vt 0.313726 0.039216
vt 0.313726 0.058824
vt 0.313726 0.078431
vt 0.313726 0.098039
vt 0.313726 0.117647
vt 0.313726 0.137255
vt 0.313726 0.156863
vt 0.313726 0.176471
vt 0.313726 0.196078
vt 0.313726 0.215686
vt 0.313726 0.235294
vt 0.294118 0.235294
vt 0.313726 0.254902
vt 0.294118 0.254902
vt 0.313726 0.274510
vt 0.294118 0.274510
vt 0.313726 0.294118
vt 0.294118 0.294118
vt 0.313726 0.313726
vt 0.313726 0.333333
vt 0.313726 0.352941
vt 0.313726 0.372549
vt 0.313726 0.392157
vt 0.313726 0.411765
vt 0.411765 0.627451
vt 0.411765 0.647059
vt 0.313726 0.431373
vt 0.313726 0.450980
vt 0.313726 0.470588
vt 0.450980 0.254902
vt 0.431373 0.254902
vt 0.313726 0.490196
vt 0.313726 0.509804
vt 0.313726 0.529412
vt 0.313726 0.549020
vt 0.313726 0.568628
vt 0.313726 0.588235
vt 0.313726 0.607843
vt 0.313726 0.627451
vt 0.313726 0.647059
vt 0.313726 0.666667
vt 0.313726 0.686275
vt 0.941176 0.686275
vt 0.941176 0.705882
vt 0.333333 0.568628
vt 0.352941 0.117647
vt 0.372549 0.117647
vt 0.411765 0.607843
vt 0.941176 0.666667
vt 0.313726 0.784314
vt 0.313726 0.803922
vt 0.313726 0.823529
vt 0.313726 0.843137
vt 0.313726 0.862745
vt 0.294118 0.862745
vt 0.313726 0.882353
vt 0.294118 0.882353
vt 0.313726 0.901961
vt 0.294118 0.901961
vt 0.313726 0.921569
vt 0.313726 0.941176
vt 0.313725 0.960784
vt 0.333333 0.039216
vt 0.333333 0.058824
vt 0.333333 0.078431
vt 0.333333 0.098039
vt 0.333333 0.117647
vt 0.333333 0.137255
vt 0.333333 0.156863
vt 0.333333 0.176471
vt 0.333333 0.196078
vt 0.333333 0.215686
vt 0.333333 0.235294
vt 0.333333 0.254902
vt 0.333333 0.274510
vt 0.333333 0.294118
vt 0.333333 0.313726
vt 0.333333 0.333333
vt 0.333333 0.352941
vt 0.333333 0.372549
vt 0.333333 0.392157
vt 0.333333 0.411765
vt 0.333333 0.549020
vt 0.333333 0.431373
vt 0.333333 0.450980
vt 0.333333 0.470588
vt 0.411765 0.588235
vt 0.333333 0.490196
vt 0.333333 0.509804
vt 0.333333 0.529412
vt 0.333333 0.666667
vt 0.333333 0.686275
vt 0.333333 0.705882
vt 0.313726 0.705882
vt 0.333333 0.725490
vt 0.313726 0.725490
vt 0.333333 0.745098
vt 0.313726 0.745098
vt 0.333333 0.764706
vt 0.313726 0.764706
vt 0.333333 0.784314
vt 0.333333 0.803922
vt 0.333333 0.823529
vt 0.333333 0.843137
vt 0.333333 0.862745
vt 0.333333 0.882353
vt 0.333333 0.901961
vt 0.333333 0.960784
vt 0.333333 0.980392
vt 0.627451 0.019608
vt 0.352941 0.019608
vt 0.352941 0.039216
vt 0.352941 0.058824
vt 0.352941 0.078431
vt 0.352941 0.098039
vt 0.941177 0.647059
vt 0.352941 0.156863
vt 0.352941 0.176471
vt 0.352941 0.196078
vt 0.352941 0.215686
vt 0.352941 0.235294
vt 0.352941 0.254902
vt 0.352941 0.274510
vt 0.352941 0.294118
vt 0.352941 0.313726
vt 0.352941 0.333333
vt 0.352941 0.352941
vt 0.352941 0.372549
vt 0.352941 0.392157
vt 0.352941 0.450980
vt 0.352941 0.470588
vt 0.411765 0.568628
vt 0.941176 0.627451
vt 0.411765 0.549020
vt 0.941176 0.607843
vt 0.352941 0.666667
vt 0.352941 0.686275
vt 0.352941 0.705882
vt 0.352941 0.725490
vt 0.352941 0.745098
vt 0.352941 0.764706
vt 0.352941 0.784314
vt 0.352941 0.803922
vt 0.352941 0.823529
vt 0.352941 0.843137
vt 0.352941 0.862745
vt 0.352941 0.882353
vt 0.352941 0.901961
vt 0.352941 0.921569
vt 0.411765 0.529412
vt 0.352941 0.941176
vt 0.352941 0.960784
vt 0.352941 0.980392
vt 0.372549 0.019608
vt 0.372549 0.039216
vt 0.372549 0.058824
vt 0.372549 0.078431
vt 0.372549 0.098039
vt 0.450980 0.156863
vt 0.372549 0.156863
vt 0.372549 0.176471
vt 0.372549 0.196078
vt 0.372549 0.215686
vt 0.372549 0.235294
vt 0.372549 0.254902
vt 0.372549 0.274510
vt 0.372549 0.294118
vt 0.372549 0.313726
vt 0.372549 0.333333
vt 0.372549 0.352941
vt 0.372549 0.372549
vt 0.372549 0.392157
vt 0.509804 0.274510
vt 0.529412 0.274510
vt 0.372549 0.450980
vt 0.372549 0.470588
vt 0.372549 0.490196
vt 0.352941 0.490196
vt 0.372549 0.509804
vt 0.352941 0.509804
vt 0.372549 0.529412
vt 0.352941 0.529412
vt 0.372549 0.549020
vt 0.352941 0.549020
vt 0.372549 0.568628
vt 0.352941 0.568628
vt 0.372549 0.588235
vt 0.352941 0.588235
vt 0.372549 0.607843
vt 0.352941 0.607843
vt 0.941176 0.588235
vt 0.372549 0.666667
vt 0.372549 0.686275
vt 0.372549 0.705882
vt 0.372549 0.725490
vt 0.372549 0.745098
vt 0.372549 0.764706
vt 0.372549 0.784314
vt 0.372549 0.803922
vt 0.372549 0.823529
vt 0.372549 0.843137
vt 0.372549 0.862745
vt 0.372549 0.882353
vt 0.372549 0.901961
vt 0.372549 0.921569
vt 0.372549 0.941176
vt 0.372549 0.960784
vt 0.607843 0.980392
vt 0.411765 0.509804
vt 0.392157 0.039216
vt 0.392157 0.058824
vt 0.392157 0.078431
vt 0.392157 0.098039
vt 0.392157 0.117647
vt 0.941176 0.568628
vt 0.392157 0.137255
vt 0.392157 0.156863
vt 0.392157 0.176471
vt 0.392157 0.196078
vt 0.392157 0.215686
vt 0.392157 0.235294
vt 0.392157 0.254902
vt 0.392157 0.274510
vt 0.392157 0.294118
vt 0.392157 0.313726
vt 0.392157 0.333333
vt 0.392157 0.352941
vt 0.392157 0.372549
vt 0.392157 0.392157
vt 0.392157 0.411765
vt 0.764706 0.607843
vt 0.745098 0.607843
vt 0.392157 0.431373
vt 0.392157 0.450980
vt 0.392157 0.470588
vt 0.392157 0.490196
vt 0.392157 0.509804
vt 0.392157 0.529412
vt 0.392157 0.549020
vt 0.392157 0.568628
vt 0.392157 0.588235
vt 0.392157 0.607843
vt 0.392157 0.627451
vt 0.392157 0.647059
vt 0.392157 0.666667
vt 0.392157 0.686275
vt 0.392157 0.705882
vt 0.392157 0.725490
vt 0.392157 0.745098
vt 0.392157 0.764706
vt 0.392157 0.784314
vt 0.392157 0.803922
vt 0.392157 0.823529
vt 0.392157 0.843137
vt 0.392157 0.862745
vt 0.392157 0.882353
vt 0.392157 0.901961
vt 0.392157 0.921569
vt 0.411765 0.490196
vt 0.392157 0.941176
vt 0.392157 0.960784
vt 0.941176 0.549020
vt 0.411765 0.039216
vt 0.411765 0.058824
vt 0.411765 0.078431
vt 0.411765 0.098039
vt 0.411765 0.117647
vt 0.745098 0.588235
vt 0.764706 0.588235
vt 0.411765 0.137255
vt 0.411765 0.156863
vt 0.411765 0.176471
vt 0.411765 0.196078
vt 0.411765 0.215686
vt 0.411765 0.235294
vt 0.411765 0.254902
vt 0.411765 0.274510
vt 0.411765 0.294118
vt 0.411765 0.313726
vt 0.411765 0.333333
vt 0.411765 0.352941
vt 0.411765 0.372549
vt 0.411765 0.392157
vt 0.411765 0.411765
vt 0.411765 0.470588
vt 0.901961 0.450980
vt 0.882353 0.450980
vt 0.411765 0.450980
vt 0.882353 0.431373
vt 0.901961 0.431373
vt 0.411765 0.431373
vt 0.607843 0.294118
vt 0.588235 0.294118
vt 0.411765 0.666667
vt 0.411765 0.686275
vt 0.411765 0.705882
vt 0.411765 0.725490
vt 0.411765 0.745098
vt 0.450980 0.039216
vt 0.431373 0.039216
vt 0.411765 0.764706
vt 0.411765 0.784314
vt 0.411765 0.803922
vt 0.411765 0.823529
vt 0.411765 0.843137
vt 0.411765 0.862745
vt 0.411765 0.882353
vt 0.411765 0.901961
vt 0.411765 0.921569
vt 0.411765 0.941176
vt 0.411765 0.960784
vt 0.411765 0.980392
vt 0.588235 0.274510
vt 0.607843 0.274510
vt 0.431373 0.058824
vt 0.431373 0.078431
vt 0.431373 0.098039
vt 0.431373 0.019608
vt 0.450980 0.019608
vt 0.431373 0.196078
vt 0.431373 0.215686
vt 0.431373 0.235294
vt 0.431373 0.294118
vt 0.431373 0.313726
vt 0.431373 0.352941
vt 0.431373 0.372549
vt 0.431373 0.392157
vt 0.431373 0.411765
vt 0.431373 0.431373
vt 0.431373 0.450980
vt 0.431373 0.470588
vt 0.431373 0.490196
vt 0.431373 0.509804
vt 0.431373 0.529412
vt 0.431373 0.549020
vt 0.431373 0.568628
vt 0.431373 0.588235
vt 0.431373 0.607843
vt 0.431373 0.627451
vt 0.431373 0.647059
vt 0.431373 0.666667
vt 0.431373 0.686275
vt 0.431373 0.705882
vt 0.431373 0.725490
vt 0.431373 0.941176
vt 0.431373 0.784314
vt 0.431373 0.803922
vt 0.431373 0.823529
vt 0.431373 0.843137
vt 0.431373 0.862745
vt 0.431373 0.882353
vt 0.431373 0.901961
vt 0.431373 0.921569
vt 0.431373 0.960784
vt 0.431373 0.980392
vt 0.450980 0.058824
vt 0.450980 0.078431
vt 0.450980 0.098039
vt 0.450980 0.117647
vt 0.450980 0.137255
vt 0.862745 0.352941
vt 0.862745 0.333333
vt 0.490196 0.352941
vt 0.490196 0.372549
vt 0.686275 0.294118
vt 0.666667 0.294118
vt 0.862745 0.313726
vt 0.490196 0.333333
vt 0.450980 0.352941
vt 0.450980 0.372549
vt 0.450980 0.392157
vt 0.450980 0.411765
vt 0.450980 0.431373
vt 0.450980 0.450980
vt 0.450980 0.470588
vt 0.450980 0.490196
vt 0.450980 0.509804
vt 0.450980 0.529412
vt 0.450980 0.549020
vt 0.450980 0.568628
vt 0.450980 0.588235
vt 0.450980 0.607843
vt 0.450980 0.627451
vt 0.450980 0.647059
vt 0.450980 0.666667
vt 0.450980 0.686275
vt 0.450980 0.705882
vt 0.450980 0.725490
vt 0.450980 0.784314
vt 0.450980 0.803922
vt 0.450980 0.823529
vt 0.450980 0.843137
vt 0.450980 0.862745
vt 0.450980 0.882353
vt 0.450980 0.901961
vt 0.450980 0.921569
vt 0.666667 0.274510
vt 0.686275 0.274510
vt 0.450980 0.941176
vt 0.450980 0.960784
vt 0.862745 0.294118
vt 0.470588 0.039216
vt 0.470588 0.058824
vt 0.470588 0.078431
vt 0.470588 0.098039
vt 0.470588 0.117647
vt 0.470588 0.137255
vt 0.470588 0.156863
vt 0.470588 0.176471
vt 0.450980 0.176471
vt 0.470588 0.196078
vt 0.450980 0.196078
vt 0.470588 0.215686
vt 0.450980 0.215686
vt 0.470588 0.235294
vt 0.450980 0.235294
vt 0.470588 0.254902
vt 0.470588 0.274510
vt 0.470588 0.294118
vt 0.450981 0.294118
vt 0.470588 0.313726
vt 0.450980 0.313726
vt 0.490196 0.313726
vt 0.470588 0.333333
vt 0.470588 0.352941
vt 0.470588 0.372549
vt 0.470588 0.392157
vt 0.470588 0.411765
vt 0.470588 0.431373
vt 0.470588 0.450980
vt 0.470588 0.470588
vt 0.470588 0.490196
vt 0.470588 0.509804
vt 0.470588 0.529412
vt 0.470588 0.549020
vt 0.470588 0.568628
vt 0.470588 0.588235
vt 0.470588 0.607843
vt 0.470588 0.627451
vt 0.470588 0.647059
vt 0.470588 0.666667
vt 0.470588 0.686275
vt 0.470588 0.705882
vt 0.470588 0.725490
vt 0.470588 0.745098
vt 0.862745 0.274510
vt 0.470588 0.764706
vt 0.470588 0.784314
vt 0.470588 0.803922
vt 0.470588 0.823529
vt 0.470588 0.843137
vt 0.470588 0.862745
vt 0.470588 0.882353
vt 0.470588 0.901961
vt 0.470588 0.921569
vt 0.490196 0.294118
vt 0.470588 0.941176
vt 0.470588 0.960784
vt 0.862745 0.254902
vt 0.490196 0.039216
vt 0.490196 0.058824
vt 0.490196 0.078431
vt 0.490196 0.098039
vt 0.490196 0.117647
vt 0.490196 0.137255
vt 0.490196 0.156863
vt 0.490196 0.274510
vt 0.843137 0.450980
vt 0.823530 0.450980
vt 0.862745 0.235294
vt 0.490196 0.254902
vt 0.509804 0.941176
vt 0.490196 0.941176
vt 0.823530 0.431373
vt 0.843137 0.431373
vt 0.862745 0.215686
vt 0.490196 0.235294
vt 0.490196 0.921569
vt 0.490196 0.215686
vt 0.862745 0.196078
vt 0.490196 0.392157
vt 0.490196 0.411765
vt 0.490196 0.431373
vt 0.490196 0.450980
vt 0.490196 0.470588
vt 0.490196 0.490196
vt 0.490196 0.509804
vt 0.490196 0.529412
vt 0.490196 0.549020
vt 0.490196 0.568628
vt 0.490196 0.588235
vt 0.490196 0.607843
vt 0.490196 0.627451
vt 0.490196 0.647059
vt 0.490196 0.666667
vt 0.490196 0.686275
vt 0.490196 0.705882
vt 0.490196 0.725490
vt 0.490196 0.745098
vt 0.490196 0.764706
vt 0.490196 0.784314
vt 0.490196 0.803922
vt 0.490196 0.823529
vt 0.490196 0.843137
vt 0.490196 0.862745
vt 0.490196 0.882353
vt 0.490196 0.901961
vt 0.490196 0.196078
vt 0.490196 0.960784
vt 0.705882 0.019608
vt 0.862745 0.176471
vt 0.509804 0.058824
vt 0.509804 0.078431
vt 0.509804 0.098039
vt 0.509804 0.117647
vt 0.509804 0.137255
vt 0.509804 0.156863
vt 0.509804 0.176471
vt 0.490196 0.176471
vt 0.509804 0.196078
vt 0.509804 0.215686
vt 0.509804 0.235294
vt 0.509804 0.254902
vt 0.509804 0.294118
vt 0.509804 0.313726
vt 0.509804 0.333333
vt 0.509804 0.352941
vt 0.509804 0.372549
vt 0.509804 0.411765
vt 0.509804 0.431373
vt 0.509804 0.450980
vt 0.509804 0.470588
vt 0.509804 0.490196
vt 0.509804 0.509804
vt 0.509804 0.529412
vt 0.509804 0.549020
vt 0.509804 0.568628
vt 0.509804 0.588235
vt 0.509804 0.607843
vt 0.509804 0.627451
vt 0.509804 0.647059
vt 0.509804 0.666667
vt 0.509804 0.686275
vt 0.509804 0.705882
vt 0.509804 0.725490
vt 0.509804 0.784314
vt 0.509804 0.803922
vt 0.509804 0.823529
vt 0.509804 0.843137
vt 0.509804 0.862745
vt 0.509804 0.882353
vt 0.509804 0.901961
vt 0.509804 0.960784
vt 0.509804 0.980392
vt 0.529412 0.019608
vt 0.529412 0.039216
vt 0.529412 0.058824
vt 0.529412 0.078431
vt 0.529412 0.098039
vt 0.529412 0.117647
vt 0.529412 0.137255
vt 0.529412 0.156863
vt 0.529412 0.176471
vt 0.529412 0.196078
vt 0.529412 0.215686
vt 0.529412 0.235294
vt 0.529412 0.254902
vt 0.568627 0.941176
vt 0.666667 0.078431
vt 0.568627 0.921569
vt 0.529412 0.411765
vt 0.529412 0.431373
vt 0.529412 0.450980
vt 0.529412 0.470588
vt 0.529412 0.490196
vt 0.529412 0.509804
vt 0.529412 0.529412
vt 0.529412 0.549020
vt 0.529412 0.568628
vt 0.529412 0.588235
vt 0.529412 0.607843
vt 0.529412 0.627451
vt 0.529412 0.647059
vt 0.529412 0.666667
vt 0.529412 0.686275
vt 0.529412 0.705882
vt 0.529412 0.725490
vt 0.529412 0.784314
vt 0.529412 0.803922
vt 0.529412 0.823529
vt 0.529412 0.843137
vt 0.529412 0.862745
vt 0.529412 0.882353
vt 0.529412 0.901961
vt 0.666667 0.058824
vt 0.529412 0.941176
vt 0.529412 0.960784
vt 0.686275 0.980392
vt 0.549020 0.039216
vt 0.549020 0.058824
vt 0.549020 0.078431
vt 0.549020 0.098039
vt 0.549020 0.117647
vt 0.549020 0.137255
vt 0.549020 0.156863
vt 0.549020 0.176471
vt 0.549020 0.196078
vt 0.549020 0.215686
vt 0.549020 0.235294
vt 0.549020 0.254902
vt 0.549020 0.274510
vt 0.549020 0.294118
vt 0.529412 0.294118
vt 0.549020 0.313726
vt 0.529412 0.313726
vt 0.549020 0.333333
vt 0.529412 0.333333
vt 0.549020 0.352941
vt 0.529412 0.352941
vt 0.549020 0.372549
vt 0.529412 0.372549
vt 0.549020 0.392157
vt 0.549020 0.411765
vt 0.549020 0.431373
vt 0.549020 0.450980
vt 0.549020 0.470588
vt 0.549020 0.490196
vt 0.549020 0.509804
vt 0.549020 0.529412
vt 0.549020 0.549020
vt 0.549020 0.568628
vt 0.549020 0.588235
vt 0.549020 0.607843
vt 0.549020 0.627451
vt 0.549020 0.647059
vt 0.549020 0.666667
vt 0.549020 0.686275
vt 0.549020 0.705882
vt 0.549020 0.725490
vt 0.549020 0.745098
vt 0.549020 0.764706
vt 0.549020 0.784314
vt 0.549020 0.803922
vt 0.549020 0.823529
vt 0.549020 0.843137
vt 0.549020 0.862745
vt 0.549020 0.882353
vt 0.549020 0.901961
vt 0.549020 0.921569
vt 0.549020 0.941176
vt 0.549020 0.960784
vt 0.568628 0.039216
vt 0.568628 0.058824
vt 0.568628 0.078431
vt 0.568628 0.098039
vt 0.568628 0.117647
vt 0.568628 0.137255
vt 0.568628 0.156863
vt 0.568628 0.176471
vt 0.568628 0.196078
vt 0.568628 0.215686
vt 0.568628 0.235294
vt 0.568628 0.254902
vt 0.568628 0.274510
vt 0.862745 0.058824
vt 0.568628 0.294118
vt 0.568628 0.313726
vt 0.568628 0.333333
vt 0.568628 0.352941
vt 0.568628 0.372549
vt 0.568628 0.392157
vt 0.568628 0.411765
vt 0.568628 0.431373
vt 0.568628 0.450980
vt 0.568628 0.470588
vt 0.568628 0.490196
vt 0.568628 0.509804
vt 0.568628 0.529412
vt 0.568627 0.549020
vt 0.568627 0.568628
vt 0.568627 0.588235
vt 0.568627 0.607843
vt 0.568627 0.627451
vt 0.568628 0.647059
vt 0.568627 0.666667
vt 0.568627 0.686275
vt 0.568627 0.705882
vt 0.568627 0.725490
vt 0.568627 0.745098
vt 0.568627 0.764706
vt 0.568627 0.784314
vt 0.568627 0.803922
vt 0.568627 0.823529
vt 0.568627 0.843137
vt 0.568627 0.862745
vt 0.568627 0.882353
vt 0.568627 0.901961
vt 0.568627 0.960784
vt 0.588235 0.039216
vt 0.588235 0.058824
vt 0.588235 0.078431
vt 0.588235 0.098039
vt 0.588235 0.117647
vt 0.588235 0.137255
vt 0.588235 0.156863
vt 0.588235 0.176471
vt 0.588235 0.196078
vt 0.588235 0.215686
vt 0.588235 0.235294
vt 0.588235 0.254902
vt 0.588235 0.313726
vt 0.588235 0.333333
vt 0.588235 0.352941
vt 0.862745 0.039216
vt 0.862745 0.960784
vt 0.960784 0.098039
vt 0.647059 0.941176
vt 0.588235 0.529412
vt 0.862745 0.941176
vt 0.960784 0.078431
vt 0.647059 0.921569
vt 0.588235 0.627451
vt 0.588235 0.647059
vt 0.588235 0.666667
vt 0.588235 0.686275
vt 0.588235 0.705882
vt 0.588235 0.725490
vt 0.588235 0.745098
vt 0.588235 0.764706
vt 0.588235 0.784314
vt 0.588235 0.843137
vt 0.588235 0.862745
vt 0.588235 0.882353
vt 0.588235 0.901961
vt 0.588235 0.960784
vt 0.588235 0.980392
vt 0.607843 0.019608
vt 0.607843 0.039216
vt 0.607843 0.078431
vt 0.607843 0.098039
vt 0.607843 0.117647
vt 0.607843 0.137255
vt 0.607843 0.156863
vt 0.607843 0.176471
vt 0.607843 0.196078
vt 0.607843 0.215686
vt 0.607843 0.235294
vt 0.607843 0.254902
vt 0.607843 0.313726
vt 0.607843 0.333333
vt 0.607843 0.352941
vt 0.607843 0.372549
vt 0.588235 0.372549
vt 0.607843 0.392157
vt 0.588235 0.392157
vt 0.607843 0.411765
vt 0.588235 0.411765
vt 0.607843 0.431373
vt 0.588235 0.431373
vt 0.607843 0.450980
vt 0.588235 0.450980
vt 0.607843 0.470588
vt 0.588235 0.470588
vt 0.607843 0.490196
vt 0.588235 0.490196
vt 0.607843 0.509804
vt 0.588235 0.509804
vt 0.607843 0.529412
vt 0.607843 0.588235
vt 0.588235 0.588235
vt 0.607843 0.607843
vt 0.588235 0.607843
vt 0.607843 0.627451
vt 0.607843 0.647059
vt 0.607843 0.666667
vt 0.607843 0.686275
vt 0.607843 0.705882
vt 0.607843 0.725490
vt 0.607843 0.745098
vt 0.607843 0.764706
vt 0.607843 0.784314
vt 0.607843 0.843137
vt 0.607843 0.862745
vt 0.607843 0.882353
vt 0.607843 0.901961
vt 0.843137 0.960784
vt 0.843137 0.941176
vt 0.607843 0.960784
vt 0.627451 0.039216
vt 0.627451 0.078431
vt 0.627451 0.098039
vt 0.627451 0.117647
vt 0.627451 0.137255
vt 0.627451 0.156863
vt 0.627451 0.176471
vt 0.627451 0.196078
vt 0.627451 0.215686
vt 0.627451 0.235294
vt 0.627451 0.254902
vt 0.627451 0.274510
vt 0.627451 0.294118
vt 0.627451 0.313726
vt 0.627451 0.333333
vt 0.627451 0.352941
vt 0.627451 0.372549
vt 0.627451 0.392157
vt 0.627451 0.411765
vt 0.627451 0.431373
vt 0.627451 0.450980
vt 0.627451 0.470588
vt 0.627451 0.490196
vt 0.627451 0.509804
vt 0.627451 0.529412
vt 0.627451 0.549020
vt 0.627451 0.568628
vt 0.627451 0.588235
vt 0.627451 0.607843
vt 0.627451 0.627451
vt 0.627451 0.647059
vt 0.627451 0.666667
vt 0.627451 0.686275
vt 0.627451 0.705882
vt 0.627451 0.725490
vt 0.627451 0.745098
vt 0.627451 0.764706
vt 0.627451 0.784314
vt 0.627451 0.803922
vt 0.627451 0.823529
vt 0.627451 0.843137
vt 0.627451 0.862745
vt 0.627451 0.882353
vt 0.627451 0.901961
vt 0.627451 0.921569
vt 0.627451 0.941176
vt 0.627451 0.960784
vt 0.647059 0.039216
vt 0.647059 0.058824
vt 0.960784 0.960784
vt 0.941176 0.960784
vt 0.647059 0.078431
vt 0.647059 0.098039
vt 0.647059 0.117647
vt 0.647059 0.137255
vt 0.647059 0.156863
vt 0.647059 0.176471
vt 0.647059 0.196078
vt 0.647059 0.215686
vt 0.647059 0.235294
vt 0.647059 0.254902
vt 0.647059 0.274510
vt 0.647059 0.294118
vt 0.647059 0.313726
vt 0.647059 0.333333
vt 0.647059 0.352941
vt 0.647059 0.372549
vt 0.647059 0.392157
vt 0.647059 0.411765
vt 0.647059 0.431373
vt 0.647059 0.450980
vt 0.647059 0.470588
vt 0.647059 0.490196
vt 0.647059 0.509804
vt 0.647059 0.529412
vt 0.647059 0.549020
vt 0.647059 0.823529
vt 0.647059 0.568628
vt 0.647059 0.588235
vt 0.647059 0.607843
vt 0.647059 0.627451
vt 0.647059 0.647059
vt 0.647059 0.666667
vt 0.647059 0.686275
vt 0.647059 0.705882
vt 0.647059 0.725490
vt 0.647059 0.745098
vt 0.647059 0.764706
vt 0.647059 0.784314
vt 0.647059 0.803922
vt 0.725490 0.941176
vt 0.647059 0.843137
vt 0.647059 0.862745
vt 0.647059 0.882353
vt 0.647059 0.901961
vt 0.823529 0.078431
vt 0.647059 0.960784
vt 0.882353 0.019608
vt 0.666667 0.039216
vt 0.941176 0.941176
vt 0.960784 0.941176
vt 0.666667 0.098039
vt 0.666667 0.117647
vt 0.666667 0.137255
vt 0.666667 0.156863
vt 0.666667 0.176471
vt 0.666667 0.196078
vt 0.666667 0.215686
vt 0.666667 0.235294
vt 0.666667 0.254902
vt 0.666667 0.313726
vt 0.666667 0.333333
vt 0.666667 0.352941
vt 0.666667 0.372549
vt 0.666667 0.392157
vt 0.666667 0.411765
vt 0.666667 0.431373
vt 0.666667 0.450980
vt 0.666667 0.470588
vt 0.666667 0.490196
vt 0.666667 0.509804
vt 0.666667 0.529412
vt 0.666667 0.549020
vt 0.666667 0.568628
vt 0.666667 0.588235
vt 0.666667 0.607843
vt 0.666667 0.627451
vt 0.666667 0.647059
vt 0.666667 0.666667
vt 0.666667 0.686275
vt 0.666667 0.705882
vt 0.666667 0.725490
vt 0.666667 0.745098
vt 0.666667 0.764706
vt 0.666667 0.784314
vt 0.666667 0.843137
vt 0.666667 0.862745
vt 0.666667 0.882353
vt 0.666667 0.901961
vt 0.725490 0.921569
vt 0.666667 0.960784
vt 0.666667 0.980392
vt 0.784314 0.019608
vt 0.686275 0.019608
vt 0.686275 0.039216
vt 0.686275 0.098039
vt 0.686275 0.117647
vt 0.686275 0.137255
vt 0.686275 0.156863
vt 0.686275 0.176471
vt 0.686275 0.196078
vt 0.686275 0.215686
vt 0.686275 0.235294
vt 0.686275 0.254902
vt 0.823529 0.058824
vt 0.843137 0.058824
vt 0.686275 0.313726
vt 0.686275 0.333333
vt 0.686275 0.352941
vt 0.686275 0.372549
vt 0.686275 0.392157
vt 0.686275 0.411765
vt 0.686275 0.431373
vt 0.686275 0.450980
vt 0.686275 0.470588
vt 0.686275 0.490196
vt 0.686275 0.509804
vt 0.686275 0.529412
vt 0.686275 0.549020
vt 0.686275 0.568628
vt 0.686274 0.588235
vt 0.686274 0.607843
vt 0.686274 0.627451
vt 0.686274 0.647059
vt 0.686274 0.666667
vt 0.686274 0.686275
vt 0.686274 0.705882
vt 0.686274 0.725490
vt 0.686274 0.745098
vt 0.686274 0.764706
vt 0.686274 0.784314
vt 0.686275 0.843137
vt 0.686275 0.862745
vt 0.686275 0.882353
vt 0.686275 0.901961
vt 0.686275 0.960784
vt 0.705882 0.039216
vt 0.705882 0.098039
vt 0.705882 0.117647
vt 0.705882 0.137255
vt 0.705882 0.156863
vt 0.705882 0.176471
vt 0.705882 0.196078
vt 0.705882 0.215686
vt 0.705883 0.235294
vt 0.705883 0.254902
vt 0.705883 0.274510
vt 0.705883 0.294118
vt 0.705883 0.313726
vt 0.705883 0.333333
vt 0.705883 0.352941
vt 0.705883 0.372549
vt 0.705883 0.392157
vt 0.705883 0.411765
vt 0.705883 0.431373
vt 0.705882 0.450980
vt 0.705882 0.470588
vt 0.705882 0.490196
vt 0.705882 0.509804
vt 0.705882 0.529412
vt 0.705882 0.549020
vt 0.705882 0.568628
vt 0.705882 0.588235
vt 0.705882 0.607843
vt 0.705882 0.627451
vt 0.705882 0.647059
vt 0.705882 0.666667
vt 0.705882 0.686275
vt 0.705882 0.705882
vt 0.705882 0.725490
vt 0.705882 0.745098
vt 0.705882 0.882353
vt 0.705882 0.901961
vt 0.705882 0.921569
vt 0.705882 0.941176
vt 0.705882 0.960784
vt 0.725490 0.039216
vt 0.725490 0.058824
vt 0.725490 0.078431
vt 0.725490 0.098039
vt 0.725490 0.117647
vt 0.725490 0.137255
vt 0.725490 0.156863
vt 0.725490 0.176471
vt 0.725490 0.196078
vt 0.725490 0.215686
vt 0.725490 0.235294
vt 0.725490 0.254902
vt 0.725490 0.274510
vt 0.725490 0.294118
vt 0.725490 0.313726
vt 0.725490 0.333333
vt 0.725490 0.352941
vt 0.725490 0.372549
vt 0.725490 0.392157
vt 0.725490 0.411765
vt 0.725490 0.431373
vt 0.725490 0.450980
vt 0.725490 0.470588
vt 0.725490 0.490196
vt 0.725490 0.509804
vt 0.725490 0.529412
vt 0.725490 0.549020
vt 0.725490 0.568628
vt 0.725490 0.588235
vt 0.725490 0.607843
vt 0.725490 0.627451
vt 0.725490 0.647059
vt 0.725490 0.666667
vt 0.725490 0.686275
vt 0.725490 0.705882
vt 0.725490 0.725490
vt 0.725490 0.745098
vt 0.725490 0.764706
vt 0.960784 0.882353
vt 0.725490 0.862745
vt 0.725490 0.882353
vt 0.725490 0.901961
vt 0.725490 0.960784
vt 0.862745 0.980392
vt 0.745098 0.039216
vt 0.745098 0.058824
vt 0.745098 0.078431
vt 0.745098 0.098039
vt 0.745098 0.117647
vt 0.745098 0.137255
vt 0.745098 0.156863
vt 0.745098 0.176471
vt 0.745098 0.196078
vt 0.745098 0.215686
vt 0.745098 0.235294
vt 0.745098 0.254902
vt 0.745098 0.274510
vt 0.745098 0.294118
vt 0.745098 0.313726
vt 0.745098 0.333333
vt 0.745098 0.352941
vt 0.745098 0.372549
vt 0.745098 0.392157
vt 0.745098 0.411765
vt 0.745098 0.431373
vt 0.745098 0.450980
vt 0.745098 0.470588
vt 0.745098 0.490196
vt 0.745098 0.509804
vt 0.725490 0.843137
vt 0.745098 0.627451
vt 0.745098 0.647059
vt 0.745098 0.666667
vt 0.745098 0.686275
vt 0.745098 0.705882
vt 0.745098 0.725490
vt 0.745098 0.745098
vt 0.745098 0.764706
vt 0.745098 0.784314
vt 0.725490 0.784314
vt 0.745098 0.803922
vt 0.725490 0.803922
vt 0.745098 0.823529
vt 0.725490 0.823529
vt 0.745098 0.882353
vt 0.745098 0.901961
vt 0.941176 0.784314
vt 0.960784 0.784314
vt 0.745098 0.960784
vt 0.745098 0.980392
vt 0.764706 0.980392
vt 0.764706 0.019608
vt 0.764706 0.039216
vt 0.764706 0.098039
vt 0.764706 0.117647
vt 0.764706 0.137255
vt 0.764706 0.156863
vt 0.764706 0.176471
vt 0.764706 0.196078
vt 0.764706 0.215686
vt 0.764706 0.235294
vt 0.764706 0.254902
vt 0.764706 0.274510
vt 0.764706 0.294118
vt 0.764706 0.313726
vt 0.764706 0.333333
vt 0.764706 0.352941
vt 0.764706 0.372549
vt 0.764706 0.392157
vt 0.764706 0.411765
vt 0.764706 0.431373
vt 0.764706 0.450980
vt 0.764706 0.470588
vt 0.764706 0.490196
vt 0.764706 0.509804
vt 0.764706 0.529412
vt 0.745098 0.529412
vt 0.764706 0.549020
vt 0.745098 0.549020
vt 0.764706 0.568628
vt 0.745098 0.568628
vt 0.764706 0.627451
vt 0.764706 0.647059
vt 0.764706 0.666667
vt 0.764706 0.686275
vt 0.764706 0.705882
vt 0.764706 0.725490
vt 0.764706 0.745098
vt 0.764706 0.764706
vt 0.764706 0.784314
vt 0.764706 0.803922
vt 0.764706 0.823529
vt 0.764706 0.882353
vt 0.764706 0.901961
vt 0.764706 0.960784
vt 0.784314 0.039216
vt 0.784314 0.098039
vt 0.784314 0.117647
vt 0.784314 0.137255
vt 0.784314 0.156863
vt 0.784314 0.176471
vt 0.784314 0.196078
vt 0.784314 0.215686
vt 0.784314 0.235294
vt 0.784314 0.254902
vt 0.784314 0.274510
vt 0.784314 0.294118
vt 0.784314 0.313726
vt 0.784314 0.333333
vt 0.784314 0.352941
vt 0.784314 0.372549
vt 0.784314 0.392157
vt 0.784314 0.411765
vt 0.784314 0.431373
vt 0.784314 0.450980
vt 0.784314 0.470588
vt 0.784314 0.490196
vt 0.784314 0.509804
vt 0.784314 0.529412
vt 0.784314 0.549020
vt 0.784314 0.568628
vt 0.784314 0.588235
vt 0.784314 0.607843
vt 0.784314 0.627451
vt 0.784314 0.647059
vt 0.784314 0.666667
vt 0.784314 0.686275
vt 0.784314 0.705882
vt 0.784314 0.725490
vt 0.784314 0.745098
vt 0.784314 0.764706
vt 0.784314 0.784314
vt 0.784314 0.803922
vt 0.784314 0.823529
vt 0.784314 0.843137
vt 0.784314 0.862745
vt 0.784314 0.882353
vt 0.784314 0.901961
vt 0.921569 0.705882
vt 0.921569 0.686275
vt 0.784314 0.960784
vt 0.803922 0.039216
vt 0.803922 0.058824
vt 0.803922 0.078431
vt 0.803922 0.098039
vt 0.803922 0.117647
vt 0.803922 0.137255
vt 0.803922 0.156863
vt 0.803922 0.176471
vt 0.803922 0.196078
vt 0.803922 0.215686
vt 0.803922 0.235294
vt 0.803922 0.254902
vt 0.803922 0.274510
vt 0.803922 0.294118
vt 0.803922 0.313726
vt 0.803922 0.333333
vt 0.803922 0.352941
vt 0.803922 0.372549
vt 0.803922 0.392157
vt 0.803922 0.411765
vt 0.803922 0.431373
vt 0.803922 0.450980
vt 0.803922 0.470588
vt 0.803922 0.490196
vt 0.803922 0.509804
vt 0.803922 0.529412
vt 0.803922 0.549020
vt 0.803922 0.568628
vt 0.803922 0.588235
vt 0.803922 0.607843
vt 0.803922 0.627451
vt 0.803922 0.647059
vt 0.803922 0.666667
vt 0.803922 0.686275
vt 0.803922 0.705882
vt 0.803922 0.725490
vt 0.803922 0.745098
vt 0.803922 0.764706
vt 0.803922 0.784314
vt 0.803922 0.803922
vt 0.803922 0.823529
vt 0.803922 0.843137
vt 0.921569 0.666667
vt 0.803922 0.862745
vt 0.803922 0.882353
vt 0.803922 0.901961
vt 0.803922 0.921569
vt 0.803922 0.941176
vt 0.803922 0.960784
vt 0.823529 0.039216
vt 0.823529 0.098039
vt 0.823529 0.117647
vt 0.823529 0.137255
vt 0.823529 0.156863
vt 0.823529 0.176471
vt 0.823529 0.196078
vt 0.823530 0.215686
vt 0.823530 0.235294
vt 0.823530 0.254902
vt 0.823530 0.274510
vt 0.823530 0.294118
vt 0.823530 0.313726
vt 0.823530 0.333333
vt 0.823530 0.352941
vt 0.823530 0.372549
vt 0.823530 0.392157
vt 0.823530 0.411765
vt 0.823530 0.470588
vt 0.823530 0.490196
vt 0.823530 0.509804
vt 0.823530 0.529412
vt 0.823530 0.549020
vt 0.823530 0.568628
vt 0.823530 0.588235
vt 0.823530 0.607843
vt 0.823530 0.627451
vt 0.823530 0.647059
vt 0.823529 0.666667
vt 0.823529 0.686275
vt 0.823529 0.705882
vt 0.823529 0.725490
vt 0.823529 0.745098
vt 0.823529 0.764706
vt 0.823530 0.784314
vt 0.823529 0.803922
vt 0.823529 0.823529
vt 0.823529 0.843137
vt 0.823529 0.862745
vt 0.823529 0.882353
vt 0.823529 0.901961
vt 0.823529 0.921569
vt 0.823529 0.941176
vt 0.823529 0.960784
vt 0.823529 0.980392
vt 0.843137 0.039216
vt 0.843137 0.098039
vt 0.843137 0.117647
vt 0.843137 0.137255
vt 0.843137 0.156863
vt 0.843137 0.176471
vt 0.843137 0.196078
vt 0.843137 0.215686
vt 0.843137 0.235294
vt 0.843137 0.254902
vt 0.843137 0.274510
vt 0.843137 0.294118
vt 0.843137 0.313726
vt 0.843137 0.333333
vt 0.843137 0.352941
vt 0.843137 0.372549
vt 0.843137 0.392157
vt 0.843137 0.411765
vt 0.921569 0.647059
vt 0.843137 0.470588
vt 0.843137 0.490196
vt 0.843137 0.509804
vt 0.843137 0.529412
vt 0.843137 0.549020
vt 0.843137 0.568628
vt 0.843137 0.588235
vt 0.843137 0.607843
vt 0.843137 0.627451
vt 0.843137 0.647059
vt 0.843137 0.666667
vt 0.843137 0.686275
vt 0.843137 0.705882
vt 0.843137 0.725490
vt 0.843137 0.745098
vt 0.843137 0.764706
vt 0.843137 0.784314
vt 0.843137 0.803922
vt 0.843137 0.823529
vt 0.843137 0.843137
vt 0.843137 0.862745
vt 0.843137 0.882353
vt 0.843137 0.901961
vt 0.843137 0.921569
vt 0.843137 0.980392
vt 0.862745 0.098039
vt 0.862745 0.117647
vt 0.862745 0.137255
vt 0.862745 0.156863
vt 0.862745 0.372549
vt 0.862745 0.392157
vt 0.862745 0.411765
vt 0.862745 0.431373
vt 0.921569 0.627451
vt 0.862745 0.450980
vt 0.862745 0.470588
vt 0.862745 0.490196
vt 0.862745 0.509804
vt 0.862745 0.529412
vt 0.862745 0.549020
vt 0.862745 0.568628
vt 0.862745 0.588235
vt 0.862745 0.607843
vt 0.862745 0.627451
vt 0.862745 0.647059
vt 0.862745 0.666667
vt 0.862745 0.686275
vt 0.862745 0.705882
vt 0.862745 0.725490
vt 0.862745 0.745098
vt 0.862745 0.764706
vt 0.862745 0.823529
vt 0.862745 0.843137
vt 0.862745 0.862745
vt 0.862745 0.882353
vt 0.862745 0.901961
vt 0.862745 0.921569
vt 0.882353 0.039216
vt 0.882353 0.058824
vt 0.882353 0.078431
vt 0.882353 0.098039
vt 0.882353 0.117647
vt 0.882353 0.137255
vt 0.882353 0.156863
vt 0.921569 0.607843
vt 0.921569 0.588235
vt 0.882353 0.352941
vt 0.882353 0.372549
vt 0.882353 0.392157
vt 0.882353 0.411765
vt 0.882353 0.470588
vt 0.882353 0.490196
vt 0.882353 0.509804
vt 0.882353 0.529412
vt 0.882353 0.549020
vt 0.882353 0.568628
vt 0.882353 0.588235
vt 0.882353 0.607843
vt 0.882353 0.627451
vt 0.882353 0.647059
vt 0.882353 0.666667
vt 0.882353 0.686275
vt 0.882353 0.705882
vt 0.882353 0.725490
vt 0.882353 0.745098
vt 0.882353 0.764706
vt 0.921569 0.568628
vt 0.882353 0.823529
vt 0.882353 0.843137
vt 0.882353 0.862745
vt 0.882353 0.882353
vt 0.882353 0.901961
vt 0.882353 0.921569
vt 0.960784 0.019608
vt 0.901961 0.039216
vt 0.901961 0.058824
vt 0.901961 0.078431
vt 0.901961 0.098039
vt 0.901961 0.117647
vt 0.901961 0.137255
vt 0.901961 0.156863
vt 0.901961 0.176471
vt 0.901961 0.196078
vt 0.901961 0.215686
vt 0.901961 0.235294
vt 0.882353 0.235294
vt 0.901961 0.254902
vt 0.882353 0.254902
vt 0.901961 0.274510
vt 0.882353 0.274510
vt 0.901961 0.294118
vt 0.882353 0.294118
vt 0.901961 0.313726
vt 0.882353 0.313726
vt 0.901961 0.333333
vt 0.882353 0.333333
vt 0.901961 0.352941
vt 0.901961 0.372549
vt 0.901961 0.392157
vt 0.901961 0.411765
vt 0.901961 0.470588
vt 0.901961 0.490196
vt 0.901961 0.509804
vt 0.901961 0.529412
vt 0.901961 0.549020
vt 0.901961 0.568628
vt 0.901961 0.588235
vt 0.901961 0.607843
vt 0.901961 0.627451
vt 0.901961 0.647059
vt 0.901961 0.666667
vt 0.901961 0.686275
vt 0.901961 0.705882
vt 0.901961 0.725490
vt 0.901961 0.745098
vt 0.901961 0.764706
vt 0.901961 0.823529
vt 0.901961 0.843137
vt 0.901961 0.862745
vt 0.901961 0.882353
vt 0.901961 0.901961
vt 0.901961 0.921569
vt 0.921569 0.549020
vt 0.921569 0.039216
vt 0.921569 0.058824
vt 0.921569 0.078431
vt 0.921569 0.098039
vt 0.921569 0.117647
vt 0.921569 0.137255
vt 0.921569 0.156863
vt 0.921569 0.176471
vt 0.921569 0.196078
vt 0.921569 0.215686
vt 0.921569 0.235294
vt 0.921569 0.254902
vt 0.921569 0.274510
vt 0.921569 0.294118
vt 0.921569 0.313726
vt 0.921569 0.333333
vt 0.921569 0.352941
vt 0.921569 0.372549
vt 0.921569 0.392157
vt 0.921569 0.411765
vt 0.921569 0.431373
vt 0.921569 0.450980
vt 0.921569 0.470588
vt 0.921569 0.490196
vt 0.921569 0.509804
vt 0.921569 0.529412
vt 0.921569 0.725490
vt 0.921569 0.745098
vt 0.921569 0.764706
vt 0.921569 0.784314
vt 0.921569 0.803922
vt 0.921569 0.823529
vt 0.921569 0.843137
vt 0.921569 0.862745
vt 0.921569 0.882353
vt 0.921569 0.901961
vt 0.921569 0.921569
vt 0.921569 0.941176
vt 0.921569 0.960784
vt 0.921569 0.980392
vt 0.941176 0.019608
vt 0.941176 0.039216
vt 0.941176 0.058824
vt 0.941176 0.078431
vt 0.941176 0.098039
vt 0.941176 0.117647
vt 0.941176 0.137255
vt 0.941176 0.156863
vt 0.941176 0.176471
vt 0.941176 0.196078
vt 0.941177 0.215686
vt 0.941177 0.235294
vt 0.941177 0.254902
vt 0.941177 0.274510
vt 0.941177 0.294118
vt 0.941177 0.313726
vt 0.941177 0.333333
vt 0.941176 0.352941
vt 0.941177 0.372549
vt 0.941177 0.392157
vt 0.941177 0.411765
vt 0.941176 0.431373
vt 0.941176 0.450980
vt 0.941176 0.470588
vt 0.941177 0.490196
vt 0.941176 0.509804
vt 0.941176 0.529412
vt 0.941176 0.725490
vt 0.941176 0.745098
vt 0.941176 0.764706
vt 0.941176 0.901961
vt 0.941176 0.921569
vt 0.941176 0.980392
vt 0.960784 0.039216
vt 0.960784 0.058824
vt 0.960784 0.117647
vt 0.960784 0.137255
vt 0.960784 0.156863
vt 0.960784 0.176471
vt 0.960784 0.196078
vt 0.960784 0.215686
vt 0.960784 0.235294
vt 0.960784 0.254902
vt 0.960784 0.274510
vt 0.960784 0.294118
vt 0.960784 0.313726
vt 0.960784 0.333333
vt 0.960784 0.352941
vt 0.960784 0.372549
vt 0.960784 0.392157
vt 0.960784 0.411765
vt 0.960784 0.431373
vt 0.960784 0.450980
vt 0.960784 0.470588
vt 0.960784 0.490196
vt 0.960784 0.509804
vt 0.960784 0.529412
vt 0.960784 0.549020
vt 0.960784 0.568628
vt 0.960784 0.588235
vt 0.960784 0.607843
vt 0.960784 0.627451
vt 0.960784 0.647059
vt 0.960784 0.666667
vt 0.960784 0.686275
vt 0.960784 0.705882
vt 0.960784 0.725490
vt 0.960784 0.745098
vt 0.960784 0.764706
vt 0.960784 0.901961
vt 0.960784 0.921569
vt 0.980392 0.431373
vt 0.980392 0.450980
vt 0.980392 0.470588
vt 0.980392 0.490196
vt 0.980392 0.509804
vt 0.980392 0.529412
vt 0.980392 0.549020
vt 0.980392 0.568628
vt 0.980392 0.588235
vt 0.980392 0.607843
vt 0.980392 0.627451
vt 0.980392 0.647059
vt 0.980392 0.666667
vt 0.980392 0.686275
vt 0.980392 0.705882
vt 0.980392 0.725490
vt 0.980392 0.745098
vt 0.980392 0.764706
vt 0.980392 0.784314
vt 0.980392 0.803922
vt 0.960784 0.803922
vt 0.980392 0.823529
vt 0.960784 0.823529
vt 0.980392 0.843137
vt 0.960784 0.843137
vt 0.980392 0.862745
vt 0.960784 0.862745
vt 0.980392 0.882353
vt 0.980392 0.901961
vt 0.980392 0.921569
vt 0.980392 0.941176
vt 0.980392 0.960784
vt 1.000000 0.980392
vt 1.000000 1.000000
vt 0.980392 1.000000
vt 0.000000 0.980392
vt 0.019608 1.000000
vt 0.000000 1.000000
vt 0.039216 1.000000
vt 0.058824 1.000000
vt 0.078431 1.000000
vt 0.098039 1.000000
vt 0.117647 1.000000
vt 0.137255 1.000000
vt 0.156863 1.000000
vt 0.176471 1.000000
vt 0.196078 1.000000
vt 0.215686 1.000000
vt 0.235294 1.000000
vt 0.254902 1.000000
vt 0.274510 1.000000
vt 0.294118 1.000000
vt 0.313726 1.000000
vt 0.333333 1.000000
vt 0.352941 1.000000
vt 0.372549 1.000000
vt 0.392157 1.000000
vt 0.411765 1.000000
vt 0.431373 1.000000
vt 0.450980 1.000000
vt 0.470588 1.000000
vt 0.490196 1.000000
vt 0.509804 1.000000
vt 0.529412 1.000000
vt 0.549020 1.000000
vt 0.568627 1.000000
vt 0.588235 1.000000
vt 0.607843 1.000000
vt 0.627451 1.000000
vt 0.647059 1.000000
vt 0.666667 1.000000
vt 0.686275 1.000000
vt 0.705882 1.000000
vt 0.725490 1.000000
vt 0.745098 1.000000
vt 0.764706 1.000000
vt 0.784314 1.000000
vt 0.803922 1.000000
vt 0.823529 1.000000
vt 0.843137 1.000000
vt 0.862745 1.000000
vt 0.882353 1.000000
vt 0.901961 1.000000
vt 0.921569 1.000000
vt 0.941176 1.000000
vt 0.960784 1.000000
vt 0.019608 0.000000
vt 0.000000 0.019608
vt 0.000000 0.039216
vt 0.000000 0.058824
vt 0.000000 0.078431
vt 0.000000 0.098039
vt 0.000000 0.117647
vt 0.000000 0.137255
vt 0.000000 0.156863
vt 0.000000 0.176471
vt 0.000000 0.196078
vt 0.000000 0.215686
vt 0.000000 0.235294
vt 0.000000 0.254902
vt 0.000000 0.274510
vt 0.000000 0.294118
vt 0.000000 0.313726
vt 0.000000 0.333333
vt 0.000000 0.352941
vt 0.000000 0.372549
vt 0.000000 0.392157
vt 0.000000 0.411765
vt 0.000000 0.431373
vt 0.000000 0.450980
vt 0.000000 0.470588
vt 0.000000 0.490196
vt 0.000000 0.509804
vt 0.000000 0.529412
vt 0.000000 0.549020
vt 0.000000 0.568627
vt 0.000000 0.588235
vt 0.000000 0.607843
vt 0.000000 0.627451
vt 0.000000 0.647059
vt 0.000000 0.666667
vt 0.000000 0.686275
vt 0.000000 0.705882
vt 0.000000 0.725490
vt 0.000000 0.745098
vt 0.000000 0.764706
vt 0.000000 0.784314
vt 0.000000 0.803922
vt 0.000000 0.823529
vt 0.000000 0.843137
vt 0.000000 0.862745
vt 0.000000 0.882353
vt 0.000000 0.901961
vt 0.000000 0.921569
vt 0.000000 0.941176
vt 0.000000 0.960784
vt 0.039216 0.000000
vt 0.058824 0.000000
vt 0.078431 0.000000
vt 0.098039 0.000000
vt 0.117647 0.000000
vt 0.137255 0.000000
vt 0.156863 0.000000
vt 0.176471 0.000000
vt 0.196078 0.000000
vt 0.215686 0.000000
vt 0.235294 0.000000
vt 0.254902 0.000000
vt 0.274510 0.000000
vt 0.294118 0.000000
vt 0.313726 0.000000
vt 0.333333 0.000000
vt 0.352941 0.000000
vt 0.372549 0.000000
vt 0.392157 0.000000
vt 0.411765 0.000000
vt 0.431373 0.000000
vt 0.450980 0.000000
vt 0.470588 0.000000
vt 0.490196 0.000000
vt 0.509804 0.000000
vt 0.529412 0.000000
vt 0.549020 0.000000
vt 0.568628 0.000000
vt 0.588235 0.000000
vt 0.607843 0.000000
vt 0.627451 0.000000
vt 0.647059 0.000000
vt 0.666667 0.000000
vt 0.686275 0.000000
vt 0.705882 0.000000
vt 0.725490 0.000000
vt 0.745098 0.000000
vt 0.764706 0.000000
vt 0.784314 0.000000
vt 0.803922 0.000000
vt 0.823529 0.000000
vt 0.843137 0.000000
vt 0.862745 0.000000
vt 0.882353 0.000000
vt 0.901961 0.000000
vt 0.921569 0.000000
vt 0.941176 0.000000
vt 0.960784 0.000000
vt 0.980392 0.000000
vt 1.000000 0.000000
vt 1.000000 0.019608
vt 1.000000 0.039216
vt 1.000000 0.058824
vt 1.000000 0.078431
vt 1.000000 0.098039
vt 1.000000 0.117647
vt 1.000000 0.137255
vt 1.000000 0.156863
vt 1.000000 0.176471
vt 1.000000 0.196078
vt 1.000000 0.215686
vt 1.000000 0.235294
vt 1.000000 0.254902
vt 1.000000 0.274510
vt 1.000000 0.294118
vt 1.000000 0.313726
vt 1.000000 0.333333
vt 1.000000 0.352941
vt 1.000000 0.372549
vt 1.000000 0.392157
vt 1.000000 0.411765
vt 1.000000 0.431373
vt 1.000000 0.450980
vt 1.000000 0.470588
vt 1.000000 0.490196
vt 1.000000 0.509804
vt 1.000000 0.529412
vt 1.000000 0.549020
vt 1.000000 0.568628
vt 1.000000 0.588235
vt 1.000000 0.607843
vt 1.000000 0.627451
vt 1.000000 0.647059
vt 1.000000 0.666667
vt 1.000000 0.686275
vt 1.000000 0.705882
vt 1.000000 0.725490
vt 1.000000 0.745098
vt 1.000000 0.764706
vt 1.000000 0.784314
vt 1.000000 0.803922
vt 1.000000 0.823529
vt 1.000000 0.843137
vt 1.000000 0.862745
vt 1.000000 0.882353
vt 1.000000 0.901961
vt 1.000000 0.921569
vt 1.000000 0.941176
vt 1.000000 0.960784
s 0
usemtl Material.001
f 7/1/1 8/1/1 2716/1/1 2715/1/1
f 212/2/2 213/3/2 2918/3/2 2917/2/2
f 2675/4/1 2674/5/1 3075/5/1 3076/4/1
f 6/1/1 7/1/1 2715/1/1 2714/1/1
f 1455/6/3 1405/7/3 3006/7/3 3008/6/3
f 211/8/2 212/2/2 2917/2/2 2916/8/2
f 2674/5/1 2673/9/1 3074/9/1 3075/5/1
f 5/1/1 6/1/1 2714/1/1 2713/1/1
f 1404/10/4 1454/11/4 3005/11/4 3003/10/4
f 210/12/2 211/8/2 2916/8/2 2915/12/2
f 2673/9/1 2672/13/1 3073/13/1 3074/9/1
f 3/1/1 5/1/1 2713/1/1 2712/1/1
f 2672/13/1 2671/14/1 3072/14/1 3073/13/1
f 209/15/2 210/12/2 2915/12/2 2914/15/2
f 204/1/3 3/1/3 2712/1/3 2711/1/3
f 2671/14/1 2670/16/1 3071/16/1 3072/14/1
f 208/17/2 209/15/2 2914/15/2 2913/17/2
f 154/1/2 4/1/2 2710/1/2 2709/1/2
f 2670/16/1 2669/18/1 3070/18/1 3071/16/1
f 207/19/2 208/17/2 2913/17/2 2912/19/2
f 104/1/4 2/1/4 2708/1/4 2707/1/4
f 2669/18/1 2668/20/1 3069/20/1 3070/18/1
f 206/21/2 207/19/2 2912/19/2 2911/21/2
f 54/1/1 1/1/1 2706/1/1 2705/1/1
f 2668/20/1 2667/22/1 3068/22/1 3069/20/1
f 1655/23/3 1605/24/3 3014/24/3 3016/23/3
f 205/25/2 206/21/2 2911/21/2 2910/25/2
f 2667/22/1 2666/26/1 3067/26/1 3068/22/1
f 1604/27/4 1654/28/4 3013/28/4 3011/27/4
f 2666/26/1 2665/29/1 3066/29/1 3067/26/1
f 2665/29/1 2664/30/1 3065/30/1 3066/29/1
f 203/1/3 204/1/3 2711/1/3 2908/1/3
f 2664/30/1 2663/31/1 3064/31/1 3065/30/1
f 202/1/3 203/1/3 2908/1/3 2907/1/3
f 2663/31/1 2662/32/1 3063/32/1 3064/31/1
f 201/1/3 202/1/3 2907/1/3 2906/1/3
f 2662/32/1 2661/33/1 3062/33/1 3063/32/1
f 200/1/3 201/1/3 2906/1/3 2905/1/3
f 1855/34/3 1805/35/3 3022/35/3 3024/34/3
f 2661/33/1 2660/36/1 3061/36/1 3062/33/1
f 199/1/3 200/1/3 2905/1/3 2904/1/3
f 1804/37/4 1854/38/4 3021/38/4 3019/37/4
f 2660/36/1 2659/39/1 3060/39/1 3061/36/1
f 198/1/3 199/1/3 2904/1/3 2903/1/3
f 2659/39/1 2658/40/1 3059/40/1 3060/39/1
f 197/1/3 198/1/3 2903/1/3 2902/1/3
f 2658/40/1 2657/41/1 3058/41/1 3059/40/1
f 196/1/3 197/1/3 2902/1/3 2901/1/3
f 2657/41/1 2656/42/1 3057/42/1 3058/41/1
f 195/1/3 196/1/3 2901/1/3 2900/1/3
f 2656/42/1 2655/43/1 3056/43/1 3057/42/1
f 194/1/3 195/1/3 2900/1/3 2899/1/3
f 2055/44/3 2005/45/3 3030/45/3 3032/44/3
f 193/1/3 194/1/3 2899/1/3 2898/1/3
f 2004/46/4 2054/47/4 3029/47/4 3027/46/4
f 192/1/3 193/1/3 2898/1/3 2897/1/3
f 191/1/3 192/1/3 2897/1/3 2896/1/3
f 190/1/3 191/1/3 2896/1/3 2895/1/3
f 189/1/3 190/1/3 2895/1/3 2894/1/3
f 188/1/3 189/1/3 2894/1/3 2893/1/3
f 2505/48/3 2455/49/3 3048/49/3 3050/48/3
f 2255/50/3 2205/51/3 3038/51/3 3040/50/3
f 187/1/3 188/1/3 2893/1/3 2892/1/3
f 355/52/3 305/53/3 2962/53/3 2964/52/3
f 2454/54/4 2504/55/4 3047/55/4 3045/54/4
f 2204/56/4 2254/57/4 3037/57/4 3035/56/4
f 186/1/3 187/1/3 2892/1/3 2891/1/3
f 304/58/4 354/59/4 2961/59/4 2959/58/4
f 185/1/3 186/1/3 2891/1/3 2890/1/3
f 184/1/3 185/1/3 2890/1/3 2889/1/3
f 183/1/3 184/1/3 2889/1/3 2888/1/3
f 182/1/3 183/1/3 2888/1/3 2887/1/3
f 181/1/3 182/1/3 2887/1/3 2886/1/3
f 805/60/3 755/61/3 2980/61/3 2982/60/3
f 555/62/3 505/63/3 2970/63/3 2972/62/3
f 2654/64/4 2704/65/4 3055/65/4 3053/64/4
f 180/1/3 181/1/3 2886/1/3 2885/1/3
f 754/66/4 804/67/4 2979/67/4 2977/66/4
f 504/68/4 554/69/4 2969/69/4 2967/68/4
f 179/1/3 180/1/3 2885/1/3 2884/1/3
f 178/1/3 179/1/3 2884/1/3 2883/1/3
f 177/1/3 178/1/3 2883/1/3 2882/1/3
f 176/1/3 177/1/3 2882/1/3 2881/1/3
f 175/1/3 176/1/3 2881/1/3 2880/1/3
f 1005/70/3 955/71/3 2988/71/3 2990/70/3
f 174/1/3 175/1/3 2880/1/3 2879/1/3
f 954/72/4 1004/73/4 2987/73/4 2985/72/4
f 173/1/3 174/1/3 2879/1/3 2878/1/3
f 172/1/3 173/1/3 2878/1/3 2877/1/3
f 171/1/3 172/1/3 2877/1/3 2876/1/3
f 170/1/3 171/1/3 2876/1/3 2875/1/3
f 169/1/3 170/1/3 2875/1/3 2874/1/3
f 1205/74/3 1155/75/3 2996/75/3 2998/74/3
f 168/1/3 169/1/3 2874/1/3 2873/1/3
f 1154/76/4 1204/77/4 2995/77/4 2993/76/4
f 167/1/3 168/1/3 2873/1/3 2872/1/3
f 166/1/3 167/1/3 2872/1/3 2871/1/3
f 165/1/3 166/1/3 2871/1/3 2870/1/3
f 164/1/3 165/1/3 2870/1/3 2869/1/3
f 163/1/3 164/1/3 2869/1/3 2868/1/3
f 1405/7/3 1355/78/3 3004/78/3 3006/7/3
f 162/1/3 163/1/3 2868/1/3 2867/1/3
f 1354/169/4 1404/10/4 3003/10/4 3001/169/4
f 2414/178/2 2415/179/2 3667/179/2 3666/178/2
f 1501/182/4 1551/183/4 3475/183/4 3464/182/4
f 1707/189/4 1757/190/4 3533/190/4 3523/189/4
f 161/1/3 162/1/3 2867/1/3 2866/1/3
f 1263/232/1 1262/233/1 3385/233/1 3386/232/1
f 2413/236/2 2414/178/2 3666/178/2 3665/236/2
f 321/191/3 271/102/3 3110/102/3 3116/191/3
f 1137/257/3 1087/258/3 3326/258/3 3336/257/3
f 1343/259/3 1293/260/3 3396/260/3 3412/259/3
f 270/100/4 320/188/4 3115/188/4 3109/100/4
f 1086/261/4 1136/262/4 3335/262/4 3325/261/4
f 1260/263/2 1261/264/2 3384/264/2 3383/263/2
f 1292/265/4 1342/266/4 3411/266/4 3395/265/4
f 929/267/3 879/268/3 3258/268/3 3273/267/3
f 878/269/4 928/270/4 3272/270/4 3257/269/4
f 1752/271/3 1702/272/3 3522/272/3 3532/271/3
f 1958/278/3 1908/279/3 3564/279/3 3572/278/3
f 160/1/3 161/1/3 2866/1/3 2865/1/3
f 1701/292/4 1751/293/4 3531/293/4 3521/292/4
f 926/294/3 876/295/3 3256/295/3 3271/294/3
f 316/184/3 266/92/3 3108/92/3 3114/184/3
f 1907/296/4 1957/297/4 3571/297/4 3563/296/4
f 875/300/4 925/301/4 3270/301/4 3255/300/4
f 265/90/4 315/181/4 3113/181/4 3107/90/4
f 1543/343/3 1493/344/3 3463/344/3 3474/343/3
f 159/1/3 160/1/3 2865/1/3 2864/1/3
f 314/180/3 264/88/3 3106/88/3 3112/180/3
f 726/365/3 676/366/3 3214/366/3 3226/365/3
f 1492/367/4 1542/368/4 3473/368/4 3462/367/4
f 263/87/4 313/177/4 3111/177/4 3105/87/4
f 675/372/4 725/373/4 3225/373/4 3213/372/4
f 1455/6/2 1456/402/2 3454/402/2 3453/6/2
f 158/1/3 159/1/3 2864/1/3 2863/1/3
f 1052/416/1 1051/417/1 3311/417/1 3312/416/1
f 2503/441/3 2453/442/3 3680/442/3 3686/441/3
f 1746/443/3 1696/444/3 3520/444/3 3530/443/3
f 1952/445/3 1902/446/3 3562/446/3 3570/445/3
f 2158/447/3 2108/448/3 3610/448/3 3618/447/3
f 2452/449/4 2502/450/4 3685/450/4 3679/449/4
f 2201/451/2 2202/452/2 3624/452/2 3623/451/2
f 1695/453/4 1745/454/4 3529/454/4 3519/453/4
f 920/463/3 870/464/3 3254/464/3 3269/463/3
f 157/1/3 158/1/3 2863/1/3 2862/1/3
f 1901/511/4 1951/512/4 3569/512/4 3561/511/4
f 1126/521/3 1076/522/3 3316/522/3 3334/521/3
f 2107/525/4 2157/526/4 3617/526/4 3609/525/4
f 156/1/3 157/1/3 2862/1/3 2861/1/3
f 1998/540/1 1997/541/1 3579/541/1 3580/540/1
f 1075/569/4 1125/570/4 3333/570/4 3315/569/4
f 514/418/3 464/363/3 3164/363/3 3182/418/3
f 1997/541/1 1996/581/1 3578/581/1 3579/541/1
f 1605/24/3 1555/586/3 3012/586/3 3014/24/3
f 463/361/4 513/415/4 3181/415/4 3163/361/4
f 1996/581/1 1995/621/1 3577/621/1 3578/581/1
f 1995/621/1 1994/630/1 3576/630/1 3577/621/1
f 865/633/4 915/634/4 3264/634/4 3249/633/4
f 155/1/3 156/1/3 2861/1/3 2860/1/3
f 1946/648/3 1896/649/3 3560/649/3 3568/648/3
f 1994/630/1 1993/661/1 3575/661/1 3576/630/1
f 2152/664/3 2102/665/3 3608/665/3 3616/664/3
f 2358/678/3 2308/679/3 3640/679/3 3648/678/3
f 1895/690/4 1945/691/4 3567/691/4 3559/690/4
f 1554/695/4 1604/27/4 3011/27/4 3009/695/4
f 2101/704/4 2151/705/4 3615/705/4 3607/704/4
f 2495/718/3 2445/719/3 3678/719/3 3684/718/3
f 2599/723/1 2598/724/1 3719/724/1 3720/723/1
f 2444/737/4 2494/738/4 3683/738/4 3677/737/4
f 2598/724/1 2597/749/1 3718/749/1 3719/724/1
f 4/1/3 155/1/3 2860/1/3 2710/1/3
f 714/650/3 664/596/3 3212/596/3 3224/650/3
f 2305/776/4 2355/777/4 3645/777/4 3637/776/4
f 2395/800/1 2394/801/1 3661/801/1 3662/800/1
f 153/1/2 154/1/2 2709/1/2 2859/1/2
f 2597/749/1 2596/824/1 3717/824/1 3718/749/1
f 2148/826/3 2098/827/3 3606/827/3 3614/826/3
f 663/595/4 713/647/4 3223/647/4 3211/595/4
f 152/1/2 153/1/2 2859/1/2 2858/1/2
f 2596/824/1 2595/863/1 3716/863/1 3717/824/1
f 2097/864/4 2147/865/4 3613/865/4 3605/864/4
f 1321/866/3 1271/867/3 3394/867/3 3410/866/3
f 1733/868/3 1683/869/3 3515/869/3 3528/868/3
f 1682/870/4 1732/871/4 3527/871/4 3514/870/4
f 1037/876/1 1036/877/1 3309/877/1 3310/876/1
f 1036/877/1 1035/879/1 3308/879/1 3309/877/1
f 1268/898/4 1318/899/4 3407/899/4 3391/898/4
f 1524/900/3 1474/901/3 3461/901/3 3472/900/3
f 1035/879/1 1034/902/1 3307/902/1 3308/879/1
f 1111/903/3 1061/904/3 3314/904/3 3332/903/3
f 151/1/2 152/1/2 2858/1/2 2857/1/2
f 1236/932/2 1237/933/2 3376/933/2 3375/932/2
f 1317/937/3 1267/938/3 3390/938/3 3406/937/3
f 2589/950/2 2590/951/2 3714/951/2 3713/950/2
f 1034/902/1 1033/952/1 3306/952/1 3307/902/1
f 1060/953/4 1110/954/4 3331/954/4 3313/953/4
f 1235/955/2 1236/932/2 3375/932/2 3374/955/2
f 2588/956/2 2589/950/2 3713/950/2 3712/956/2
f 150/1/2 151/1/2 2857/1/2 2856/1/2
f 499/403/3 449/345/3 3162/345/3 3180/403/3
f 1033/952/1 1032/990/1 3305/990/1 3306/952/1
f 1234/994/2 1235/955/2 3374/955/2 3373/994/2
f 1805/35/3 1755/1017/3 3020/1017/3 3022/35/3
f 2587/1023/2 2588/956/2 3712/956/2 3711/1023/2
f 448/342/4 498/401/4 3179/401/4 3161/342/4
f 1032/990/1 1031/997/1 3304/997/1 3305/990/1
f 1233/1039/2 1234/994/2 3373/994/2 3372/1039/2
f 2586/1040/2 2587/1023/2 3711/1023/2 3710/1040/2
f 901/849/3 851/802/3 3248/802/3 3263/849/3
f 1031/997/1 1030/996/1 3303/996/1 3304/997/1
f 1232/1041/2 1233/1039/2 3372/1039/2 3371/1041/2
f 2585/1042/2 2586/1040/2 3710/1040/2 3709/1042/2
f 850/799/4 900/848/4 3262/848/4 3247/799/4
f 1030/996/1 1029/995/1 3302/995/1 3303/996/1
f 1231/1057/2 1232/1041/2 3371/1041/2 3370/1057/2
f 149/1/2 150/1/2 2856/1/2 2855/1/2
f 1262/233/4 1312/1066/4 3401/1066/4 3385/233/4
f 1468/1080/4 1518/1081/4 3466/1081/4 3455/1080/4
f 2584/1098/2 2585/1042/2 3709/1042/2 3708/1098/2
f 701/635/3 651/582/3 3210/582/3 3222/635/3
f 1754/1115/4 1804/37/4 3019/37/4 3017/1115/4
f 1230/1116/2 1231/1057/2 3370/1057/2 3369/1116/2
f 2583/1122/2 2584/1098/2 3708/1098/2 3707/1122/2
f 2135/1138/3 2085/1139/3 3604/1139/3 3612/1138/3
f 650/580/4 700/632/4 3221/632/4 3209/580/4
f 1229/1166/2 1230/1116/2 3369/1116/2 3368/1166/2
f 148/1/2 149/1/2 2855/1/2 2854/1/2
f 2582/1169/2 2583/1122/2 3707/1122/2 3706/1169/2
f 2084/1175/4 2134/1176/4 3611/1176/4 3603/1175/4
f 699/631/3 649/579/3 3208/579/3 3220/631/3
f 1228/1192/2 1229/1166/2 3368/1166/2 3367/1192/2
f 1102/1058/3 1052/416/3 3312/416/3 3328/1058/3
f 2477/1193/3 2427/1194/3 3676/1194/3 3682/1193/3
f 648/578/4 698/629/4 3219/629/4 3207/578/4
f 1227/1195/2 1228/1192/2 3367/1192/2 3366/1195/2
f 1051/417/4 1101/1056/4 3327/1056/4 3311/417/4
f 2426/1196/4 2476/1197/4 3681/1197/4 3675/1196/4
f 1226/1198/2 1227/1195/2 3366/1195/2 3365/1198/2
f 418/304/1 417/303/1 3157/303/1 3158/304/1
f 1719/1199/3 1669/1200/3 3503/1200/3 3526/1199/3
f 1225/1191/2 1226/1198/2 3365/1198/2 3364/1191/2
f 1306/1206/3 1256/1207/3 3382/1207/3 3400/1206/3
f 417/303/1 416/302/1 3156/302/1 3157/303/1
f 147/1/2 148/1/2 2854/1/2 2853/1/2
f 1668/1220/4 1718/1221/4 3525/1221/4 3502/1220/4
f 1255/1225/4 1305/1226/4 3399/1226/4 3381/1225/4
f 1302/1252/3 1252/1217/3 3380/1217/3 3398/1252/3
f 412/360/2 413/362/2 3153/362/2 3152/360/2
f 146/1/2 147/1/2 2853/1/2 2852/1/2
f 691/622/3 641/571/3 3206/571/3 3218/622/3
f 1251/1216/4 1301/1260/4 3397/1260/4 3379/1216/4
f 2372/1268/1 2371/1269/1 3657/1269/1 3658/1268/1
f 1422/1270/2 1423/1271/2 3447/1271/2 3446/1270/2
f 411/358/2 412/360/2 3152/360/2 3151/358/2
f 1919/1272/3 1869/1273/3 3556/1273/3 3566/1272/3
f 640/568/4 690/620/4 3217/620/4 3205/568/4
f 2371/1269/1 2370/1274/1 3656/1274/1 3657/1269/1
f 1421/1275/2 1422/1270/2 3446/1270/2 3445/1275/2
f 410/291/2 411/358/2 3151/358/2 3150/291/2
f 1868/1304/4 1918/1305/4 3565/1305/4 3555/1304/4
f 145/1/2 146/1/2 2852/1/2 2851/1/2
f 2370/1274/1 2369/1308/1 3655/1308/1 3656/1274/1
f 1420/1330/2 1421/1275/2 3445/1275/2 3444/1330/2
f 2369/1308/1 2368/1353/1 3654/1353/1 3655/1308/1
f 1419/1363/2 1420/1330/2 3444/1330/2 3443/1363/2
f 144/1/2 145/1/2 2851/1/2 2850/1/2
f 2368/1353/1 2367/1366/1 3653/1366/1 3654/1353/1
f 1418/1374/2 1419/1363/2 3443/1363/2 3442/1374/2
f 2327/1375/3 2277/1376/3 3634/1376/3 3642/1375/3
f 2367/1366/1 2366/1377/1 3652/1377/1 3653/1366/1
f 1417/1378/2 1418/1374/2 3442/1374/2 3441/1378/2
f 1502/1379/3 1452/1380/3 3452/1380/3 3465/1379/3
f 2276/1381/4 2326/1382/4 3641/1382/4 3633/1381/4
f 2366/1377/1 2365/1383/1 3651/1383/1 3652/1377/1
f 1416/1384/2 1417/1378/2 3441/1378/2 3440/1384/2
f 1451/1385/4 1501/182/4 3464/182/4 3451/1385/4
f 1415/1386/2 1416/1384/2 3440/1384/2 3439/1386/2
f 2365/1383/1 2364/1387/1 3650/1387/1 3651/1383/1
f 1087/258/3 1037/876/3 3310/876/3 3326/258/3
f 1293/260/3 1243/1208/3 3378/1208/3 3396/260/3
f 1414/1415/2 1415/1386/2 3439/1386/2 3438/1415/2
f 2005/45/3 1955/1417/3 3028/1417/3 3030/45/3
f 2364/1387/1 2363/1418/1 3649/1418/1 3650/1387/1
f 1242/1205/4 1292/265/4 3395/265/4 3377/1205/4
f 1413/1426/2 1414/1415/2 3438/1415/2 3437/1426/2
f 879/268/3 829/778/3 3246/778/3 3258/268/3
f 143/1/2 144/1/2 2850/1/2 2849/1/2
f 1957/297/2 1958/278/2 3572/278/2 3571/297/2
f 1412/1373/2 1413/1426/2 3437/1426/2 3436/1373/2
f 828/775/4 878/269/4 3257/269/4 3245/775/4
f 1702/272/3 1652/1475/3 3501/1475/3 3522/272/3
f 1908/279/3 1858/1476/3 3554/1476/3 3564/279/3
f 1651/1477/4 1701/292/4 3521/292/4 3500/1477/4
f 876/295/3 826/773/3 3244/773/3 3256/295/3
f 1857/1502/4 1907/296/4 3563/296/4 3553/1502/4
f 1954/1505/4 2004/46/4 3027/46/4 3025/1505/4
f 825/772/4 875/300/4 3255/300/4 3243/772/4
f 471/374/3 421/307/3 3160/307/3 3170/374/3
f 142/1/2 143/1/2 2849/1/2 2848/1/2
f 2357/1572/2 2358/678/2 3648/678/2 3647/1572/2
f 141/1/2 142/1/2 2848/1/2 2847/1/2
f 1493/344/3 1443/1407/3 3450/1407/3 3463/344/3
f 420/306/4 470/371/4 3169/371/4 3159/306/4
f 2356/1621/2 2357/1572/2 3647/1572/2 3646/1621/2
f 1442/1406/4 1492/367/4 3462/367/4 3449/1406/4
f 2355/777/2 2356/1621/2 3646/1621/2 3645/777/2
f 468/369/3 418/304/3 3158/304/3 3168/369/3
f 1028/993/4 1078/1038/4 3317/1038/4 3301/993/4
f 2453/442/3 2403/1622/3 3664/1622/3 3680/442/3
f 2659/39/3 2609/1623/3 3724/1623/3 3734/39/3
f 1902/446/3 1852/1624/3 3552/1624/3 3562/446/3
f 2402/1626/4 2452/449/4 3679/449/4 3663/1626/4
f 2608/1627/4 2658/40/4 3733/40/4 3723/1627/4
f 1851/1628/4 1901/511/4 3561/511/4 3551/1628/4
f 1076/522/3 1026/991/3 3300/991/3 3316/522/3
f 393/337/2 394/273/2 3147/273/2 3146/337/2
f 140/1/2 141/1/2 2847/1/2 2846/1/2
f 415/299/4 465/364/4 3165/364/4 3155/299/4
f 1025/989/4 1075/569/4 3315/569/4 3299/989/4
f 392/335/2 393/337/2 3146/337/2 3145/335/2
f 2353/1693/1 2352/1694/1 3643/1694/1 3644/1693/1
f 139/1/2 140/1/2 2846/1/2 2845/1/2
f 464/363/3 414/298/3 3154/298/3 3164/363/3
f 391/333/2 392/335/2 3145/335/2 3144/333/2
f 413/362/4 463/361/4 3163/361/4 3153/362/4
f 390/331/2 391/333/2 3144/333/2 3143/331/2
f 1945/691/2 1946/648/2 3568/648/2 3567/691/2
f 138/1/2 139/1/2 2845/1/2 2844/1/2
f 2653/1745/3 2603/1746/3 3722/1746/3 3732/1745/3
f 389/329/2 390/331/2 3143/331/2 3142/329/2
f 1896/649/3 1846/1772/3 3550/1772/3 3560/649/3
f 2102/665/3 2052/1786/3 3598/1786/3 3608/665/3
f 2308/679/3 2258/1791/3 3632/1791/3 3640/679/3
f 2455/49/3 2405/1793/3 3046/1793/3 3048/49/3
f 2602/1795/4 2652/1796/4 3731/1796/4 3721/1795/4
f 388/327/2 389/329/2 3142/329/2 3141/327/2
f 1601/1556/2 1602/1557/2 3482/1557/2 3481/1556/2
f 1845/1785/4 1895/690/4 3559/690/4 3549/1785/4
f 2051/1835/4 2101/704/4 3607/704/4 3597/1835/4
f 2205/51/3 2155/1838/3 3036/1838/3 3038/51/3
f 2445/719/3 2395/800/3 3662/800/3 3678/719/3
f 2257/1850/4 2307/1851/4 3639/1851/4 3631/1850/4
f 387/325/2 388/327/2 3141/327/2 3140/325/2
f 993/1007/2 994/957/2 3296/957/2 3295/1007/2
f 137/1/2 138/1/2 2844/1/2 2843/1/2
f 2394/801/4 2444/737/4 3677/737/4 3661/801/4
f 386/323/2 387/325/2 3140/325/2 3139/323/2
f 790/736/2 791/739/2 3240/739/2 3239/736/2
f 305/53/3 255/79/3 2960/79/3 2962/53/3
f 992/1005/2 993/1007/2 3295/1007/2 3294/1005/2
f 664/596/3 614/542/3 3204/542/3 3212/596/3
f 2649/1960/3 2599/723/3 3720/723/3 3730/1960/3
f 385/256/2 386/323/2 3139/323/2 3138/256/2
f 1686/1629/3 1636/1590/3 3499/1590/3 3518/1629/3
f 991/1003/2 992/1005/2 3294/1005/2 3293/1003/2
f 2098/827/3 2048/1961/3 3596/1961/3 3606/827/3
f 2404/1965/4 2454/54/4 3045/54/4 3043/1965/4
f 613/539/4 663/595/4 3211/595/4 3203/539/4
f 990/1001/2 991/1003/2 3293/1003/2 3292/1001/2
f 2047/1991/4 2097/864/4 3605/864/4 3595/1991/4
f 1193/1157/1 1192/1156/1 3356/1156/1 3357/1157/1
f 989/949/2 990/1001/2 3292/1001/2 3291/949/2
f 1632/1586/4 1682/870/4 3514/870/4 3495/1586/4
f 2594/2008/4 2644/2009/4 3725/2009/4 3715/2008/4
f 2154/2012/4 2204/56/4 3035/56/4 3033/2012/4
f 1681/1625/3 1631/1585/3 3494/1585/3 3513/1625/3
f 1474/901/3 1424/1388/3 3448/1388/3 3461/901/3
f 1592/1547/2 1593/1548/2 3480/1548/2 3479/1547/2
f 136/1/2 137/1/2 2843/1/2 2842/1/2
f 1061/904/3 1011/975/3 3298/975/3 3314/904/3
f 1423/1271/4 1473/1435/4 3460/1435/4 3447/1271/4
f 1010/974/4 1060/953/4 3313/953/4 3297/974/4
f 2540/2100/1 2539/2101/1 3698/2101/1 3699/2100/1
f 254/168/4 304/58/4 2959/58/4 2909/168/4
f 449/345/3 399/280/3 3149/280/3 3162/345/3
f 1186/1150/1 1185/1149/1 3353/1149/1 3354/1150/1
f 2539/2101/1 2538/2145/1 3697/2145/1 3698/2101/1
f 135/1/2 136/1/2 2842/1/2 2841/1/2
f 1883/1819/3 1833/1773/3 3548/1773/3 3558/1819/3
f 398/277/4 448/342/4 3161/342/4 3148/277/4
f 134/1/2 135/1/2 2841/1/2 2840/1/2
f 1185/1149/1 1184/1148/1 3352/1148/1 3353/1149/1
f 2538/2145/1 2537/2215/1 3696/2215/1 3697/2145/1
f 133/1/2 134/1/2 2840/1/2 2839/1/2
f 851/802/3 801/750/3 3242/750/3 3248/802/3
f 1832/1771/4 1882/1818/4 3557/1818/4 3547/1771/4
f 1184/1148/1 1183/1147/1 3351/1147/1 3352/1148/1
f 2537/2215/1 2536/2249/1 3695/2249/1 3696/2215/1
f 800/748/4 850/799/4 3247/799/4 3241/748/4
f 132/1/2 133/1/2 2839/1/2 2838/1/2
f 1183/1147/1 1182/1146/1 3350/1146/1 3351/1147/1
f 2536/2249/1 2535/2280/1 3694/2280/1 3695/2249/1
f 1182/1146/1 1181/1145/1 3349/1145/1 3350/1146/1
f 651/582/3 601/527/3 3202/527/3 3210/582/3
f 1261/264/3 1211/1177/3 3363/1177/3 3384/264/3
f 2535/2280/1 2534/2281/1 3693/2281/1 3694/2280/1
f 2085/1139/3 2035/1951/3 3590/1951/3 3604/1139/3
f 1181/1145/1 1180/1144/1 3348/1144/1 3349/1145/1
f 600/524/4 650/580/4 3209/580/4 3201/524/4
f 1210/1174/4 1260/263/4 3383/263/4 3362/1174/4
f 2534/2281/1 2533/2302/1 3692/2302/1 3693/2281/1
f 1622/1576/4 1672/1620/4 3504/1620/4 3485/1576/4
f 2655/43/3 2605/2309/3 3054/2309/3 3056/43/3
f 1180/1144/1 1179/1143/1 3347/1143/1 3348/1144/1
f 649/579/3 599/523/3 3200/523/3 3208/579/3
f 2533/2302/1 2532/2358/1 3691/2358/1 3692/2302/1
f 131/1/2 132/1/2 2838/1/2 2837/1/2
f 2427/1194/3 2377/2250/3 3660/2250/3 3676/1194/3
f 1179/1143/1 1178/1142/1 3346/1142/1 3347/1143/1
f 598/520/4 648/578/4 3207/578/4 3199/520/4
f 755/61/3 705/639/3 2978/639/3 2980/61/3
f 2376/2248/4 2426/1196/4 3675/1196/4 3659/2248/4
f 1178/1142/1 1177/1141/1 3345/1141/1 3346/1142/1
f 1669/1200/3 1619/1573/3 3484/1573/3 3503/1200/3
f 1177/1141/1 1176/1140/1 3344/1140/1 3345/1141/1
f 1256/1207/3 1206/1170/3 3361/1170/3 3382/1207/3
f 1618/1571/4 1668/1220/4 3502/1220/4 3483/1571/4
f 2030/1946/4 2080/1990/4 3599/1990/4 3585/1946/4
f 1205/74/4 1255/1225/4 3381/1225/4 3360/74/4
f 2285/2177/3 2235/2132/3 3628/2132/3 3636/2177/3
f 2422/2282/3 2372/1268/3 3658/1268/3 3674/2282/3
f 2234/2131/4 2284/2176/4 3635/2176/4 3627/2131/4
f 505/63/3 455/351/3 2968/351/3 2970/63/3
f 2526/2379/2 2527/2380/2 3690/2380/2 3689/2379/2
f 1252/1217/3 1202/1167/3 3359/1167/3 3380/1217/3
f 641/571/3 591/513/3 3198/513/3 3206/571/3
f 1201/1165/4 1251/1216/4 3379/1216/4 3358/1165/4
f 1374/1334/1 1373/1333/1 3428/1333/1 3429/1334/1
f 363/231/1 362/230/1 3131/230/1 3132/231/1
f 1869/1273/3 1819/1758/3 3546/1758/3 3556/1273/3
f 2604/2431/4 2654/64/4 3053/64/4 3051/2431/4
f 590/509/4 640/568/4 3205/568/4 3197/509/4
f 130/1/2 131/1/2 2837/1/2 2836/1/2
f 704/638/4 754/66/4 2977/66/4 2975/638/4
f 454/350/4 504/68/4 2967/68/4 2965/350/4
f 129/1/2 130/1/2 2836/1/2 2835/1/2
f 128/1/2 129/1/2 2835/1/2 2834/1/2
f 127/1/2 128/1/2 2834/1/2 2833/1/2
f 126/1/2 127/1/2 2833/1/2 2832/1/2
f 125/1/2 126/1/2 2832/1/2 2831/1/2
f 955/71/3 905/853/3 2986/853/3 2988/71/3
f 705/639/3 655/587/3 2976/587/3 2978/639/3
f 124/1/2 125/1/2 2831/1/2 2830/1/2
f 904/852/4 954/72/4 2985/72/4 2983/852/4
f 654/585/4 704/638/4 2975/638/4 2973/585/4
f 123/1/2 124/1/2 2830/1/2 2829/1/2
f 122/1/2 123/1/2 2829/1/2 2828/1/2
f 121/1/2 122/1/2 2828/1/2 2827/1/2
f 120/1/2 121/1/2 2827/1/2 2826/1/2
f 119/1/2 120/1/2 2826/1/2 2825/1/2
f 1155/75/3 1105/1061/3 2994/1061/3 2996/75/3
f 118/1/2 119/1/2 2825/1/2 2824/1/2
f 1104/1060/4 1154/76/4 2993/76/4 2991/1060/4
f 117/1/2 118/1/2 2824/1/2 2823/1/2
f 116/1/2 117/1/2 2823/1/2 2822/1/2
f 115/1/2 116/1/2 2822/1/2 2821/1/2
f 114/1/2 115/1/2 2821/1/2 2820/1/2
f 113/1/2 114/1/2 2820/1/2 2819/1/2
f 1355/78/3 1305/1226/3 3002/1226/3 3004/78/3
f 112/1/2 113/1/2 2819/1/2 2818/1/2
f 1304/1262/4 1354/169/4 3001/169/4 2999/1262/4
f 111/1/2 112/1/2 2818/1/2 2817/1/2
f 110/1/2 111/1/2 2817/1/2 2816/1/2
f 109/1/2 110/1/2 2816/1/2 2815/1/2
f 108/1/2 109/1/2 2815/1/2 2814/1/2
f 107/1/2 108/1/2 2814/1/2 2813/1/2
f 106/1/2 107/1/2 2813/1/2 2812/1/2
f 1555/586/3 1505/1462/3 3010/1462/3 3012/586/3
f 1504/1461/4 1554/695/4 3009/695/4 3007/1461/4
f 105/1/2 106/1/2 2812/1/2 2811/1/2
f 2/1/2 105/1/2 2811/1/2 2708/1/2
f 103/1/4 104/1/4 2707/1/4 2810/1/4
f 102/1/4 103/1/4 2810/1/4 2809/1/4
f 101/1/4 102/1/4 2809/1/4 2808/1/4
f 100/1/4 101/1/4 2808/1/4 2807/1/4
f 1755/1017/3 1705/1644/3 3018/1644/3 3020/1017/3
f 99/1/4 100/1/4 2807/1/4 2806/1/4
f 1704/1643/4 1754/1115/4 3017/1115/4 3015/1643/4
f 98/1/4 99/1/4 2806/1/4 2805/1/4
f 97/1/4 98/1/4 2805/1/4 2804/1/4
f 96/1/4 97/1/4 2804/1/4 2803/1/4
f 95/1/4 96/1/4 2803/1/4 2802/1/4
f 3055/65/5 2709/2502/5 2710/2503/5 2860/2504/5
f 2713/2505/5 2909/168/5 2711/2506/5 2712/2507/5
f 2909/168/5 2959/58/5 2908/2508/5 2711/2506/5
f 2959/58/5 2961/59/5 2907/2509/5 2908/2508/5
f 2961/59/5 2963/285/5 2906/2510/5 2907/2509/5
f 2963/285/5 2965/350/5 2905/2511/5 2906/2510/5
f 2965/350/5 2967/68/5 2904/2512/5 2905/2511/5
f 2967/68/5 2969/69/5 2903/2513/5 2904/2512/5
f 2969/69/5 2971/530/5 2902/2514/5 2903/2513/5
f 2971/530/5 2973/585/5 2901/2515/5 2902/2514/5
f 2973/585/5 2975/638/5 2900/2516/5 2901/2515/5
f 2975/638/5 2977/66/5 2899/2517/5 2900/2516/5
f 2977/66/5 2979/67/5 2898/2518/5 2899/2517/5
f 2979/67/5 2981/805/5 2897/2519/5 2898/2518/5
f 2981/805/5 2983/852/5 2896/2520/5 2897/2519/5
f 2983/852/5 2985/72/5 2895/2521/5 2896/2520/5
f 2985/72/5 2987/73/5 2894/2522/5 2895/2521/5
f 2987/73/5 2989/1016/5 2893/2523/5 2894/2522/5
f 2989/1016/5 2991/1060/5 2892/2524/5 2893/2523/5
f 2991/1060/5 2993/76/5 2891/2525/5 2892/2524/5
f 2993/76/5 2995/77/5 2890/2526/5 2891/2525/5
f 2995/77/5 2997/1219/5 2889/2527/5 2890/2526/5
f 2997/1219/5 2999/1262/5 2888/2528/5 2889/2527/5
f 2999/1262/5 3001/169/5 2887/2529/5 2888/2528/5
f 3001/169/5 3003/10/5 2886/2530/5 2887/2529/5
f 3003/10/5 3005/11/5 2885/2531/5 2886/2530/5
f 3005/11/5 3007/1461/5 2884/2532/5 2885/2531/5
f 3007/1461/5 3009/695/5 2883/2533/5 2884/2532/5
f 3009/695/5 3011/27/5 2882/2534/5 2883/2533/5
f 3011/27/5 3013/28/5 2881/2535/5 2882/2534/5
f 3013/28/5 3015/1643/5 2880/2536/5 2881/2535/5
f 3015/1643/5 3017/1115/5 2879/2537/5 2880/2536/5
f 3017/1115/5 3019/37/5 2878/2538/5 2879/2537/5
f 3019/37/5 3021/38/5 2877/2539/5 2878/2538/5
f 3021/38/5 3023/1837/5 2876/2540/5 2877/2539/5
f 3023/1837/5 3025/1505/5 2875/2541/5 2876/2540/5
f 3025/1505/5 3027/46/5 2874/2542/5 2875/2541/5
f 3027/46/5 3029/47/5 2873/2543/5 2874/2542/5
f 3029/47/5 3031/2011/5 2872/2544/5 2873/2543/5
f 3031/2011/5 3033/2012/5 2871/2545/5 2872/2544/5
f 3033/2012/5 3035/56/5 2870/2546/5 2871/2545/5
f 3035/56/5 3037/57/5 2869/2547/5 2870/2546/5
f 3037/57/5 3039/2196/5 2868/2548/5 2869/2547/5
f 3039/2196/5 3041/2240/5 2867/2549/5 2868/2548/5
f 3041/2240/5 3043/1965/5 2866/2550/5 2867/2549/5
f 3043/1965/5 3045/54/5 2865/2551/5 2866/2550/5
f 3045/54/5 3047/55/5 2864/2552/5 2865/2551/5
f 3047/55/5 3049/2398/5 2863/2553/5 2864/2552/5
f 3049/2398/5 3051/2431/5 2862/2554/5 2863/2553/5
f 3051/2431/5 3053/64/5 2861/2555/5 2862/2554/5
f 3053/64/5 3055/65/5 2860/2504/5 2861/2555/5
f 2706/1/5 2762/2556/5 2910/25/5 2705/2557/5
f 2705/2557/5 2910/25/5 2911/21/5 2761/2558/5
f 2761/2558/5 2911/21/5 2912/19/5 2760/2559/5
f 2760/2559/5 2912/19/5 2913/17/5 2759/2560/5
f 2759/2560/5 2913/17/5 2914/15/5 2758/2561/5
f 2758/2561/5 2914/15/5 2915/12/5 2757/2562/5
f 2757/2562/5 2915/12/5 2916/8/5 2756/2563/5
f 2756/2563/5 2916/8/5 2917/2/5 2755/2564/5
f 2755/2564/5 2917/2/5 2918/3/5 2754/2565/5
f 2754/2565/5 2918/3/5 2919/89/5 2753/2566/5
f 2753/2566/5 2919/89/5 2920/91/5 2752/2567/5
f 2752/2567/5 2920/91/5 2921/93/5 2751/2568/5
f 2751/2568/5 2921/93/5 2922/95/5 2750/2569/5
f 2750/2569/5 2922/95/5 2923/97/5 2749/2570/5
f 2749/2570/5 2923/97/5 2924/99/5 2748/2571/5
f 2748/2571/5 2924/99/5 2925/101/5 2747/2572/5
f 2747/2572/5 2925/101/5 2926/103/5 2746/2573/5
f 2746/2573/5 2926/103/5 2927/105/5 2745/2574/5
f 2745/2574/5 2927/105/5 2928/107/5 2744/2575/5
f 2744/2575/5 2928/107/5 2929/109/5 2743/2576/5
f 2743/2576/5 2929/109/5 2930/111/5 2742/2577/5
f 2742/2577/5 2930/111/5 2931/113/5 2741/2578/5
f 2741/2578/5 2931/113/5 2932/115/5 2740/2579/5
f 2740/2579/5 2932/115/5 2933/117/5 2739/2580/5
f 2739/2580/5 2933/117/5 2934/119/5 2738/2581/5
f 2738/2581/5 2934/119/5 2935/121/5 2737/2582/5
f 2737/2582/5 2935/121/5 2936/123/5 2736/2583/5
f 2736/2583/5 2936/123/5 2937/125/5 2735/2584/5
f 2735/2584/5 2937/125/5 2938/127/5 2734/2585/5
f 2734/2585/5 2938/127/5 2939/129/5 2733/2586/5
f 2733/2586/5 2939/129/5 2940/131/5 2732/2587/5
f 2732/2587/5 2940/131/5 2941/133/5 2731/2588/5
f 2731/2588/5 2941/133/5 2942/135/5 2730/2589/5
f 2730/2589/5 2942/135/5 2943/137/5 2729/2590/5
f 2729/2590/5 2943/137/5 2944/139/5 2728/2591/5
f 2728/2591/5 2944/139/5 2945/141/5 2727/2592/5
f 2727/2592/5 2945/141/5 2946/143/5 2726/2593/5
f 2726/2593/5 2946/143/5 2947/145/5 2725/2594/5
f 2725/2594/5 2947/145/5 2948/147/5 2724/2595/5
f 2724/2595/5 2948/147/5 2949/149/5 2723/2596/5
f 2723/2596/5 2949/149/5 2950/151/5 2722/2597/5
f 2722/2597/5 2950/151/5 2951/153/5 2721/2598/5
f 2721/2598/5 2951/153/5 2952/155/5 2720/2599/5
f 2720/2599/5 2952/155/5 2953/157/5 2719/2600/5
f 2719/2600/5 2953/157/5 2954/159/5 2718/2601/5
f 2718/2601/5 2954/159/5 2955/161/5 2717/2602/5
f 2717/2602/5 2955/161/5 2956/163/5 2716/2603/5
f 2716/2603/5 2956/163/5 2957/165/5 2715/2604/5
f 2715/2604/5 2957/165/5 2958/167/5 2714/2605/5
f 2714/2605/5 2958/167/5 2909/168/5 2713/2505/5
f 2762/2556/5 2763/2606/5 2960/79/5 2910/25/5
f 2763/2606/5 2764/2607/5 2962/53/5 2960/79/5
f 2764/2607/5 2765/2608/5 2964/52/5 2962/53/5
f 2765/2608/5 2766/2609/5 2966/286/5 2964/52/5
f 2766/2609/5 2767/2610/5 2968/351/5 2966/286/5
f 2767/2610/5 2768/2611/5 2970/63/5 2968/351/5
f 2768/2611/5 2769/2612/5 2972/62/5 2970/63/5
f 2769/2612/5 2770/2613/5 2974/531/5 2972/62/5
f 2770/2613/5 2771/2614/5 2976/587/5 2974/531/5
f 2771/2614/5 2772/2615/5 2978/639/5 2976/587/5
f 2772/2615/5 2773/2616/5 2980/61/5 2978/639/5
f 2773/2616/5 2774/2617/5 2982/60/5 2980/61/5
f 2774/2617/5 2775/2618/5 2984/806/5 2982/60/5
f 2775/2618/5 2776/2619/5 2986/853/5 2984/806/5
f 2776/2619/5 2777/2620/5 2988/71/5 2986/853/5
f 2777/2620/5 2778/2621/5 2990/70/5 2988/71/5
f 2778/2621/5 2779/2622/5 2992/1018/5 2990/70/5
f 2779/2622/5 2780/2623/5 2994/1061/5 2992/1018/5
f 2780/2623/5 2781/2624/5 2996/75/5 2994/1061/5
f 2781/2624/5 2782/2625/5 2998/74/5 2996/75/5
f 2782/2625/5 2783/2626/5 3000/1225/5 2998/74/5
f 2783/2626/5 2784/2627/5 3002/1226/5 3000/1225/5
f 2784/2627/5 2785/2628/5 3004/78/5 3002/1226/5
f 2785/2628/5 2786/2629/5 3006/7/5 3004/78/5
f 2786/2629/5 2787/2630/5 3008/6/5 3006/7/5
f 2787/2630/5 2788/2631/5 3010/1462/5 3008/6/5
f 2788/2631/5 2789/2632/5 3012/586/5 3010/1462/5
f 2789/2632/5 2790/2633/5 3014/24/5 3012/586/5
f 2790/2633/5 2791/2634/5 3016/23/5 3014/24/5
f 2791/2634/5 2792/2635/5 3018/1644/5 3016/23/5
f 2792/2635/5 2793/2636/5 3020/1017/5 3018/1644/5
f 2793/2636/5 2794/2637/5 3022/35/5 3020/1017/5
f 2794/2637/5 2795/2638/5 3024/34/5 3022/35/5
f 2795/2638/5 2796/2639/5 3026/1839/5 3024/34/5
f 2796/2639/5 2797/2640/5 3028/1417/5 3026/1839/5
f 2797/2640/5 2798/2641/5 3030/45/5 3028/1417/5
f 2798/2641/5 2799/2642/5 3032/44/5 3030/45/5
f 2799/2642/5 2800/2643/5 3034/2013/5 3032/44/5
f 2800/2643/5 2801/2644/5 3036/1838/5 3034/2013/5
f 2801/2644/5 2802/2645/5 3038/51/5 3036/1838/5
f 2802/2645/5 2803/2646/5 3040/50/5 3038/51/5
f 2803/2646/5 2804/2647/5 3042/776/5 3040/50/5
f 2804/2647/5 2805/2648/5 3044/777/5 3042/776/5
f 2805/2648/5 2806/2649/5 3046/1793/5 3044/777/5
f 2806/2649/5 2807/2650/5 3048/49/5 3046/1793/5
f 2807/2650/5 2808/2651/5 3050/48/5 3048/49/5
f 2808/2651/5 2809/2652/5 3052/2399/5 3050/48/5
f 2809/2652/5 2810/2653/5 3054/2309/5 3052/2399/5
f 2810/2653/5 2707/2654/5 3056/43/5 3054/2309/5
f 2707/2654/5 2708/2655/5 2811/2656/5 3056/43/5
f 3056/43/5 2811/2656/5 2812/2657/5 3057/42/5
f 3057/42/5 2812/2657/5 2813/2658/5 3058/41/5
f 3058/41/5 2813/2658/5 2814/2659/5 3059/40/5
f 3059/40/5 2814/2659/5 2815/2660/5 3060/39/5
f 3060/39/5 2815/2660/5 2816/2661/5 3061/36/5
f 3061/36/5 2816/2661/5 2817/2662/5 3062/33/5
f 3062/33/5 2817/2662/5 2818/2663/5 3063/32/5
f 3063/32/5 2818/2663/5 2819/2664/5 3064/31/5
f 3064/31/5 2819/2664/5 2820/2665/5 3065/30/5
f 3065/30/5 2820/2665/5 2821/2666/5 3066/29/5
f 3066/29/5 2821/2666/5 2822/2667/5 3067/26/5
f 3067/26/5 2822/2667/5 2823/2668/5 3068/22/5
f 3068/22/5 2823/2668/5 2824/2669/5 3069/20/5
f 3069/20/5 2824/2669/5 2825/2670/5 3070/18/5
f 3070/18/5 2825/2670/5 2826/2671/5 3071/16/5
f 3071/16/5 2826/2671/5 2827/2672/5 3072/14/5
f 3072/14/5 2827/2672/5 2828/2673/5 3073/13/5
f 3073/13/5 2828/2673/5 2829/2674/5 3074/9/5
f 3074/9/5 2829/2674/5 2830/2675/5 3075/5/5
f 3075/5/5 2830/2675/5 2831/2676/5 3076/4/5
f 3076/4/5 2831/2676/5 2832/2677/5 3077/2470/5
f 3077/2470/5 2832/2677/5 2833/2678/5 3078/2471/5
f 3078/2471/5 2833/2678/5 2834/2679/5 3079/2472/5
f 3079/2472/5 2834/2679/5 2835/2680/5 3080/2473/5
f 3080/2473/5 2835/2680/5 2836/2681/5 3081/2474/5
f 3081/2474/5 2836/2681/5 2837/2682/5 3082/2475/5
f 3082/2475/5 2837/2682/5 2838/2683/5 3083/2476/5
f 3083/2476/5 2838/2683/5 2839/2684/5 3084/2477/5
f 3084/2477/5 2839/2684/5 2840/2685/5 3085/2478/5
f 3085/2478/5 2840/2685/5 2841/2686/5 3086/2479/5
f 3086/2479/5 2841/2686/5 2842/2687/5 3087/2480/5
f 3087/2480/5 2842/2687/5 2843/2688/5 3088/2481/5
f 3088/2481/5 2843/2688/5 2844/2689/5 3089/2482/5
f 3089/2482/5 2844/2689/5 2845/2690/5 3090/2483/5
f 3090/2483/5 2845/2690/5 2846/2691/5 3091/2484/5
f 3091/2484/5 2846/2691/5 2847/2692/5 3092/2485/5
f 3092/2485/5 2847/2692/5 2848/2693/5 3093/2486/5
f 3093/2486/5 2848/2693/5 2849/2694/5 3094/2487/5
f 3094/2487/5 2849/2694/5 2850/2695/5 3095/2488/5
f 3095/2488/5 2850/2695/5 2851/2696/5 3096/2489/5
f 3096/2489/5 2851/2696/5 2852/2697/5 3097/2491/5
f 3097/2491/5 2852/2697/5 2853/2698/5 3098/2493/5
f 3098/2493/5 2853/2698/5 2854/2699/5 3099/2495/5
f 3099/2495/5 2854/2699/5 2855/2700/5 3100/2497/5
f 3100/2497/5 2855/2700/5 2856/2701/5 3101/2498/5
f 3101/2498/5 2856/2701/5 2857/2702/5 3102/2499/5
f 3102/2499/5 2857/2702/5 2858/2703/5 3103/2500/5
f 3103/2500/5 2858/2703/5 2859/2704/5 3104/2501/5
f 3104/2501/5 2859/2704/5 2709/2502/5 3055/65/5
f 2676/2470/1 2675/4/1 3076/4/1 3077/2470/1
f 213/3/2 214/89/2 2919/89/2 2918/3/2
f 8/1/1 9/1/1 2717/1/1 2716/1/1
f 2677/2471/1 2676/2470/1 3077/2470/1 3078/2471/1
f 214/89/2 215/91/2 2920/91/2 2919/89/2
f 9/1/1 10/1/1 2718/1/1 2717/1/1
f 2678/2472/1 2677/2471/1 3078/2471/1 3079/2472/1
f 215/91/2 216/93/2 2921/93/2 2920/91/2
f 10/1/1 11/1/1 2719/1/1 2718/1/1
f 2679/2473/1 2678/2472/1 3079/2472/1 3080/2473/1
f 216/93/2 217/95/2 2922/95/2 2921/93/2
f 11/1/1 12/1/1 2720/1/1 2719/1/1
f 1204/77/4 1254/1219/4 2997/1219/4 2995/77/4
f 2680/2474/1 2679/2473/1 3080/2473/1 3081/2474/1
f 217/95/2 218/97/2 2923/97/2 2922/95/2
f 12/1/1 13/1/1 2721/1/1 2720/1/1
f 1255/1225/3 1205/74/3 2998/74/3 3000/1225/3
f 2681/2475/1 2680/2474/1 3081/2474/1 3082/2475/1
f 218/97/2 219/99/2 2924/99/2 2923/97/2
f 13/1/1 14/1/1 2722/1/1 2721/1/1
f 2682/2476/1 2681/2475/1 3082/2475/1 3083/2476/1
f 219/99/2 220/101/2 2925/101/2 2924/99/2
f 14/1/1 15/1/1 2723/1/1 2722/1/1
f 2683/2477/1 2682/2476/1 3083/2476/1 3084/2477/1
f 220/101/2 221/103/2 2926/103/2 2925/101/2
f 15/1/1 16/1/1 2724/1/1 2723/1/1
f 2684/2478/1 2683/2477/1 3084/2477/1 3085/2478/1
f 221/103/2 222/105/2 2927/105/2 2926/103/2
f 16/1/1 17/1/1 2725/1/1 2724/1/1
f 2685/2479/1 2684/2478/1 3085/2478/1 3086/2479/1
f 222/105/2 223/107/2 2928/107/2 2927/105/2
f 17/1/1 18/1/1 2726/1/1 2725/1/1
f 1004/73/4 1054/1016/4 2989/1016/4 2987/73/4
f 2686/2480/1 2685/2479/1 3086/2479/1 3087/2480/1
f 223/107/2 224/109/2 2929/109/2 2928/107/2
f 18/1/1 19/1/1 2727/1/1 2726/1/1
f 1055/1018/3 1005/70/3 2990/70/3 2992/1018/3
f 2687/2481/1 2686/2480/1 3087/2480/1 3088/2481/1
f 224/109/2 225/111/2 2930/111/2 2929/109/2
f 19/1/1 20/1/1 2728/1/1 2727/1/1
f 2688/2482/1 2687/2481/1 3088/2481/1 3089/2482/1
f 225/111/2 226/113/2 2931/113/2 2930/111/2
f 20/1/1 21/1/1 2729/1/1 2728/1/1
f 2689/2483/1 2688/2482/1 3089/2482/1 3090/2483/1
f 226/113/2 227/115/2 2932/115/2 2931/113/2
f 21/1/1 22/1/1 2730/1/1 2729/1/1
f 2690/2484/1 2689/2483/1 3090/2483/1 3091/2484/1
f 227/115/2 228/117/2 2933/117/2 2932/115/2
f 22/1/1 23/1/1 2731/1/1 2730/1/1
f 2691/2485/1 2690/2484/1 3091/2484/1 3092/2485/1
f 228/117/2 229/119/2 2934/119/2 2933/117/2
f 23/1/1 24/1/1 2732/1/1 2731/1/1
f 554/69/4 604/530/4 2971/530/4 2969/69/4
f 804/67/4 854/805/4 2981/805/4 2979/67/4
f 2692/2486/1 2691/2485/1 3092/2485/1 3093/2486/1
f 229/119/2 230/121/2 2935/121/2 2934/119/2
f 24/1/1 25/1/1 2733/1/1 2732/1/1
f 605/531/3 555/62/3 2972/62/3 2974/531/3
f 855/806/3 805/60/3 2982/60/3 2984/806/3
f 2693/2487/1 2692/2486/1 3093/2486/1 3094/2487/1
f 230/121/2 231/123/2 2936/123/2 2935/121/2
f 25/1/1 26/1/1 2734/1/1 2733/1/1
f 2694/2488/1 2693/2487/1 3094/2487/1 3095/2488/1
f 231/123/2 232/125/2 2937/125/2 2936/123/2
f 26/1/1 27/1/1 2735/1/1 2734/1/1
f 2695/2489/1 2694/2488/1 3095/2488/1 3096/2489/1
f 232/125/2 233/127/2 2938/127/2 2937/125/2
f 27/1/1 28/1/1 2736/1/1 2735/1/1
f 2696/2491/1 2695/2489/1 3096/2489/1 3097/2491/1
f 233/127/2 234/129/2 2939/129/2 2938/127/2
f 28/1/1 29/1/1 2737/1/1 2736/1/1
f 2697/2493/1 2696/2491/1 3097/2491/1 3098/2493/1
f 234/129/2 235/131/2 2940/131/2 2939/129/2
f 29/1/1 30/1/1 2738/1/1 2737/1/1
f 354/59/4 404/285/4 2963/285/4 2961/59/4
f 2698/2495/1 2697/2493/1 3098/2493/1 3099/2495/1
f 235/131/2 236/133/2 2941/133/2 2940/131/2
f 30/1/1 31/1/1 2739/1/1 2738/1/1
f 2254/57/4 2304/2196/4 3039/2196/4 3037/57/4
f 2504/55/4 2554/2398/4 3049/2398/4 3047/55/4
f 405/286/3 355/52/3 2964/52/3 2966/286/3
f 2699/2497/1 2698/2495/1 3099/2495/1 3100/2497/1
f 236/133/2 237/135/2 2942/135/2 2941/133/2
f 31/1/1 32/1/1 2740/1/1 2739/1/1
f 2305/776/3 2255/50/3 3040/50/3 3042/776/3
f 2555/2399/3 2505/48/3 3050/48/3 3052/2399/3
f 2700/2498/1 2699/2497/1 3100/2497/1 3101/2498/1
f 237/135/2 238/137/2 2943/137/2 2942/135/2
f 32/1/1 33/1/1 2741/1/1 2740/1/1
f 2701/2499/1 2700/2498/1 3101/2498/1 3102/2499/1
f 238/137/2 239/139/2 2944/139/2 2943/137/2
f 33/1/1 34/1/1 2742/1/1 2741/1/1
f 2702/2500/1 2701/2499/1 3102/2499/1 3103/2500/1
f 239/139/2 240/141/2 2945/141/2 2944/139/2
f 34/1/1 35/1/1 2743/1/1 2742/1/1
f 2703/2501/1 2702/2500/1 3103/2500/1 3104/2501/1
f 240/141/2 241/143/2 2946/143/2 2945/141/2
f 35/1/1 36/1/1 2744/1/1 2743/1/1
f 2704/65/1 2703/2501/1 3104/2501/1 3055/65/1
f 241/143/2 242/145/2 2947/145/2 2946/143/2
f 36/1/1 37/1/1 2745/1/1 2744/1/1
f 2054/47/4 2104/2011/4 3031/2011/4 3029/47/4
f 242/145/2 243/147/2 2948/147/2 2947/145/2
f 37/1/1 38/1/1 2746/1/1 2745/1/1
f 2105/2013/3 2055/44/3 3032/44/3 3034/2013/3
f 243/147/2 244/149/2 2949/149/2 2948/147/2
f 38/1/1 39/1/1 2747/1/1 2746/1/1
f 244/149/2 245/151/2 2950/151/2 2949/149/2
f 39/1/1 40/1/1 2748/1/1 2747/1/1
f 245/151/2 246/153/2 2951/153/2 2950/151/2
f 40/1/1 41/1/1 2749/1/1 2748/1/1
f 246/153/2 247/155/2 2952/155/2 2951/153/2
f 41/1/1 42/1/1 2750/1/1 2749/1/1
f 247/155/2 248/157/2 2953/157/2 2952/155/2
f 42/1/1 43/1/1 2751/1/1 2750/1/1
f 1854/38/4 1904/1837/4 3023/1837/4 3021/38/4
f 248/157/2 249/159/2 2954/159/2 2953/157/2
f 43/1/1 44/1/1 2752/1/1 2751/1/1
f 1905/1839/3 1855/34/3 3024/34/3 3026/1839/3
f 249/159/2 250/161/2 2955/161/2 2954/159/2
f 44/1/1 45/1/1 2753/1/1 2752/1/1
f 250/161/2 251/163/2 2956/163/2 2955/161/2
f 45/1/1 46/1/1 2754/1/1 2753/1/1
f 251/163/2 252/165/2 2957/165/2 2956/163/2
f 46/1/1 47/1/1 2755/1/1 2754/1/1
f 252/165/2 253/167/2 2958/167/2 2957/165/2
f 47/1/1 48/1/1 2756/1/1 2755/1/1
f 253/167/2 254/168/2 2909/168/2 2958/167/2
f 48/1/1 49/1/1 2757/1/1 2756/1/1
f 1654/28/4 1704/1643/4 3015/1643/4 3013/28/4
f 49/1/1 50/1/1 2758/1/1 2757/1/1
f 1705/1644/3 1655/23/3 3016/23/3 3018/1644/3
f 50/1/1 51/1/1 2759/1/1 2758/1/1
f 51/1/1 52/1/1 2760/1/1 2759/1/1
f 52/1/1 53/1/1 2761/1/1 2760/1/1
f 53/1/1 54/1/1 2705/1/1 2761/1/1
f 1/1/4 55/1/4 2762/1/4 2706/1/4
f 1454/11/4 1504/1461/4 3007/1461/4 3005/11/4
f 55/1/4 56/1/4 2763/1/4 2762/1/4
f 1505/1462/3 1455/6/3 3008/6/3 3010/1462/3
f 56/1/4 57/1/4 2764/1/4 2763/1/4
f 57/1/4 58/1/4 2765/1/4 2764/1/4
f 58/1/4 59/1/4 2766/1/4 2765/1/4
f 59/1/4 60/1/4 2767/1/4 2766/1/4
f 60/1/4 61/1/4 2768/1/4 2767/1/4
f 61/1/4 62/1/4 2769/1/4 2768/1/4
f 1254/1219/4 1304/1262/4 2999/1262/4 2997/1219/4
f 62/1/4 63/1/4 2770/1/4 2769/1/4
f 1305/1226/3 1255/1225/3 3000/1225/3 3002/1226/3
f 63/1/4 64/1/4 2771/1/4 2770/1/4
f 64/1/4 65/1/4 2772/1/4 2771/1/4
f 65/1/4 66/1/4 2773/1/4 2772/1/4
f 66/1/4 67/1/4 2774/1/4 2773/1/4
f 67/1/4 68/1/4 2775/1/4 2774/1/4
f 1054/1016/4 1104/1060/4 2991/1060/4 2989/1016/4
f 68/1/4 69/1/4 2776/1/4 2775/1/4
f 1105/1061/3 1055/1018/3 2992/1018/3 2994/1061/3
f 69/1/4 70/1/4 2777/1/4 2776/1/4
f 70/1/4 71/1/4 2778/1/4 2777/1/4
f 71/1/4 72/1/4 2779/1/4 2778/1/4
f 72/1/4 73/1/4 2780/1/4 2779/1/4
f 73/1/4 74/1/4 2781/1/4 2780/1/4
f 604/530/4 654/585/4 2973/585/4 2971/530/4
f 854/805/4 904/852/4 2983/852/4 2981/805/4
f 74/1/4 75/1/4 2782/1/4 2781/1/4
f 655/587/3 605/531/3 2974/531/3 2976/587/3
f 905/853/3 855/806/3 2984/806/3 2986/853/3
f 75/1/4 76/1/4 2783/1/4 2782/1/4
f 76/1/4 77/1/4 2784/1/4 2783/1/4
f 77/1/4 78/1/4 2785/1/4 2784/1/4
f 78/1/4 79/1/4 2786/1/4 2785/1/4
f 79/1/4 80/1/4 2787/1/4 2786/1/4
f 404/285/4 454/350/4 2965/350/4 2963/285/4
f 80/1/4 81/1/4 2788/1/4 2787/1/4
f 2304/2196/4 2354/2240/4 3041/2240/4 3039/2196/4
f 2554/2398/4 2604/2431/4 3051/2431/4 3049/2398/4
f 455/351/3 405/286/3 2966/286/3 2968/351/3
f 81/1/4 82/1/4 2789/1/4 2788/1/4
f 2355/777/3 2305/776/3 3042/776/3 3044/777/3
f 2605/2309/3 2555/2399/3 3052/2399/3 3054/2309/3
f 82/1/4 83/1/4 2790/1/4 2789/1/4
f 83/1/4 84/1/4 2791/1/4 2790/1/4
f 84/1/4 85/1/4 2792/1/4 2791/1/4
f 85/1/4 86/1/4 2793/1/4 2792/1/4
f 86/1/4 87/1/4 2794/1/4 2793/1/4
f 2104/2011/4 2154/2012/4 3033/2012/4 3031/2011/4
f 2354/2240/4 2404/1965/4 3043/1965/4 3041/2240/4
f 255/79/3 205/25/3 2910/25/3 2960/79/3
f 87/1/4 88/1/4 2795/1/4 2794/1/4
f 2155/1838/3 2105/2013/3 3034/2013/3 3036/1838/3
f 2405/1793/3 2355/777/3 3044/777/3 3046/1793/3
f 88/1/4 89/1/4 2796/1/4 2795/1/4
f 89/1/4 90/1/4 2797/1/4 2796/1/4
f 90/1/4 91/1/4 2798/1/4 2797/1/4
f 91/1/4 92/1/4 2799/1/4 2798/1/4
f 92/1/4 93/1/4 2800/1/4 2799/1/4
f 1904/1837/4 1954/1505/4 3025/1505/4 3023/1837/4
f 93/1/4 94/1/4 2801/1/4 2800/1/4
f 1955/1417/3 1905/1839/3 3026/1839/3 3028/1417/3
f 94/1/4 95/1/4 2802/1/4 2801/1/4
f 3105/87/5 3111/177/5 3112/180/5 3106/88/5
f 3107/90/5 3113/181/5 3114/184/5 3108/92/5
f 3109/100/5 3115/188/5 3116/191/5 3110/102/5
f 3111/177/5 3132/231/5 3133/234/5 3112/180/5
f 3113/181/5 3134/235/5 3135/237/5 3114/184/5
f 3115/188/5 3136/241/5 3137/242/5 3116/191/5
f 3117/205/5 3138/256/5 3139/323/5 3118/206/5
f 3118/206/5 3139/323/5 3140/325/5 3119/207/5
f 3119/207/5 3140/325/5 3141/327/5 3120/208/5
f 3120/208/5 3141/327/5 3142/329/5 3121/209/5
f 3121/209/5 3142/329/5 3143/331/5 3122/210/5
f 3122/210/5 3143/331/5 3144/333/5 3123/211/5
f 3123/211/5 3144/333/5 3145/335/5 3124/212/5
f 3124/212/5 3145/335/5 3146/337/5 3125/213/5
f 3125/213/5 3146/337/5 3147/273/5 3126/214/5
f 3127/218/5 3148/277/5 3149/280/5 3128/219/5
f 3129/228/5 3150/291/5 3151/358/5 3130/229/5
f 3130/229/5 3151/358/5 3152/360/5 3131/230/5
f 3131/230/5 3152/360/5 3153/362/5 3132/231/5
f 3132/231/5 3153/362/5 3154/298/5 3133/234/5
f 3134/235/5 3155/299/5 3156/302/5 3135/237/5
f 3136/241/5 3159/306/5 3160/307/5 3137/242/5
f 3148/277/5 3161/342/5 3162/345/5 3149/280/5
f 3153/362/5 3163/361/5 3164/363/5 3154/298/5
f 3155/299/5 3165/364/5 3166/421/5 3156/302/5
f 3156/302/5 3166/421/5 3167/423/5 3157/303/5
f 3157/303/5 3167/423/5 3168/369/5 3158/304/5
f 3159/306/5 3169/371/5 3170/374/5 3160/307/5
f 3161/342/5 3179/401/5 3180/403/5 3162/345/5
f 3163/361/5 3181/415/5 3182/418/5 3164/363/5
f 3171/387/5 3183/440/5 3184/500/5 3172/388/5
f 3172/388/5 3184/500/5 3185/502/5 3173/389/5
f 3173/389/5 3185/502/5 3186/504/5 3174/390/5
f 3174/390/5 3186/504/5 3187/506/5 3175/391/5
f 3175/391/5 3187/506/5 3188/508/5 3176/392/5
f 3176/392/5 3188/508/5 3189/510/5 3177/393/5
f 3177/393/5 3189/510/5 3190/455/5 3178/394/5
f 3179/401/5 3191/462/5 3192/465/5 3180/403/5
f 3189/510/5 3197/509/5 3198/513/5 3190/455/5
f 3191/462/5 3199/520/5 3200/523/5 3192/465/5
f 3193/466/5 3201/524/5 3202/527/5 3194/467/5
f 3195/477/5 3203/539/5 3204/542/5 3196/478/5
f 3197/509/5 3205/568/5 3206/571/5 3198/513/5
f 3199/520/5 3207/578/5 3208/579/5 3200/523/5
f 3201/524/5 3209/580/5 3210/582/5 3202/527/5
f 3203/539/5 3211/595/5 3212/596/5 3204/542/5
f 3205/568/5 3217/620/5 3218/622/5 3206/571/5
f 3207/578/5 3219/629/5 3220/631/5 3208/579/5
f 3209/580/5 3221/632/5 3222/635/5 3210/582/5
f 3211/595/5 3223/647/5 3224/650/5 3212/596/5
f 3213/372/5 3225/373/5 3226/365/5 3214/366/5
f 3215/608/5 3227/663/5 3228/666/5 3216/609/5
f 3217/620/5 3229/677/5 3230/680/5 3218/622/5
f 3221/632/5 3231/689/5 3232/692/5 3222/635/5
f 3223/647/5 3233/703/5 3234/706/5 3224/650/5
f 3225/373/5 3235/717/5 3236/720/5 3226/365/5
f 3227/663/5 3237/722/5 3238/725/5 3228/666/5
f 3229/677/5 3239/736/5 3240/739/5 3230/680/5
f 3231/689/5 3241/748/5 3242/750/5 3232/692/5
f 3235/717/5 3243/772/5 3244/773/5 3236/720/5
f 3237/722/5 3245/775/5 3246/778/5 3238/725/5
f 3241/748/5 3247/799/5 3248/802/5 3242/750/5
f 3243/772/5 3255/300/5 3256/295/5 3244/773/5
f 3245/775/5 3257/269/5 3258/268/5 3246/778/5
f 3247/799/5 3262/848/5 3263/849/5 3248/802/5
f 3249/633/5 3264/634/5 3265/919/5 3250/816/5
f 3250/816/5 3265/919/5 3266/921/5 3251/817/5
f 3251/817/5 3266/921/5 3267/923/5 3252/818/5
f 3252/818/5 3267/923/5 3268/925/5 3253/819/5
f 3253/819/5 3268/925/5 3269/463/5 3254/464/5
f 3255/300/5 3270/301/5 3271/294/5 3256/295/5
f 3257/269/5 3272/270/5 3273/267/5 3258/268/5
f 3259/845/5 3280/897/5 3281/962/5 3260/846/5
f 3260/846/5 3281/962/5 3282/964/5 3261/847/5
f 3261/847/5 3282/964/5 3283/966/5 3262/848/5
f 3262/848/5 3283/966/5 3284/905/5 3263/849/5
f 3270/301/5 3287/931/5 3288/934/5 3271/294/5
f 3272/270/5 3289/936/5 3290/939/5 3273/267/5
f 3274/889/5 3291/949/5 3292/1001/5 3275/890/5
f 3275/890/5 3292/1001/5 3293/1003/5 3276/891/5
f 3276/891/5 3293/1003/5 3294/1005/5 3277/892/5
f 3277/892/5 3294/1005/5 3295/1007/5 3278/893/5
f 3278/893/5 3295/1007/5 3296/957/5 3279/894/5
f 3285/912/5 3297/974/5 3298/975/5 3286/913/5
f 3287/931/5 3299/989/5 3300/991/5 3288/934/5
f 3289/936/5 3301/993/5 3302/995/5 3290/939/5
f 3297/974/5 3313/953/5 3314/904/5 3298/975/5
f 3299/989/5 3315/569/5 3316/522/5 3300/991/5
f 3301/993/5 3317/1038/5 3318/1085/5 3302/995/5
f 3302/995/5 3318/1085/5 3319/1087/5 3303/996/5
f 3303/996/5 3319/1087/5 3320/1089/5 3304/997/5
f 3304/997/5 3320/1089/5 3321/1091/5 3305/990/5
f 3305/990/5 3321/1091/5 3322/1093/5 3306/952/5
f 3306/952/5 3322/1093/5 3323/1095/5 3307/902/5
f 3307/902/5 3323/1095/5 3324/1097/5 3308/879/5
f 3308/879/5 3324/1097/5 3325/261/5 3309/877/5
f 3309/877/5 3325/261/5 3326/258/5 3310/876/5
f 3311/417/5 3327/1056/5 3328/1058/5 3312/416/5
f 3313/953/5 3331/954/5 3332/903/5 3314/904/5
f 3315/569/5 3333/570/5 3334/521/5 3316/522/5
f 3325/261/5 3335/262/5 3336/257/5 3326/258/5
f 3327/1056/5 3337/1112/5 3338/1113/5 3328/1058/5
f 3329/1061/5 3339/75/5 3340/1117/5 3330/1062/5
f 3331/954/5 3341/1121/5 3342/1123/5 3332/903/5
f 3333/570/5 3343/1137/5 3344/1140/5 3334/521/5
f 3335/262/5 3354/1150/5 3355/1151/5 3336/257/5
f 3337/1112/5 3358/1165/5 3359/1167/5 3338/1113/5
f 3339/75/5 3360/74/5 3361/1170/5 3340/1117/5
f 3341/1121/5 3362/1174/5 3363/1177/5 3342/1123/5
f 3343/1137/5 3364/1191/5 3365/1198/5 3344/1140/5
f 3344/1140/5 3365/1198/5 3366/1195/5 3345/1141/5
f 3345/1141/5 3366/1195/5 3367/1192/5 3346/1142/5
f 3346/1142/5 3367/1192/5 3368/1166/5 3347/1143/5
f 3347/1143/5 3368/1166/5 3369/1116/5 3348/1144/5
f 3348/1144/5 3369/1116/5 3370/1057/5 3349/1145/5
f 3349/1145/5 3370/1057/5 3371/1041/5 3350/1146/5
f 3350/1146/5 3371/1041/5 3372/1039/5 3351/1147/5
f 3351/1147/5 3372/1039/5 3373/994/5 3352/1148/5
f 3352/1148/5 3373/994/5 3374/955/5 3353/1149/5
f 3353/1149/5 3374/955/5 3375/932/5 3354/1150/5
f 3354/1150/5 3375/932/5 3376/933/5 3355/1151/5
f 3356/1156/5 3377/1205/5 3378/1208/5 3357/1157/5
f 3358/1165/5 3379/1216/5 3380/1217/5 3359/1167/5
f 3360/74/5 3381/1225/5 3382/1207/5 3361/1170/5
f 3362/1174/5 3383/263/5 3384/264/5 3363/1177/5
f 3377/1205/5 3395/265/5 3396/260/5 3378/1208/5
f 3379/1216/5 3397/1260/5 3398/1252/5 3380/1217/5
f 3381/1225/5 3399/1226/5 3400/1206/5 3382/1207/5
f 3385/233/5 3401/1066/5 3402/1317/5 3386/232/5
f 3386/232/5 3402/1317/5 3403/1319/5 3387/1227/5
f 3387/1227/5 3403/1319/5 3404/1321/5 3388/1228/5
f 3388/1228/5 3404/1321/5 3405/1323/5 3389/1229/5
f 3389/1229/5 3405/1323/5 3406/937/5 3390/938/5
f 3391/898/5 3407/899/5 3408/1327/5 3392/1230/5
f 3392/1230/5 3408/1327/5 3409/1329/5 3393/1231/5
f 3393/1231/5 3409/1329/5 3410/866/5 3394/867/5
f 3395/265/5 3411/266/5 3412/259/5 3396/260/5
f 3397/1260/5 3413/1303/5 3414/1306/5 3398/1252/5
f 3399/1226/5 3415/78/5 3416/1309/5 3400/1206/5
f 3409/1329/5 3425/1328/5 3426/1331/5 3410/866/5
f 3411/266/5 3430/1352/5 3431/1354/5 3412/259/5
f 3413/1303/5 3432/1362/5 3433/1364/5 3414/1306/5
f 3415/78/5 3434/7/5 3435/1367/5 3416/1309/5
f 3417/1315/5 3436/1373/5 3437/1426/5 3418/1316/5
f 3418/1316/5 3437/1426/5 3438/1415/5 3419/1318/5
f 3419/1318/5 3438/1415/5 3439/1386/5 3420/1320/5
f 3420/1320/5 3439/1386/5 3440/1384/5 3421/1322/5
f 3421/1322/5 3440/1384/5 3441/1378/5 3422/1324/5
f 3422/1324/5 3441/1378/5 3442/1374/5 3423/1325/5
f 3423/1325/5 3442/1374/5 3443/1363/5 3424/1326/5
f 3424/1326/5 3443/1363/5 3444/1330/5 3425/1328/5
f 3425/1328/5 3444/1330/5 3445/1275/5 3426/1331/5
f 3426/1331/5 3445/1275/5 3446/1270/5 3427/1332/5
f 3427/1332/5 3446/1270/5 3447/1271/5 3428/1333/5
f 3428/1333/5 3447/1271/5 3448/1388/5 3429/1334/5
f 3430/1352/5 3449/1406/5 3450/1407/5 3431/1354/5
f 3432/1362/5 3451/1385/5 3452/1380/5 3433/1364/5
f 3434/7/5 3453/6/5 3454/402/5 3435/1367/5
f 3447/1271/5 3460/1435/5 3461/901/5 3448/1388/5
f 3449/1406/5 3462/367/5 3463/344/5 3450/1407/5
f 3451/1385/5 3464/182/5 3465/1379/5 3452/1380/5
f 3455/1080/5 3466/1081/5 3467/1520/5 3456/1431/5
f 3456/1431/5 3467/1520/5 3468/1522/5 3457/1432/5
f 3457/1432/5 3468/1522/5 3469/1524/5 3458/1433/5
f 3458/1433/5 3469/1524/5 3470/1526/5 3459/1434/5
f 3459/1434/5 3470/1526/5 3471/1528/5 3460/1435/5
f 3460/1435/5 3471/1528/5 3472/900/5 3461/901/5
f 3462/367/5 3473/368/5 3474/343/5 3463/344/5
f 3464/182/5 3475/183/5 3476/1503/5 3465/1379/5
f 3473/368/5 3479/1547/5 3480/1548/5 3474/343/5
f 3475/183/5 3481/1556/5 3482/1557/5 3476/1503/5
f 3477/1518/5 3483/1571/5 3484/1573/5 3478/1519/5
f 3483/1571/5 3502/1220/5 3503/1200/5 3484/1573/5
f 3485/1576/5 3504/1620/5 3505/1660/5 3486/1577/5
f 3486/1577/5 3505/1660/5 3506/1662/5 3487/1578/5
f 3487/1578/5 3506/1662/5 3507/1664/5 3488/1579/5
f 3488/1579/5 3507/1664/5 3508/1666/5 3489/1580/5
f 3489/1580/5 3508/1666/5 3509/1668/5 3490/1581/5
f 3490/1581/5 3509/1668/5 3510/1670/5 3491/1582/5
f 3491/1582/5 3510/1670/5 3511/1672/5 3492/1583/5
f 3492/1583/5 3511/1672/5 3512/1674/5 3493/1584/5
f 3493/1584/5 3512/1674/5 3513/1625/5 3494/1585/5
f 3495/1586/5 3514/870/5 3515/869/5 3496/1587/5
f 3496/1587/5 3515/869/5 3516/1677/5 3497/1588/5
f 3497/1588/5 3516/1677/5 3517/1679/5 3498/1589/5
f 3498/1589/5 3517/1679/5 3518/1629/5 3499/1590/5
f 3500/1477/5 3521/292/5 3522/272/5 3501/1475/5
f 3502/1220/5 3525/1221/5 3526/1199/5 3503/1200/5
f 3514/870/5 3527/871/5 3528/868/5 3515/869/5
f 3519/453/5 3529/454/5 3530/443/5 3520/444/5
f 3521/292/5 3531/293/5 3532/271/5 3522/272/5
f 3523/189/5 3533/190/5 3534/1697/5 3524/1646/5
f 3525/1221/5 3535/1707/5 3536/1708/5 3526/1199/5
f 3527/871/5 3537/1721/5 3538/1722/5 3528/868/5
f 3529/454/5 3539/1734/5 3540/1735/5 3530/443/5
f 3531/293/5 3541/1740/5 3542/1741/5 3532/271/5
f 3533/190/5 3543/1744/5 3544/1747/5 3534/1697/5
f 3535/1707/5 3545/1757/5 3546/1758/5 3536/1708/5
f 3537/1721/5 3547/1771/5 3548/1773/5 3538/1722/5
f 3539/1734/5 3549/1785/5 3550/1772/5 3540/1735/5
f 3541/1740/5 3551/1628/5 3552/1624/5 3542/1741/5
f 3543/1744/5 3553/1502/5 3554/1476/5 3544/1747/5
f 3545/1757/5 3555/1304/5 3556/1273/5 3546/1758/5
f 3547/1771/5 3557/1818/5 3558/1819/5 3548/1773/5
f 3549/1785/5 3559/690/5 3560/649/5 3550/1772/5
f 3551/1628/5 3561/511/5 3562/446/5 3552/1624/5
f 3553/1502/5 3563/296/5 3564/279/5 3554/1476/5
f 3555/1304/5 3565/1305/5 3566/1272/5 3556/1273/5
f 3559/690/5 3567/691/5 3568/648/5 3560/649/5
f 3561/511/5 3569/512/5 3570/445/5 3562/446/5
f 3563/296/5 3571/297/5 3572/278/5 3564/279/5
f 3565/1305/5 3573/1892/5 3574/1893/5 3566/1272/5
f 3569/512/5 3581/1919/5 3582/1920/5 3570/445/5
f 3573/1892/5 3583/1934/5 3584/1935/5 3574/1893/5
f 3575/661/5 3591/1959/5 3592/2001/5 3576/630/5
f 3576/630/5 3592/2001/5 3593/2003/5 3577/621/5
f 3577/621/5 3593/2003/5 3594/2005/5 3578/581/5
f 3578/581/5 3594/2005/5 3595/1991/5 3579/541/5
f 3579/541/5 3595/1991/5 3596/1961/5 3580/540/5
f 3581/1919/5 3597/1835/5 3598/1786/5 3582/1920/5
f 3585/1946/5 3599/1990/5 3600/2038/5 3586/1947/5
f 3586/1947/5 3600/2038/5 3601/2040/5 3587/1948/5
f 3587/1948/5 3601/2040/5 3602/2042/5 3588/1949/5
f 3588/1949/5 3602/2042/5 3603/1175/5 3589/1950/5
f 3589/1950/5 3603/1175/5 3604/1139/5 3590/1951/5
f 3595/1991/5 3605/864/5 3606/827/5 3596/1961/5
f 3597/1835/5 3607/704/5 3608/665/5 3598/1786/5
f 3603/1175/5 3611/1176/5 3612/1138/5 3604/1139/5
f 3605/864/5 3613/865/5 3614/826/5 3606/827/5
f 3607/704/5 3615/705/5 3616/664/5 3608/665/5
f 3609/525/5 3617/526/5 3618/447/5 3610/448/5
f 3611/1176/5 3619/2083/5 3620/2084/5 3612/1138/5
f 3613/865/5 3621/2096/5 3622/2097/5 3614/826/5
f 3615/705/5 3623/451/5 3624/452/5 3616/664/5
f 3617/526/5 3625/2104/5 3626/2105/5 3618/447/5
f 3619/2083/5 3627/2131/5 3628/2132/5 3620/2084/5
f 3621/2096/5 3629/2144/5 3630/2146/5 3622/2097/5
f 3625/2104/5 3631/1850/5 3632/1791/5 3626/2105/5
f 3627/2131/5 3635/2176/5 3636/2177/5 3628/2132/5
f 3631/1850/5 3639/1851/5 3640/679/5 3632/1791/5
f 3633/1381/5 3641/1382/5 3642/1375/5 3634/1376/5
f 3637/776/5 3645/777/5 3646/1621/5 3638/2197/5
f 3638/2197/5 3646/1621/5 3647/1572/5 3639/1851/5
f 3639/1851/5 3647/1572/5 3648/678/5 3640/679/5
f 3641/1382/5 3659/2248/5 3660/2250/5 3642/1375/5
f 3643/1694/5 3663/1626/5 3664/1622/5 3644/1693/5
f 3649/1418/5 3665/236/5 3666/178/5 3650/1387/5
f 3650/1387/5 3666/178/5 3667/179/5 3651/1383/5
f 3651/1383/5 3667/179/5 3668/2321/5 3652/1377/5
f 3652/1377/5 3668/2321/5 3669/2323/5 3653/1366/5
f 3653/1366/5 3669/2323/5 3670/2325/5 3654/1353/5
f 3654/1353/5 3670/2325/5 3671/2327/5 3655/1308/5
f 3655/1308/5 3671/2327/5 3672/2329/5 3656/1274/5
f 3656/1274/5 3672/2329/5 3673/2331/5 3657/1269/5
f 3657/1269/5 3673/2331/5 3674/2282/5 3658/1268/5
f 3659/2248/5 3675/1196/5 3676/1194/5 3660/2250/5
f 3661/801/5 3677/737/5 3678/719/5 3662/800/5
f 3663/1626/5 3679/449/5 3680/442/5 3664/1622/5
f 3675/1196/5 3681/1197/5 3682/1193/5 3676/1194/5
f 3677/737/5 3683/738/5 3684/718/5 3678/719/5
f 3679/449/5 3685/450/5 3686/441/5 3680/442/5
f 3681/1197/5 3689/2379/5 3690/2380/5 3682/1193/5
f 3683/738/5 3700/2388/5 3701/2389/5 3684/718/5
f 3685/450/5 3702/2396/5 3703/2397/5 3686/441/5
f 3687/2361/5 3704/2402/5 3705/2403/5 3688/2362/5
f 3691/2358/5 3706/1169/5 3707/1122/5 3692/2302/5
f 3692/2302/5 3707/1122/5 3708/1098/5 3693/2281/5
f 3693/2281/5 3708/1098/5 3709/1042/5 3694/2280/5
f 3694/2280/5 3709/1042/5 3710/1040/5 3695/2249/5
f 3695/2249/5 3710/1040/5 3711/1023/5 3696/2215/5
f 3696/2215/5 3711/1023/5 3712/956/5 3697/2145/5
f 3697/2145/5 3712/956/5 3713/950/5 3698/2101/5
f 3698/2101/5 3713/950/5 3714/951/5 3699/2100/5
f 3700/2388/5 3715/2008/5 3716/863/5 3701/2389/5
f 3702/2396/5 3721/1795/5 3722/1746/5 3703/2397/5
f 3704/2402/5 3723/1627/5 3724/1623/5 3705/2403/5
f 3715/2008/5 3725/2009/5 3726/2490/5 3716/863/5
f 3716/863/5 3726/2490/5 3727/2492/5 3717/824/5
f 3717/824/5 3727/2492/5 3728/2494/5 3718/749/5
f 3718/749/5 3728/2494/5 3729/2496/5 3719/724/5
f 3719/724/5 3729/2496/5 3730/1960/5 3720/723/5
f 3721/1795/5 3731/1796/5 3732/1745/5 3722/1746/5
f 3723/1627/5 3733/40/5 3734/39/5 3724/1623/5
f 1264/1227/1 1263/232/1 3386/232/1 3387/1227/1
f 1758/1697/3 1708/1646/3 3524/1646/3 3534/1697/3
f 1552/1503/3 1502/1379/3 3465/1379/3 3476/1503/3
f 2415/179/2 2416/2321/2 3668/2321/2 3667/179/2
f 1265/1228/1 1264/1227/1 3387/1227/1 3388/1228/1
f 678/608/4 728/663/4 3227/663/4 3215/608/4
f 2416/2321/2 2417/2323/2 3669/2323/2 3668/2321/2
f 1266/1229/1 1265/1228/1 3388/1228/1 3389/1229/1
f 729/666/3 679/609/3 3216/609/3 3228/666/3
f 2417/2323/2 2418/2325/2 3670/2325/2 3669/2323/2
f 1469/1431/1 1468/1080/1 3455/1080/1 3456/1431/1
f 1267/938/1 1266/1229/1 3389/1229/1 3390/938/1
f 2418/2325/2 2419/2327/2 3671/2327/2 3670/2325/2
f 1470/1432/1 1469/1431/1 3456/1431/1 3457/1432/1
f 1918/1305/4 1968/1892/4 3573/1892/4 3565/1305/4
f 2419/2327/2 2420/2329/2 3672/2329/2 3671/2327/2
f 1471/1433/1 1470/1432/1 3457/1432/1 3458/1433/1
f 1269/1230/1 1268/898/1 3391/898/1 3392/1230/1
f 484/387/4 534/440/4 3183/440/4 3171/387/4
f 1969/1893/3 1919/1272/3 3566/1272/3 3574/1893/3
f 2420/2329/2 2421/2331/2 3673/2331/2 3672/2329/2
f 1472/1434/1 1471/1433/1 3458/1433/1 3459/1434/1
f 1301/1260/4 1351/1303/4 3413/1303/4 3397/1260/4
f 1270/1231/1 1269/1230/1 3392/1230/1 3393/1231/1
f 866/816/1 865/633/1 3249/633/1 3250/816/1
f 2421/2331/2 2422/2282/2 3674/2282/2 3673/2331/2
f 1473/1435/1 1472/1434/1 3459/1434/1 3460/1435/1
f 1352/1306/3 1302/1252/3 3398/1252/3 3414/1306/3
f 1271/867/1 1270/1231/1 3393/1231/1 3394/867/1
f 867/817/1 866/816/1 3250/816/1 3251/817/1
f 2018/1934/2 2019/1935/2 3584/1935/2 3583/1934/2
f 868/818/1 867/817/1 3251/817/1 3252/818/1
f 869/819/1 868/818/1 3252/818/1 3253/819/1
f 1305/1226/4 1355/78/4 3415/78/4 3399/1226/4
f 870/464/1 869/819/1 3253/819/1 3254/464/1
f 1718/1221/4 1768/1707/4 3535/1707/4 3525/1221/4
f 465/364/2 466/421/2 3166/421/2 3165/364/2
f 1356/1309/3 1306/1206/3 3400/1206/3 3416/1309/3
f 264/88/1 263/87/1 3105/87/1 3106/88/1
f 1769/1708/3 1719/1199/3 3526/1199/3 3536/1708/3
f 466/421/2 467/423/2 3167/423/2 3166/421/2
f 2476/1197/4 2526/2379/4 3689/2379/4 3681/1197/4
f 1101/1056/4 1151/1112/4 3337/1112/4 3327/1056/4
f 541/455/3 491/394/3 3178/394/3 3190/455/3
f 467/423/2 468/369/2 3168/369/2 3167/423/2
f 266/92/1 265/90/1 3107/90/1 3108/92/1
f 2527/2380/3 2477/1193/3 3682/1193/3 3690/2380/3
f 1152/1113/3 1102/1058/3 3328/1058/3 3338/1113/3
f 690/620/4 740/677/4 3229/677/4 3217/620/4
f 2134/1176/4 2184/2083/4 3619/2083/4 3611/1176/4
f 897/845/4 947/897/4 3280/897/4 3259/845/4
f 741/680/3 691/622/3 3218/622/3 3230/680/3
f 2185/2084/3 2135/1138/3 3612/1138/3 3620/2084/3
f 470/371/2 471/374/2 3170/374/2 3169/371/2
f 1105/1061/4 1155/75/4 3339/75/4 3329/1061/4
f 1623/1577/1 1622/1576/1 3485/1576/1 3486/1577/1
f 1156/1117/3 1106/1062/3 3330/1062/3 3340/1117/3
f 1078/1038/2 1079/1085/2 3318/1085/2 3317/1038/2
f 1624/1578/1 1623/1577/1 3486/1577/1 3487/1578/1
f 271/102/1 270/100/1 3109/100/1 3110/102/1
f 1079/1085/2 1080/1087/2 3319/1087/2 3318/1085/2
f 951/905/3 901/849/3 3263/849/3 3284/905/3
f 1625/1579/1 1624/1578/1 3487/1578/1 3488/1579/1
f 676/366/1 675/372/1 3213/372/1 3214/366/1
f 498/401/4 548/462/4 3191/462/4 3179/401/4
f 1080/1087/2 1081/1089/2 3320/1089/2 3319/1087/2
f 1626/1580/1 1625/1579/1 3488/1579/1 3489/1580/1
f 2031/1947/1 2030/1946/1 3585/1946/1 3586/1947/1
f 549/465/3 499/403/3 3180/403/3 3192/465/3
f 1081/1089/2 1082/1091/2 3321/1091/2 3320/1089/2
f 1627/1581/1 1626/1580/1 3489/1580/1 3490/1581/1
f 1110/954/4 1160/1121/4 3341/1121/4 3331/954/4
f 2032/1948/1 2031/1947/1 3586/1947/1 3587/1948/1
f 1082/1091/2 1083/1093/2 3322/1093/2 3321/1091/2
f 1628/1582/1 1627/1581/1 3490/1581/1 3491/1582/1
f 679/609/1 678/608/1 3215/608/1 3216/609/1
f 1161/1123/3 1111/903/3 3332/903/3 3342/1123/3
f 2033/1949/1 2032/1948/1 3587/1948/1 3588/1949/1
f 1083/1093/2 1084/1095/2 3323/1095/2 3322/1093/2
f 1629/1583/1 1628/1582/1 3491/1582/1 3492/1583/1
f 2034/1950/1 2033/1949/1 3588/1949/1 3589/1950/1
f 1084/1095/2 1085/1097/2 3324/1097/2 3323/1095/2
f 1630/1584/1 1629/1583/1 3492/1583/1 3493/1584/1
f 700/632/4 750/689/4 3231/689/4 3221/632/4
f 2035/1951/1 2034/1950/1 3589/1950/1 3590/1951/1
f 1085/1097/2 1086/261/2 3325/261/2 3324/1097/2
f 1732/871/4 1782/1721/4 3537/1721/4 3527/871/4
f 1631/1585/1 1630/1584/1 3493/1584/1 3494/1585/1
f 751/692/3 701/635/3 3222/635/3 3232/692/3
f 1320/1329/4 1370/1328/4 3425/1328/4 3409/1329/4
f 1783/1722/3 1733/868/3 3528/868/3 3538/1722/3
f 1371/1331/3 1321/866/3 3410/866/3 3426/1331/3
f 1633/1587/1 1632/1586/1 3495/1586/1 3496/1587/1
f 2147/865/4 2197/2096/4 3621/2096/4 3613/865/4
f 1634/1588/1 1633/1587/1 3496/1587/1 3497/1588/1
f 2644/2009/2 2645/2490/2 3726/2490/2 3725/2009/2
f 2198/2097/3 2148/826/3 3614/826/3 3622/2097/3
f 1635/1589/1 1634/1588/1 3497/1588/1 3498/1589/1
f 2645/2490/2 2646/2492/2 3727/2492/2 3726/2490/2
f 1636/1590/1 1635/1589/1 3498/1589/1 3499/1590/1
f 2646/2492/2 2647/2494/2 3728/2494/2 3727/2492/2
f 485/388/1 484/387/1 3171/387/1 3172/388/1
f 2494/738/4 2544/2388/4 3700/2388/4 3683/738/4
f 2647/2494/2 2648/2496/2 3729/2496/2 3728/2494/2
f 486/389/1 485/388/1 3172/388/1 3173/389/1
f 2545/2389/3 2495/718/3 3684/718/3 3701/2389/3
f 2151/705/4 2201/451/4 3623/451/4 3615/705/4
f 2648/2496/2 2649/1960/2 3730/1960/2 3729/2496/2
f 487/390/1 486/389/1 3173/389/1 3174/390/1
f 2202/452/3 2152/664/3 3616/664/3 3624/452/3
f 488/391/1 487/390/1 3174/390/1 3175/391/1
f 2043/1959/2 2044/2001/2 3592/2001/2 3591/1959/2
f 489/392/1 488/391/1 3175/391/1 3176/392/1
f 2044/2001/2 2045/2003/2 3593/2003/2 3592/2001/2
f 490/393/1 489/392/1 3176/392/1 3177/393/1
f 2247/2144/2 2248/2146/2 3630/2146/2 3629/2144/2
f 2045/2003/2 2046/2005/2 3594/2005/2 3593/2003/2
f 2652/1796/2 2653/1745/2 3732/1745/2 3731/1796/2
f 491/394/1 490/393/1 3177/393/1 3178/394/1
f 1125/570/4 1175/1137/4 3343/1137/4 3333/570/4
f 2046/2005/2 2047/1991/2 3595/1991/2 3594/2005/2
f 713/647/4 763/703/4 3233/703/4 3223/647/4
f 2157/526/4 2207/2104/4 3625/2104/4 3617/526/4
f 1176/1140/3 1126/521/3 3334/521/3 3344/1140/3
f 1951/512/4 2001/1919/4 3581/1919/4 3569/512/4
f 1745/454/4 1795/1734/4 3539/1734/4 3529/454/4
f 764/706/3 714/650/3 3224/650/3 3234/706/3
f 2502/450/4 2552/2396/4 3702/2396/4 3685/450/4
f 2208/2105/3 2158/447/3 3618/447/3 3626/2105/3
f 2002/1920/3 1952/445/3 3570/445/3 3582/1920/3
f 898/846/1 897/845/1 3259/845/1 3260/846/1
f 1796/1735/3 1746/443/3 3530/443/3 3540/1735/3
f 2553/2397/3 2503/441/3 3686/441/3 3703/2397/3
f 899/847/1 898/846/1 3260/846/1 3261/847/1
f 313/177/4 363/231/4 3132/231/4 3111/177/4
f 900/848/1 899/847/1 3261/847/1 3262/848/1
f 1542/368/4 1592/1547/4 3479/1547/4 3473/368/4
f 364/234/3 314/180/3 3112/180/3 3133/234/3
f 698/629/2 699/631/2 3220/631/2 3219/629/2
f 1593/1548/3 1543/343/3 3474/343/3 3480/1548/3
f 315/181/4 365/235/4 3134/235/4 3113/181/4
f 925/301/4 975/931/4 3287/931/4 3270/301/4
f 2658/40/2 2659/39/2 3734/39/2 3733/40/2
f 366/237/3 316/184/3 3114/184/3 3135/237/3
f 976/934/3 926/294/3 3271/294/3 3288/934/3
f 1751/293/4 1801/1740/4 3541/1740/4 3531/293/4
f 2508/2361/4 2558/2402/4 3704/2402/4 3687/2361/4
f 1802/1741/3 1752/271/3 3532/271/3 3542/1741/3
f 2559/2403/3 2509/2362/3 3688/2362/3 3705/2403/3
f 1106/1062/1 1105/1061/1 3329/1061/1 3330/1062/1
f 928/270/4 978/936/4 3289/936/4 3272/270/4
f 1652/1475/1 1651/1477/1 3500/1477/1 3501/1475/1
f 979/939/3 929/267/3 3273/267/3 3290/939/3
f 1342/266/4 1392/1352/4 3430/1352/4 3411/266/4
f 1136/262/4 1186/1150/4 3354/1150/4 3335/262/4
f 320/188/4 370/241/4 3136/241/4 3115/188/4
f 1393/1354/3 1343/259/3 3412/259/3 3431/1354/3
f 1187/1151/3 1137/257/3 3336/257/3 3355/1151/3
f 371/242/3 321/191/3 3116/191/3 3137/242/3
f 725/373/4 775/717/4 3235/717/4 3225/373/4
f 1757/190/4 1807/1744/4 3543/1744/4 3533/190/4
f 776/720/3 726/365/3 3226/365/3 3236/720/3
f 1551/183/4 1601/1556/4 3481/1556/4 3475/183/4
f 1312/1066/2 1313/1317/2 3402/1317/2 3401/1066/2
f 1808/1747/3 1758/1697/3 3534/1697/3 3544/1747/3
f 1602/1557/3 1552/1503/3 3476/1503/3 3482/1557/3
f 1313/1317/2 1314/1319/2 3403/1319/2 3402/1317/2
f 728/663/4 778/722/4 3237/722/4 3227/663/4
f 1314/1319/2 1315/1321/2 3404/1321/2 3403/1319/2
f 779/725/3 729/666/3 3228/666/3 3238/725/3
f 1315/1321/2 1316/1323/2 3405/1323/2 3404/1321/2
f 1518/1081/2 1519/1520/2 3467/1520/2 3466/1081/2
f 1316/1323/2 1317/937/2 3406/937/2 3405/1323/2
f 1968/1892/4 2018/1934/4 3583/1934/4 3573/1892/4
f 1519/1520/2 1520/1522/2 3468/1522/2 3467/1520/2
f 2019/1935/3 1969/1893/3 3574/1893/3 3584/1935/3
f 1520/1522/2 1521/1524/2 3469/1524/2 3468/1522/2
f 1351/1303/4 1401/1362/4 3432/1362/4 3413/1303/4
f 1318/899/2 1319/1327/2 3408/1327/2 3407/899/2
f 939/889/4 989/949/4 3291/949/4 3274/889/4
f 1521/1524/2 1522/1526/2 3470/1526/2 3469/1524/2
f 1402/1364/3 1352/1306/3 3414/1306/3 3433/1364/3
f 1319/1327/2 1320/1329/2 3409/1329/2 3408/1327/2
f 915/634/2 916/919/2 3265/919/2 3264/634/2
f 1522/1526/2 1523/1528/2 3471/1528/2 3470/1526/2
f 916/919/2 917/921/2 3266/921/2 3265/919/2
f 1523/1528/2 1524/900/2 3472/900/2 3471/1528/2
f 917/921/2 918/923/2 3267/923/2 3266/921/2
f 513/415/2 514/418/2 3182/418/2 3181/415/2
f 1355/78/4 1405/7/4 3434/7/4 3415/78/4
f 918/923/2 919/925/2 3268/925/2 3267/923/2
f 1768/1707/4 1818/1757/4 3545/1757/4 3535/1707/4
f 1406/1367/3 1356/1309/3 3416/1309/3 3435/1367/3
f 540/510/4 590/509/4 3197/509/4 3189/510/4
f 994/957/3 944/894/3 3279/894/3 3296/957/3
f 919/925/2 920/463/2 3269/463/2 3268/925/2
f 1819/1758/3 1769/1708/3 3536/1708/3 3546/1758/3
f 1151/1112/4 1201/1165/4 3358/1165/4 3337/1112/4
f 591/513/3 541/455/3 3190/455/3 3198/513/3
f 335/205/4 385/256/4 3138/256/4 3117/205/4
f 1202/1167/3 1152/1113/3 3338/1113/3 3359/1167/3
f 740/677/4 790/736/4 3239/736/4 3229/677/4
f 2184/2083/4 2234/2131/4 3627/2131/4 3619/2083/4
f 791/739/3 741/680/3 3230/680/3 3240/739/3
f 2277/1376/1 2276/1381/1 3633/1381/1 3634/1376/1
f 2235/2132/3 2185/2084/3 3620/2084/3 3628/2132/3
f 1155/75/4 1205/74/4 3360/74/4 3339/75/4
f 1568/1518/4 1618/1571/4 3483/1571/4 3477/1518/4
f 1362/1315/4 1412/1373/4 3436/1373/4 3417/1315/4
f 1206/1170/3 1156/1117/3 3340/1117/3 3361/1170/3
f 1672/1620/2 1673/1660/2 3505/1660/2 3504/1620/2
f 1619/1573/3 1569/1519/3 3478/1519/3 3484/1573/3
f 2532/2358/4 2582/1169/4 3706/1169/4 3691/2358/4
f 2326/1382/4 2376/2248/4 3659/2248/4 3641/1382/4
f 1673/1660/2 1674/1662/2 3506/1662/2 3505/1660/2
f 548/462/4 598/520/4 3199/520/4 3191/462/4
f 2377/2250/3 2327/1375/3 3642/1375/3 3660/2250/3
f 1674/1662/2 1675/1664/2 3507/1664/2 3506/1662/2
f 599/523/3 549/465/3 3192/465/3 3200/523/3
f 1675/1664/2 1676/1666/2 3508/1666/2 3507/1664/2
f 1160/1121/4 1210/1174/4 3362/1174/4 3341/1121/4
f 2080/1990/2 2081/2038/2 3600/2038/2 3599/1990/2
f 550/466/4 600/524/4 3201/524/4 3193/466/4
f 394/273/3 344/214/3 3126/214/3 3147/273/3
f 1676/1666/2 1677/1668/2 3509/1668/2 3508/1666/2
f 1211/1177/3 1161/1123/3 3342/1123/3 3363/1177/3
f 2081/2038/2 2082/2040/2 3601/2040/2 3600/2038/2
f 601/527/3 551/467/3 3194/467/3 3202/527/3
f 1677/1668/2 1678/1670/2 3510/1670/2 3509/1668/2
f 2284/2176/2 2285/2177/2 3636/2177/2 3635/2176/2
f 2082/2040/2 2083/2042/2 3602/2042/2 3601/2040/2
f 1678/1670/2 1679/1672/2 3511/1672/2 3510/1670/2
f 750/689/4 800/748/4 3241/748/4 3231/689/4
f 2083/2042/2 2084/1175/2 3603/1175/2 3602/2042/2
f 1782/1721/4 1832/1771/4 3547/1771/4 3537/1721/4
f 1679/1672/2 1680/1674/2 3512/1674/2 3511/1672/2
f 801/750/3 751/692/3 3232/692/3 3242/750/3
f 1882/1818/2 1883/1819/2 3558/1819/2 3557/1818/2
f 348/218/4 398/277/4 3148/277/4 3127/218/4
f 1833/1773/3 1783/1722/3 3538/1722/3 3548/1773/3
f 1680/1674/2 1681/1625/2 3513/1625/2 3512/1674/2
f 2590/951/3 2540/2100/3 3699/2100/3 3714/951/3
f 399/280/3 349/219/3 3128/219/3 3149/280/3
f 2197/2096/4 2247/2144/4 3629/2144/4 3621/2096/4
f 960/912/4 1010/974/4 3297/974/4 3285/912/4
f 2248/2146/3 2198/2097/3 3622/2097/3 3630/2146/3
f 1011/975/3 961/913/3 3286/913/3 3298/975/3
f 1683/869/2 1684/1677/2 3516/1677/2 3515/869/2
f 1424/1388/3 1374/1334/3 3429/1334/3 3448/1388/3
f 1993/661/4 2043/1959/4 3591/1959/4 3575/661/4
f 1684/1677/2 1685/1679/2 3517/1679/2 3516/1677/2
f 2544/2388/4 2594/2008/4 3715/2008/4 3700/2388/4
f 1685/1679/2 1686/1629/2 3518/1629/2 3517/1679/2
f 534/440/2 535/500/2 3184/500/2 3183/440/2
f 2595/863/3 2545/2389/3 3701/2389/3 3716/863/3
f 940/890/1 939/889/1 3274/889/1 3275/890/1
f 535/500/2 536/502/2 3185/502/2 3184/500/2
f 941/891/1 940/890/1 3275/890/1 3276/891/1
f 536/502/2 537/504/2 3186/504/2 3185/502/2
f 942/892/1 941/891/1 3276/891/1 3277/892/1
f 537/504/2 538/506/2 3187/506/2 3186/504/2
f 336/206/1 335/205/1 3117/205/1 3118/206/1
f 563/477/4 613/539/4 3203/539/4 3195/477/4
f 2048/1961/3 1998/540/3 3580/540/3 3596/1961/3
f 943/893/1 942/892/1 3277/892/1 3278/893/1
f 538/506/2 539/508/2 3188/508/2 3187/506/2
f 337/207/1 336/206/1 3118/206/1 3119/207/1
f 614/542/3 564/478/3 3196/478/3 3204/542/3
f 944/894/1 943/893/1 3278/893/1 3279/894/1
f 539/508/2 540/510/2 3189/510/2 3188/508/2
f 338/208/1 337/207/1 3119/207/1 3120/208/1
f 1175/1137/4 1225/1191/4 3364/1191/4 3343/1137/4
f 339/209/1 338/208/1 3120/208/1 3121/209/1
f 2207/2104/4 2257/1850/4 3631/1850/4 3625/2104/4
f 2001/1919/4 2051/1835/4 3597/1835/4 3581/1919/4
f 360/228/4 410/291/4 3150/291/4 3129/228/4
f 1795/1734/4 1845/1785/4 3549/1785/4 3539/1734/4
f 340/210/1 339/209/1 3121/209/1 3122/210/1
f 2552/2396/4 2602/1795/4 3721/1795/4 3702/2396/4
f 2258/1791/3 2208/2105/3 3626/2105/3 3632/1791/3
f 2052/1786/3 2002/1920/3 3582/1920/3 3598/1786/3
f 1846/1772/3 1796/1735/3 3540/1735/3 3550/1772/3
f 341/211/1 340/210/1 3122/210/1 3123/211/1
f 2603/1746/3 2553/2397/3 3703/2397/3 3722/1746/3
f 947/897/2 948/962/2 3281/962/2 3280/897/2
f 342/212/1 341/211/1 3123/211/1 3124/212/1
f 948/962/2 949/964/2 3282/964/2 3281/962/2
f 1696/444/1 1695/453/1 3519/453/1 3520/444/1
f 343/213/1 342/212/1 3124/212/1 3125/213/1
f 414/298/3 364/234/3 3133/234/3 3154/298/3
f 949/964/2 950/966/2 3283/966/2 3282/964/2
f 344/214/1 343/213/1 3125/213/1 3126/214/1
f 975/931/4 1025/989/4 3299/989/4 3287/931/4
f 365/235/4 415/299/4 3155/299/4 3134/235/4
f 950/966/2 951/905/2 3284/905/2 3283/966/2
f 1026/991/3 976/934/3 3288/934/3 3300/991/3
f 416/302/3 366/237/3 3135/237/3 3156/302/3
f 1801/1740/4 1851/1628/4 3551/1628/4 3541/1740/4
f 2558/2402/4 2608/1627/4 3723/1627/4 3704/2402/4
f 2352/1694/4 2402/1626/4 3663/1626/4 3643/1694/4
f 1852/1624/3 1802/1741/3 3542/1741/3 3552/1624/3
f 2306/2197/1 2305/776/1 3637/776/1 3638/2197/1
f 2609/1623/3 2559/2403/3 3705/2403/3 3724/1623/3
f 2403/1622/3 2353/1693/3 3644/1693/3 3664/1622/3
f 978/936/4 1028/993/4 3301/993/4 3289/936/4
f 2509/2362/1 2508/2361/1 3687/2361/1 3688/2362/1
f 2307/1851/1 2306/2197/1 3638/2197/1 3639/1851/1
f 1029/995/3 979/939/3 3290/939/3 3302/995/3
f 551/467/1 550/466/1 3193/466/1 3194/467/1
f 1392/1352/4 1442/1406/4 3449/1406/4 3430/1352/4
f 349/219/1 348/218/1 3127/218/1 3128/219/1
f 370/241/4 420/306/4 3159/306/4 3136/241/4
f 1443/1407/3 1393/1354/3 3431/1354/3 3450/1407/3
f 1237/933/3 1187/1151/3 3355/1151/3 3376/933/3
f 421/307/3 371/242/3 3137/242/3 3160/307/3
f 775/717/4 825/772/4 3243/772/4 3235/717/4
f 2108/448/1 2107/525/1 3609/525/1 3610/448/1
f 1807/1744/4 1857/1502/4 3553/1502/4 3543/1744/4
f 826/773/3 776/720/3 3236/720/3 3244/773/3
f 1858/1476/3 1808/1747/3 3544/1747/3 3554/1476/3
f 1363/1316/1 1362/1315/1 3417/1315/1 3418/1316/1
f 778/722/4 828/775/4 3245/775/4 3237/722/4
f 1364/1318/1 1363/1316/1 3418/1316/1 3419/1318/1
f 829/778/3 779/725/3 3238/725/3 3246/778/3
f 1365/1320/1 1364/1318/1 3419/1318/1 3420/1320/1
f 1192/1156/4 1242/1205/4 3377/1205/4 3356/1156/4
f 961/913/1 960/912/1 3285/912/1 3286/913/1
f 1708/1646/1 1707/189/1 3523/189/1 3524/1646/1
f 1366/1322/1 1365/1320/1 3420/1320/1 3421/1322/1
f 1243/1208/3 1193/1157/3 3357/1157/3 3378/1208/3
f 1569/1519/1 1568/1518/1 3477/1518/1 3478/1519/1
f 1367/1324/1 1366/1322/1 3421/1322/1 3422/1324/1
f 2363/1418/4 2413/236/4 3665/236/4 3649/1418/4
f 1401/1362/4 1451/1385/4 3451/1385/4 3432/1362/4
f 1368/1325/1 1367/1324/1 3422/1324/1 3423/1325/1
f 1452/1380/3 1402/1364/3 3433/1364/3 3452/1380/3
f 1369/1326/1 1368/1325/1 3423/1325/1 3424/1326/1
f 1370/1328/1 1369/1326/1 3424/1326/1 3425/1328/1
f 763/703/2 764/706/2 3234/706/2 3233/703/2
f 1405/7/4 1455/6/4 3453/6/4 3434/7/4
f 361/229/1 360/228/1 3129/228/1 3130/229/1
f 1372/1332/1 1371/1331/1 3426/1331/1 3427/1332/1
f 1818/1757/4 1868/1304/4 3555/1304/4 3545/1757/4
f 564/478/1 563/477/1 3195/477/1 3196/478/1
f 1456/402/3 1406/1367/3 3435/1367/3 3454/402/3
f 362/230/1 361/229/1 3130/229/1 3131/230/1
f 1373/1333/1 1372/1332/1 3427/1332/1 3428/1333/1
usemtl Material.002
f 205/25/5 255/79/5 256/80/5 206/21/5
f 206/21/5 256/80/5 257/81/5 207/19/5
f 207/19/5 257/81/5 258/82/5 208/17/5
f 208/17/5 258/82/5 259/83/5 209/15/5
f 209/15/5 259/83/5 260/84/5 210/12/5
f 210/12/5 260/84/5 261/85/5 211/8/5
f 211/8/5 261/85/5 262/86/5 212/2/5
f 212/2/5 262/86/5 263/87/5 213/3/5
f 213/3/5 263/87/5 264/88/5 214/89/5
f 214/89/5 264/88/5 265/90/5 215/91/5
f 215/91/5 265/90/5 266/92/5 216/93/5
f 216/93/5 266/92/5 267/94/5 217/95/5
f 217/95/5 267/94/5 268/96/5 218/97/5
f 218/97/5 268/96/5 269/98/5 219/99/5
f 219/99/5 269/98/5 270/100/5 220/101/5
f 220/101/5 270/100/5 271/102/5 221/103/5
f 221/103/5 271/102/5 272/104/5 222/105/5
f 222/105/5 272/104/5 273/106/5 223/107/5
f 223/107/5 273/106/5 274/108/5 224/109/5
f 224/109/5 274/108/5 275/110/5 225/111/5
f 225/111/5 275/110/5 276/112/5 226/113/5
f 226/113/5 276/112/5 277/114/5 227/115/5
f 227/115/5 277/114/5 278/116/5 228/117/5
f 228/117/5 278/116/5 279/118/5 229/119/5
f 229/119/5 279/118/5 280/120/5 230/121/5
f 230/121/5 280/120/5 281/122/5 231/123/5
f 231/123/5 281/122/5 282/124/5 232/125/5
f 232/125/5 282/124/5 283/126/5 233/127/5
f 233/127/5 283/126/5 284/128/5 234/129/5
f 234/129/5 284/128/5 285/130/5 235/131/5
f 235/131/5 285/130/5 286/132/5 236/133/5
f 236/133/5 286/132/5 287/134/5 237/135/5
f 237/135/5 287/134/5 288/136/5 238/137/5
f 238/137/5 288/136/5 289/138/5 239/139/5
f 239/139/5 289/138/5 290/140/5 240/141/5
f 240/141/5 290/140/5 291/142/5 241/143/5
f 241/143/5 291/142/5 292/144/5 242/145/5
f 242/145/5 292/144/5 293/146/5 243/147/5
f 243/147/5 293/146/5 294/148/5 244/149/5
f 244/149/5 294/148/5 295/150/5 245/151/5
f 245/151/5 295/150/5 296/152/5 246/153/5
f 246/153/5 296/152/5 297/154/5 247/155/5
f 247/155/5 297/154/5 298/156/5 248/157/5
f 248/157/5 298/156/5 299/158/5 249/159/5
f 249/159/5 299/158/5 300/160/5 250/161/5
f 250/161/5 300/160/5 301/162/5 251/163/5
f 251/163/5 301/162/5 302/164/5 252/165/5
f 252/165/5 302/164/5 303/166/5 253/167/5
f 253/167/5 303/166/5 304/58/5 254/168/5
f 255/79/5 305/53/5 306/170/5 256/80/5
f 256/80/5 306/170/5 307/171/5 257/81/5
f 257/81/5 307/171/5 308/172/5 258/82/5
f 258/82/5 308/172/5 309/173/5 259/83/5
f 259/83/5 309/173/5 310/174/5 260/84/5
f 260/84/5 310/174/5 311/175/5 261/85/5
f 261/85/5 311/175/5 312/176/5 262/86/5
f 262/86/5 312/176/5 313/177/5 263/87/5
f 264/88/5 314/180/5 315/181/5 265/90/5
f 266/92/5 316/184/5 317/185/5 267/94/5
f 267/94/5 317/185/5 318/186/5 268/96/5
f 268/96/5 318/186/5 319/187/5 269/98/5
f 269/98/5 319/187/5 320/188/5 270/100/5
f 271/102/5 321/191/5 322/192/5 272/104/5
f 272/104/5 322/192/5 323/193/5 273/106/5
f 273/106/5 323/193/5 324/194/5 274/108/5
f 274/108/5 324/194/5 325/195/5 275/110/5
f 275/110/5 325/195/5 326/196/5 276/112/5
f 276/112/5 326/196/5 327/197/5 277/114/5
f 277/114/5 327/197/5 328/198/5 278/116/5
f 278/116/5 328/198/5 329/199/5 279/118/5
f 279/118/5 329/199/5 330/200/5 280/120/5
f 280/120/5 330/200/5 331/201/5 281/122/5
f 281/122/5 331/201/5 332/202/5 282/124/5
f 282/124/5 332/202/5 333/203/5 283/126/5
f 283/126/5 333/203/5 334/204/5 284/128/5
f 284/128/5 334/204/5 335/205/5 285/130/5
f 285/130/5 335/205/5 336/206/5 286/132/5
f 286/132/5 336/206/5 337/207/5 287/134/5
f 287/134/5 337/207/5 338/208/5 288/136/5
f 288/136/5 338/208/5 339/209/5 289/138/5
f 289/138/5 339/209/5 340/210/5 290/140/5
f 290/140/5 340/210/5 341/211/5 291/142/5
f 291/142/5 341/211/5 342/212/5 292/144/5
f 292/144/5 342/212/5 343/213/5 293/146/5
f 293/146/5 343/213/5 344/214/5 294/148/5
f 294/148/5 344/214/5 345/215/5 295/150/5
f 295/150/5 345/215/5 346/216/5 296/152/5
f 296/152/5 346/216/5 347/217/5 297/154/5
f 297/154/5 347/217/5 348/218/5 298/156/5
f 298/156/5 348/218/5 349/219/5 299/158/5
f 299/158/5 349/219/5 350/220/5 300/160/5
f 300/160/5 350/220/5 351/221/5 301/162/5
f 301/162/5 351/221/5 352/222/5 302/164/5
f 302/164/5 352/222/5 353/223/5 303/166/5
f 303/166/5 353/223/5 354/59/5 304/58/5
f 305/53/5 355/52/5 356/224/5 306/170/5
f 306/170/5 356/224/5 357/225/5 307/171/5
f 307/171/5 357/225/5 358/226/5 308/172/5
f 308/172/5 358/226/5 359/227/5 309/173/5
f 309/173/5 359/227/5 360/228/5 310/174/5
f 310/174/5 360/228/5 361/229/5 311/175/5
f 311/175/5 361/229/5 362/230/5 312/176/5
f 312/176/5 362/230/5 363/231/5 313/177/5
f 314/180/5 364/234/5 365/235/5 315/181/5
f 316/184/5 366/237/5 367/238/5 317/185/5
f 317/185/5 367/238/5 368/239/5 318/186/5
f 318/186/5 368/239/5 369/240/5 319/187/5
f 319/187/5 369/240/5 370/241/5 320/188/5
f 321/191/5 371/242/5 372/243/5 322/192/5
f 322/192/5 372/243/5 373/244/5 323/193/5
f 323/193/5 373/244/5 374/245/5 324/194/5
f 324/194/5 374/245/5 375/246/5 325/195/5
f 325/195/5 375/246/5 376/247/5 326/196/5
f 326/196/5 376/247/5 377/248/5 327/197/5
f 327/197/5 377/248/5 378/249/5 328/198/5
f 328/198/5 378/249/5 379/250/5 329/199/5
f 329/199/5 379/250/5 380/251/5 330/200/5
f 330/200/5 380/251/5 381/252/5 331/201/5
f 331/201/5 381/252/5 382/253/5 332/202/5
f 332/202/5 382/253/5 383/254/5 333/203/5
f 333/203/5 383/254/5 384/255/5 334/204/5
f 334/204/5 384/255/5 385/256/5 335/205/5
f 344/214/5 394/273/5 395/274/5 345/215/5
f 345/215/5 395/274/5 396/275/5 346/216/5
f 346/216/5 396/275/5 397/276/5 347/217/5
f 347/217/5 397/276/5 398/277/5 348/218/5
f 349/219/5 399/280/5 400/281/5 350/220/5
f 350/220/5 400/281/5 401/282/5 351/221/5
f 351/221/5 401/282/5 402/283/5 352/222/5
f 352/222/5 402/283/5 403/284/5 353/223/5
f 353/223/5 403/284/5 404/285/5 354/59/5
f 355/52/5 405/286/5 406/287/5 356/224/5
f 356/224/5 406/287/5 407/288/5 357/225/5
f 357/225/5 407/288/5 408/289/5 358/226/5
f 358/226/5 408/289/5 409/290/5 359/227/5
f 359/227/5 409/290/5 410/291/5 360/228/5
f 364/234/5 414/298/5 415/299/5 365/235/5
f 366/237/5 416/302/5 417/303/5 367/238/5
f 367/238/5 417/303/5 418/304/5 368/239/5
f 368/239/5 418/304/5 419/305/5 369/240/5
f 369/240/5 419/305/5 420/306/5 370/241/5
f 371/242/5 421/307/5 422/308/5 372/243/5
f 372/243/5 422/308/5 423/309/5 373/244/5
f 373/244/5 423/309/5 424/310/5 374/245/5
f 374/245/5 424/310/5 425/311/5 375/246/5
f 375/246/5 425/311/5 426/312/5 376/247/5
f 376/247/5 426/312/5 427/313/5 377/248/5
f 377/248/5 427/313/5 428/314/5 378/249/5
f 378/249/5 428/314/5 429/315/5 379/250/5
f 379/250/5 429/315/5 430/316/5 380/251/5
f 380/251/5 430/316/5 431/317/5 381/252/5
f 381/252/5 431/317/5 432/318/5 382/253/5
f 382/253/5 432/318/5 433/319/5 383/254/5
f 383/254/5 433/319/5 434/320/5 384/255/5
f 384/255/5 434/320/5 435/321/5 385/256/5
f 385/256/5 435/321/5 436/322/5 386/323/5
f 386/323/5 436/322/5 437/324/5 387/325/5
f 387/325/5 437/324/5 438/326/5 388/327/5
f 388/327/5 438/326/5 439/328/5 389/329/5
f 389/329/5 439/328/5 440/330/5 390/331/5
f 390/331/5 440/330/5 441/332/5 391/333/5
f 391/333/5 441/332/5 442/334/5 392/335/5
f 392/335/5 442/334/5 443/336/5 393/337/5
f 393/337/5 443/336/5 444/338/5 394/273/5
f 394/273/5 444/338/5 445/339/5 395/274/5
f 395/274/5 445/339/5 446/340/5 396/275/5
f 396/275/5 446/340/5 447/341/5 397/276/5
f 397/276/5 447/341/5 448/342/5 398/277/5
f 399/280/5 449/345/5 450/346/5 400/281/5
f 400/281/5 450/346/5 451/347/5 401/282/5
f 401/282/5 451/347/5 452/348/5 402/283/5
f 402/283/5 452/348/5 453/349/5 403/284/5
f 403/284/5 453/349/5 454/350/5 404/285/5
f 405/286/5 455/351/5 456/352/5 406/287/5
f 406/287/5 456/352/5 457/353/5 407/288/5
f 407/288/5 457/353/5 458/354/5 408/289/5
f 408/289/5 458/354/5 459/355/5 409/290/5
f 409/290/5 459/355/5 460/356/5 410/291/5
f 410/291/5 460/356/5 461/357/5 411/358/5
f 411/358/5 461/357/5 462/359/5 412/360/5
f 412/360/5 462/359/5 463/361/5 413/362/5
f 414/298/5 464/363/5 465/364/5 415/299/5
f 418/304/5 468/369/5 469/370/5 419/305/5
f 419/305/5 469/370/5 470/371/5 420/306/5
f 421/307/5 471/374/5 472/375/5 422/308/5
f 422/308/5 472/375/5 473/376/5 423/309/5
f 423/309/5 473/376/5 474/377/5 424/310/5
f 424/310/5 474/377/5 475/378/5 425/311/5
f 425/311/5 475/378/5 476/379/5 426/312/5
f 426/312/5 476/379/5 477/380/5 427/313/5
f 427/313/5 477/380/5 478/381/5 428/314/5
f 428/314/5 478/381/5 479/382/5 429/315/5
f 429/315/5 479/382/5 480/383/5 430/316/5
f 430/316/5 480/383/5 481/384/5 431/317/5
f 431/317/5 481/384/5 482/385/5 432/318/5
f 432/318/5 482/385/5 483/386/5 433/319/5
f 433/319/5 483/386/5 484/387/5 434/320/5
f 434/320/5 484/387/5 485/388/5 435/321/5
f 435/321/5 485/388/5 486/389/5 436/322/5
f 436/322/5 486/389/5 487/390/5 437/324/5
f 437/324/5 487/390/5 488/391/5 438/326/5
f 438/326/5 488/391/5 489/392/5 439/328/5
f 439/328/5 489/392/5 490/393/5 440/330/5
f 440/330/5 490/393/5 491/394/5 441/332/5
f 441/332/5 491/394/5 492/395/5 442/334/5
f 442/334/5 492/395/5 493/396/5 443/336/5
f 443/336/5 493/396/5 494/397/5 444/338/5
f 444/338/5 494/397/5 495/398/5 445/339/5
f 445/339/5 495/398/5 496/399/5 446/340/5
f 446/340/5 496/399/5 497/400/5 447/341/5
f 447/341/5 497/400/5 498/401/5 448/342/5
f 449/345/5 499/403/5 500/404/5 450/346/5
f 450/346/5 500/404/5 501/405/5 451/347/5
f 451/347/5 501/405/5 502/406/5 452/348/5
f 452/348/5 502/406/5 503/407/5 453/349/5
f 453/349/5 503/407/5 504/68/5 454/350/5
f 455/351/5 505/63/5 506/408/5 456/352/5
f 456/352/5 506/408/5 507/409/5 457/353/5
f 457/353/5 507/409/5 508/410/5 458/354/5
f 458/354/5 508/410/5 509/411/5 459/355/5
f 459/355/5 509/411/5 510/412/5 460/356/5
f 460/356/5 510/412/5 511/413/5 461/357/5
f 461/357/5 511/413/5 512/414/5 462/359/5
f 462/359/5 512/414/5 513/415/5 463/361/5
f 464/363/5 514/418/5 515/419/5 465/364/5
f 465/364/5 515/419/5 516/420/5 466/421/5
f 466/421/5 516/420/5 517/422/5 467/423/5
f 467/423/5 517/422/5 518/424/5 468/369/5
f 468/369/5 518/424/5 519/425/5 469/370/5
f 469/370/5 519/425/5 520/426/5 470/371/5
f 470/371/5 520/426/5 521/427/5 471/374/5
f 471/374/5 521/427/5 522/428/5 472/375/5
f 472/375/5 522/428/5 523/429/5 473/376/5
f 473/376/5 523/429/5 524/430/5 474/377/5
f 474/377/5 524/430/5 525/431/5 475/378/5
f 475/378/5 525/431/5 526/432/5 476/379/5
f 476/379/5 526/432/5 527/433/5 477/380/5
f 477/380/5 527/433/5 528/434/5 478/381/5
f 478/381/5 528/434/5 529/435/5 479/382/5
f 479/382/5 529/435/5 530/436/5 480/383/5
f 480/383/5 530/436/5 531/437/5 481/384/5
f 481/384/5 531/437/5 532/438/5 482/385/5
f 482/385/5 532/438/5 533/439/5 483/386/5
f 483/386/5 533/439/5 534/440/5 484/387/5
f 491/394/5 541/455/5 542/456/5 492/395/5
f 492/395/5 542/456/5 543/457/5 493/396/5
f 493/396/5 543/457/5 544/458/5 494/397/5
f 494/397/5 544/458/5 545/459/5 495/398/5
f 495/398/5 545/459/5 546/460/5 496/399/5
f 496/399/5 546/460/5 547/461/5 497/400/5
f 497/400/5 547/461/5 548/462/5 498/401/5
f 499/403/5 549/465/5 550/466/5 500/404/5
f 500/404/5 550/466/5 551/467/5 501/405/5
f 501/405/5 551/467/5 552/468/5 502/406/5
f 502/406/5 552/468/5 553/469/5 503/407/5
f 503/407/5 553/469/5 554/69/5 504/68/5
f 505/63/5 555/62/5 556/470/5 506/408/5
f 506/408/5 556/470/5 557/471/5 507/409/5
f 507/409/5 557/471/5 558/472/5 508/410/5
f 508/410/5 558/472/5 559/473/5 509/411/5
f 509/411/5 559/473/5 560/474/5 510/412/5
f 510/412/5 560/474/5 561/475/5 511/413/5
f 511/413/5 561/475/5 562/476/5 512/414/5
f 512/414/5 562/476/5 563/477/5 513/415/5
f 513/415/5 563/477/5 564/478/5 514/418/5
f 514/418/5 564/478/5 565/479/5 515/419/5
f 515/419/5 565/479/5 566/480/5 516/420/5
f 516/420/5 566/480/5 567/481/5 517/422/5
f 517/422/5 567/481/5 568/482/5 518/424/5
f 518/424/5 568/482/5 569/483/5 519/425/5
f 519/425/5 569/483/5 570/484/5 520/426/5
f 520/426/5 570/484/5 571/485/5 521/427/5
f 521/427/5 571/485/5 572/486/5 522/428/5
f 522/428/5 572/486/5 573/487/5 523/429/5
f 523/429/5 573/487/5 574/488/5 524/430/5
f 524/430/5 574/488/5 575/489/5 525/431/5
f 525/431/5 575/489/5 576/490/5 526/432/5
f 526/432/5 576/490/5 577/491/5 527/433/5
f 527/433/5 577/491/5 578/492/5 528/434/5
f 528/434/5 578/492/5 579/493/5 529/435/5
f 529/435/5 579/493/5 580/494/5 530/436/5
f 530/436/5 580/494/5 581/495/5 531/437/5
f 531/437/5 581/495/5 582/496/5 532/438/5
f 532/438/5 582/496/5 583/497/5 533/439/5
f 533/439/5 583/497/5 584/498/5 534/440/5
f 534/440/5 584/498/5 585/499/5 535/500/5
f 535/500/5 585/499/5 586/501/5 536/502/5
f 536/502/5 586/501/5 587/503/5 537/504/5
f 537/504/5 587/503/5 588/505/5 538/506/5
f 538/506/5 588/505/5 589/507/5 539/508/5
f 539/508/5 589/507/5 590/509/5 540/510/5
f 541/455/5 591/513/5 592/514/5 542/456/5
f 542/456/5 592/514/5 593/515/5 543/457/5
f 543/457/5 593/515/5 594/516/5 544/458/5
f 544/458/5 594/516/5 595/517/5 545/459/5
f 545/459/5 595/517/5 596/518/5 546/460/5
f 546/460/5 596/518/5 597/519/5 547/461/5
f 547/461/5 597/519/5 598/520/5 548/462/5
f 549/465/5 599/523/5 600/524/5 550/466/5
f 551/467/5 601/527/5 602/528/5 552/468/5
f 552/468/5 602/528/5 603/529/5 553/469/5
f 553/469/5 603/529/5 604/530/5 554/69/5
f 555/62/5 605/531/5 606/532/5 556/470/5
f 556/470/5 606/532/5 607/533/5 557/471/5
f 557/471/5 607/533/5 608/534/5 558/472/5
f 558/472/5 608/534/5 609/535/5 559/473/5
f 559/473/5 609/535/5 610/536/5 560/474/5
f 560/474/5 610/536/5 611/537/5 561/475/5
f 561/475/5 611/537/5 612/538/5 562/476/5
f 562/476/5 612/538/5 613/539/5 563/477/5
f 564/478/5 614/542/5 615/543/5 565/479/5
f 565/479/5 615/543/5 616/544/5 566/480/5
f 566/480/5 616/544/5 617/545/5 567/481/5
f 567/481/5 617/545/5 618/546/5 568/482/5
f 568/482/5 618/546/5 619/547/5 569/483/5
f 569/483/5 619/547/5 620/548/5 570/484/5
f 570/484/5 620/548/5 621/549/5 571/485/5
f 571/485/5 621/549/5 622/550/5 572/486/5
f 572/486/5 622/550/5 623/551/5 573/487/5
f 573/487/5 623/551/5 624/552/5 574/488/5
f 574/488/5 624/552/5 625/553/5 575/489/5
f 575/489/5 625/553/5 626/554/5 576/490/5
f 576/490/5 626/554/5 627/555/5 577/491/5
f 577/491/5 627/555/5 628/556/5 578/492/5
f 578/492/5 628/556/5 629/557/5 579/493/5
f 579/493/5 629/557/5 630/558/5 580/494/5
f 580/494/5 630/558/5 631/559/5 581/495/5
f 581/495/5 631/559/5 632/560/5 582/496/5
f 582/496/5 632/560/5 633/561/5 583/497/5
f 583/497/5 633/561/5 634/562/5 584/498/5
f 584/498/5 634/562/5 635/563/5 585/499/5
f 585/499/5 635/563/5 636/564/5 586/501/5
f 586/501/5 636/564/5 637/565/5 587/503/5
f 587/503/5 637/565/5 638/566/5 588/505/5
f 588/505/5 638/566/5 639/567/5 589/507/5
f 589/507/5 639/567/5 640/568/5 590/509/5
f 591/513/5 641/571/5 642/572/5 592/514/5
f 592/514/5 642/572/5 643/573/5 593/515/5
f 593/515/5 643/573/5 644/574/5 594/516/5
f 594/516/5 644/574/5 645/575/5 595/517/5
f 595/517/5 645/575/5 646/576/5 596/518/5
f 596/518/5 646/576/5 647/577/5 597/519/5
f 597/519/5 647/577/5 648/578/5 598/520/5
f 599/523/5 649/579/5 650/580/5 600/524/5
f 601/527/5 651/582/5 652/583/5 602/528/5
f 602/528/5 652/583/5 653/584/5 603/529/5
f 603/529/5 653/584/5 654/585/5 604/530/5
f 605/531/5 655/587/5 656/588/5 606/532/5
f 606/532/5 656/588/5 657/589/5 607/533/5
f 607/533/5 657/589/5 658/590/5 608/534/5
f 608/534/5 658/590/5 659/591/5 609/535/5
f 609/535/5 659/591/5 660/592/5 610/536/5
f 610/536/5 660/592/5 661/593/5 611/537/5
f 611/537/5 661/593/5 662/594/5 612/538/5
f 612/538/5 662/594/5 663/595/5 613/539/5
f 614/542/5 664/596/5 665/597/5 615/543/5
f 615/543/5 665/597/5 666/598/5 616/544/5
f 616/544/5 666/598/5 667/599/5 617/545/5
f 617/545/5 667/599/5 668/600/5 618/546/5
f 618/546/5 668/600/5 669/601/5 619/547/5
f 619/547/5 669/601/5 670/602/5 620/548/5
f 620/548/5 670/602/5 671/603/5 621/549/5
f 621/549/5 671/603/5 672/604/5 622/550/5
f 622/550/5 672/604/5 673/605/5 623/551/5
f 623/551/5 673/605/5 674/606/5 624/552/5
f 624/552/5 674/606/5 675/372/5 625/553/5
f 625/553/5 675/372/5 676/366/5 626/554/5
f 626/554/5 676/366/5 677/607/5 627/555/5
f 627/555/5 677/607/5 678/608/5 628/556/5
f 628/556/5 678/608/5 679/609/5 629/557/5
f 629/557/5 679/609/5 680/610/5 630/558/5
f 630/558/5 680/610/5 681/611/5 631/559/5
f 631/559/5 681/611/5 682/612/5 632/560/5
f 632/560/5 682/612/5 683/613/5 633/561/5
f 633/561/5 683/613/5 684/614/5 634/562/5
f 634/562/5 684/614/5 685/615/5 635/563/5
f 635/563/5 685/615/5 686/616/5 636/564/5
f 636/564/5 686/616/5 687/617/5 637/565/5
f 637/565/5 687/617/5 688/618/5 638/566/5
f 638/566/5 688/618/5 689/619/5 639/567/5
f 639/567/5 689/619/5 690/620/5 640/568/5
f 641/571/5 691/622/5 692/623/5 642/572/5
f 642/572/5 692/623/5 693/624/5 643/573/5
f 643/573/5 693/624/5 694/625/5 644/574/5
f 644/574/5 694/625/5 695/626/5 645/575/5
f 645/575/5 695/626/5 696/627/5 646/576/5
f 646/576/5 696/627/5 697/628/5 647/577/5
f 647/577/5 697/628/5 698/629/5 648/578/5
f 649/579/5 699/631/5 700/632/5 650/580/5
f 651/582/5 701/635/5 702/636/5 652/583/5
f 652/583/5 702/636/5 703/637/5 653/584/5
f 653/584/5 703/637/5 704/638/5 654/585/5
f 655/587/5 705/639/5 706/640/5 656/588/5
f 656/588/5 706/640/5 707/641/5 657/589/5
f 657/589/5 707/641/5 708/642/5 658/590/5
f 658/590/5 708/642/5 709/643/5 659/591/5
f 659/591/5 709/643/5 710/644/5 660/592/5
f 660/592/5 710/644/5 711/645/5 661/593/5
f 661/593/5 711/645/5 712/646/5 662/594/5
f 662/594/5 712/646/5 713/647/5 663/595/5
f 664/596/5 714/650/5 715/651/5 665/597/5
f 665/597/5 715/651/5 716/652/5 666/598/5
f 666/598/5 716/652/5 717/653/5 667/599/5
f 667/599/5 717/653/5 718/654/5 668/600/5
f 668/600/5 718/654/5 719/655/5 669/601/5
f 669/601/5 719/655/5 720/656/5 670/602/5
f 670/602/5 720/656/5 721/657/5 671/603/5
f 671/603/5 721/657/5 722/658/5 672/604/5
f 672/604/5 722/658/5 723/659/5 673/605/5
f 673/605/5 723/659/5 724/660/5 674/606/5
f 674/606/5 724/660/5 725/373/5 675/372/5
f 676/366/5 726/365/5 727/662/5 677/607/5
f 677/607/5 727/662/5 728/663/5 678/608/5
f 679/609/5 729/666/5 730/667/5 680/610/5
f 680/610/5 730/667/5 731/668/5 681/611/5
f 681/611/5 731/668/5 732/669/5 682/612/5
f 682/612/5 732/669/5 733/670/5 683/613/5
f 683/613/5 733/670/5 734/671/5 684/614/5
f 684/614/5 734/671/5 735/672/5 685/615/5
f 685/615/5 735/672/5 736/673/5 686/616/5
f 686/616/5 736/673/5 737/674/5 687/617/5
f 687/617/5 737/674/5 738/675/5 688/618/5
f 688/618/5 738/675/5 739/676/5 689/619/5
f 689/619/5 739/676/5 740/677/5 690/620/5
f 691/622/5 741/680/5 742/681/5 692/623/5
f 692/623/5 742/681/5 743/682/5 693/624/5
f 693/624/5 743/682/5 744/683/5 694/625/5
f 694/625/5 744/683/5 745/684/5 695/626/5
f 695/626/5 745/684/5 746/685/5 696/627/5
f 696/627/5 746/685/5 747/686/5 697/628/5
f 697/628/5 747/686/5 748/687/5 698/629/5
f 698/629/5 748/687/5 749/688/5 699/631/5
f 699/631/5 749/688/5 750/689/5 700/632/5
f 701/635/5 751/692/5 752/693/5 702/636/5
f 702/636/5 752/693/5 753/694/5 703/637/5
f 703/637/5 753/694/5 754/66/5 704/638/5
f 705/639/5 755/61/5 756/696/5 706/640/5
f 706/640/5 756/696/5 757/697/5 707/641/5
f 707/641/5 757/697/5 758/698/5 708/642/5
f 708/642/5 758/698/5 759/699/5 709/643/5
f 709/643/5 759/699/5 760/700/5 710/644/5
f 710/644/5 760/700/5 761/701/5 711/645/5
f 711/645/5 761/701/5 762/702/5 712/646/5
f 712/646/5 762/702/5 763/703/5 713/647/5
f 714/650/5 764/706/5 765/707/5 715/651/5
f 715/651/5 765/707/5 766/708/5 716/652/5
f 716/652/5 766/708/5 767/709/5 717/653/5
f 717/653/5 767/709/5 768/710/5 718/654/5
f 718/654/5 768/710/5 769/711/5 719/655/5
f 719/655/5 769/711/5 770/712/5 720/656/5
f 720/656/5 770/712/5 771/713/5 721/657/5
f 721/657/5 771/713/5 772/714/5 722/658/5
f 722/658/5 772/714/5 773/715/5 723/659/5
f 723/659/5 773/715/5 774/716/5 724/660/5
f 724/660/5 774/716/5 775/717/5 725/373/5
f 726/365/5 776/720/5 777/721/5 727/662/5
f 727/662/5 777/721/5 778/722/5 728/663/5
f 729/666/5 779/725/5 780/726/5 730/667/5
f 730/667/5 780/726/5 781/727/5 731/668/5
f 731/668/5 781/727/5 782/728/5 732/669/5
f 732/669/5 782/728/5 783/729/5 733/670/5
f 733/670/5 783/729/5 784/730/5 734/671/5
f 734/671/5 784/730/5 785/731/5 735/672/5
f 735/672/5 785/731/5 786/732/5 736/673/5
f 736/673/5 786/732/5 787/733/5 737/674/5
f 737/674/5 787/733/5 788/734/5 738/675/5
f 738/675/5 788/734/5 789/735/5 739/676/5
f 739/676/5 789/735/5 790/736/5 740/677/5
f 741/680/5 791/739/5 792/740/5 742/681/5
f 742/681/5 792/740/5 793/741/5 743/682/5
f 743/682/5 793/741/5 794/742/5 744/683/5
f 744/683/5 794/742/5 795/743/5 745/684/5
f 745/684/5 795/743/5 796/744/5 746/685/5
f 746/685/5 796/744/5 797/745/5 747/686/5
f 747/686/5 797/745/5 798/746/5 748/687/5
f 748/687/5 798/746/5 799/747/5 749/688/5
f 749/688/5 799/747/5 800/748/5 750/689/5
f 751/692/5 801/750/5 802/751/5 752/693/5
f 752/693/5 802/751/5 803/752/5 753/694/5
f 753/694/5 803/752/5 804/67/5 754/66/5
f 755/61/5 805/60/5 806/753/5 756/696/5
f 756/696/5 806/753/5 807/754/5 757/697/5
f 757/697/5 807/754/5 808/755/5 758/698/5
f 758/698/5 808/755/5 809/756/5 759/699/5
f 759/699/5 809/756/5 810/757/5 760/700/5
f 760/700/5 810/757/5 811/758/5 761/701/5
f 761/701/5 811/758/5 812/759/5 762/702/5
f 762/702/5 812/759/5 813/760/5 763/703/5
f 763/703/5 813/760/5 814/761/5 764/706/5
f 764/706/5 814/761/5 815/762/5 765/707/5
f 765/707/5 815/762/5 816/763/5 766/708/5
f 766/708/5 816/763/5 817/764/5 767/709/5
f 767/709/5 817/764/5 818/765/5 768/710/5
f 768/710/5 818/765/5 819/766/5 769/711/5
f 769/711/5 819/766/5 820/767/5 770/712/5
f 770/712/5 820/767/5 821/768/5 771/713/5
f 771/713/5 821/768/5 822/769/5 772/714/5
f 772/714/5 822/769/5 823/770/5 773/715/5
f 773/715/5 823/770/5 824/771/5 774/716/5
f 774/716/5 824/771/5 825/772/5 775/717/5
f 776/720/5 826/773/5 827/774/5 777/721/5
f 777/721/5 827/774/5 828/775/5 778/722/5
f 779/725/5 829/778/5 830/779/5 780/726/5
f 780/726/5 830/779/5 831/780/5 781/727/5
f 781/727/5 831/780/5 832/781/5 782/728/5
f 782/728/5 832/781/5 833/782/5 783/729/5
f 783/729/5 833/782/5 834/783/5 784/730/5
f 784/730/5 834/783/5 835/784/5 785/731/5
f 785/731/5 835/784/5 836/785/5 786/732/5
f 786/732/5 836/785/5 837/786/5 787/733/5
f 787/733/5 837/786/5 838/787/5 788/734/5
f 788/734/5 838/787/5 839/788/5 789/735/5
f 789/735/5 839/788/5 840/789/5 790/736/5
f 790/736/5 840/789/5 841/790/5 791/739/5
f 791/739/5 841/790/5 842/791/5 792/740/5
f 792/740/5 842/791/5 843/792/5 793/741/5
f 793/741/5 843/792/5 844/793/5 794/742/5
f 794/742/5 844/793/5 845/794/5 795/743/5
f 795/743/5 845/794/5 846/795/5 796/744/5
f 796/744/5 846/795/5 847/796/5 797/745/5
f 797/745/5 847/796/5 848/797/5 798/746/5
f 798/746/5 848/797/5 849/798/5 799/747/5
f 799/747/5 849/798/5 850/799/5 800/748/5
f 801/750/5 851/802/5 852/803/5 802/751/5
f 802/751/5 852/803/5 853/804/5 803/752/5
f 803/752/5 853/804/5 854/805/5 804/67/5
f 805/60/5 855/806/5 856/807/5 806/753/5
f 806/753/5 856/807/5 857/808/5 807/754/5
f 807/754/5 857/808/5 858/809/5 808/755/5
f 808/755/5 858/809/5 859/810/5 809/756/5
f 809/756/5 859/810/5 860/811/5 810/757/5
f 810/757/5 860/811/5 861/812/5 811/758/5
f 811/758/5 861/812/5 862/813/5 812/759/5
f 812/759/5 862/813/5 863/814/5 813/760/5
f 813/760/5 863/814/5 864/815/5 814/761/5
f 814/761/5 864/815/5 865/633/5 815/762/5
f 815/762/5 865/633/5 866/816/5 816/763/5
f 816/763/5 866/816/5 867/817/5 817/764/5
f 817/764/5 867/817/5 868/818/5 818/765/5
f 818/765/5 868/818/5 869/819/5 819/766/5
f 819/766/5 869/819/5 870/464/5 820/767/5
f 820/767/5 870/464/5 871/820/5 821/768/5
f 821/768/5 871/820/5 872/821/5 822/769/5
f 822/769/5 872/821/5 873/822/5 823/770/5
f 823/770/5 873/822/5 874/823/5 824/771/5
f 824/771/5 874/823/5 875/300/5 825/772/5
f 826/773/5 876/295/5 877/825/5 827/774/5
f 827/774/5 877/825/5 878/269/5 828/775/5
f 829/778/5 879/268/5 880/828/5 830/779/5
f 830/779/5 880/828/5 881/829/5 831/780/5
f 831/780/5 881/829/5 882/830/5 832/781/5
f 832/781/5 882/830/5 883/831/5 833/782/5
f 833/782/5 883/831/5 884/832/5 834/783/5
f 834/783/5 884/832/5 885/833/5 835/784/5
f 835/784/5 885/833/5 886/834/5 836/785/5
f 836/785/5 886/834/5 887/835/5 837/786/5
f 837/786/5 887/835/5 888/836/5 838/787/5
f 838/787/5 888/836/5 889/837/5 839/788/5
f 839/788/5 889/837/5 890/838/5 840/789/5
f 840/789/5 890/838/5 891/839/5 841/790/5
f 841/790/5 891/839/5 892/840/5 842/791/5
f 842/791/5 892/840/5 893/841/5 843/792/5
f 843/792/5 893/841/5 894/842/5 844/793/5
f 844/793/5 894/842/5 895/843/5 845/794/5
f 845/794/5 895/843/5 896/844/5 846/795/5
f 846/795/5 896/844/5 897/845/5 847/796/5
f 847/796/5 897/845/5 898/846/5 848/797/5
f 848/797/5 898/846/5 899/847/5 849/798/5
f 849/798/5 899/847/5 900/848/5 850/799/5
f 851/802/5 901/849/5 902/850/5 852/803/5
f 852/803/5 902/850/5 903/851/5 853/804/5
f 853/804/5 903/851/5 904/852/5 854/805/5
f 855/806/5 905/853/5 906/854/5 856/807/5
f 856/807/5 906/854/5 907/855/5 857/808/5
f 857/808/5 907/855/5 908/856/5 858/809/5
f 858/809/5 908/856/5 909/857/5 859/810/5
f 859/810/5 909/857/5 910/858/5 860/811/5
f 860/811/5 910/858/5 911/859/5 861/812/5
f 861/812/5 911/859/5 912/860/5 862/813/5
f 862/813/5 912/860/5 913/861/5 863/814/5
f 863/814/5 913/861/5 914/862/5 864/815/5
f 864/815/5 914/862/5 915/634/5 865/633/5
f 870/464/5 920/463/5 921/872/5 871/820/5
f 871/820/5 921/872/5 922/873/5 872/821/5
f 872/821/5 922/873/5 923/874/5 873/822/5
f 873/822/5 923/874/5 924/875/5 874/823/5
f 874/823/5 924/875/5 925/301/5 875/300/5
f 876/295/5 926/294/5 927/878/5 877/825/5
f 877/825/5 927/878/5 928/270/5 878/269/5
f 879/268/5 929/267/5 930/880/5 880/828/5
f 880/828/5 930/880/5 931/881/5 881/829/5
f 881/829/5 931/881/5 932/882/5 882/830/5
f 882/830/5 932/882/5 933/883/5 883/831/5
f 883/831/5 933/883/5 934/884/5 884/832/5
f 884/832/5 934/884/5 935/885/5 885/833/5
f 885/833/5 935/885/5 936/886/5 886/834/5
f 886/834/5 936/886/5 937/887/5 887/835/5
f 887/835/5 937/887/5 938/888/5 888/836/5
f 888/836/5 938/888/5 939/889/5 889/837/5
f 889/837/5 939/889/5 940/890/5 890/838/5
f 890/838/5 940/890/5 941/891/5 891/839/5
f 891/839/5 941/891/5 942/892/5 892/840/5
f 892/840/5 942/892/5 943/893/5 893/841/5
f 893/841/5 943/893/5 944/894/5 894/842/5
f 894/842/5 944/894/5 945/895/5 895/843/5
f 895/843/5 945/895/5 946/896/5 896/844/5
f 896/844/5 946/896/5 947/897/5 897/845/5
f 901/849/5 951/905/5 952/906/5 902/850/5
f 902/850/5 952/906/5 953/907/5 903/851/5
f 903/851/5 953/907/5 954/72/5 904/852/5
f 905/853/5 955/71/5 956/908/5 906/854/5
f 906/854/5 956/908/5 957/909/5 907/855/5
f 907/855/5 957/909/5 958/910/5 908/856/5
f 908/856/5 958/910/5 959/911/5 909/857/5
f 909/857/5 959/911/5 960/912/5 910/858/5
f 910/858/5 960/912/5 961/913/5 911/859/5
f 911/859/5 961/913/5 962/914/5 912/860/5
f 912/860/5 962/914/5 963/915/5 913/861/5
f 913/861/5 963/915/5 964/916/5 914/862/5
f 914/862/5 964/916/5 965/917/5 915/634/5
f 915/634/5 965/917/5 966/918/5 916/919/5
f 916/919/5 966/918/5 967/920/5 917/921/5
f 917/921/5 967/920/5 968/922/5 918/923/5
f 918/923/5 968/922/5 969/924/5 919/925/5
f 919/925/5 969/924/5 970/926/5 920/463/5
f 920/463/5 970/926/5 971/927/5 921/872/5
f 921/872/5 971/927/5 972/928/5 922/873/5
f 922/873/5 972/928/5 973/929/5 923/874/5
f 923/874/5 973/929/5 974/930/5 924/875/5
f 924/875/5 974/930/5 975/931/5 925/301/5
f 926/294/5 976/934/5 977/935/5 927/878/5
f 927/878/5 977/935/5 978/936/5 928/270/5
f 929/267/5 979/939/5 980/940/5 930/880/5
f 930/880/5 980/940/5 981/941/5 931/881/5
f 931/881/5 981/941/5 982/942/5 932/882/5
f 932/882/5 982/942/5 983/943/5 933/883/5
f 933/883/5 983/943/5 984/944/5 934/884/5
f 934/884/5 984/944/5 985/945/5 935/885/5
f 935/885/5 985/945/5 986/946/5 936/886/5
f 936/886/5 986/946/5 987/947/5 937/887/5
f 937/887/5 987/947/5 988/948/5 938/888/5
f 938/888/5 988/948/5 989/949/5 939/889/5
f 944/894/5 994/957/5 995/958/5 945/895/5
f 945/895/5 995/958/5 996/959/5 946/896/5
f 946/896/5 996/959/5 997/960/5 947/897/5
f 947/897/5 997/960/5 998/961/5 948/962/5
f 948/962/5 998/961/5 999/963/5 949/964/5
f 949/964/5 999/963/5 1000/965/5 950/966/5
f 950/966/5 1000/965/5 1001/967/5 951/905/5
f 951/905/5 1001/967/5 1002/968/5 952/906/5
f 952/906/5 1002/968/5 1003/969/5 953/907/5
f 953/907/5 1003/969/5 1004/73/5 954/72/5
f 955/71/5 1005/70/5 1006/970/5 956/908/5
f 956/908/5 1006/970/5 1007/971/5 957/909/5
f 957/909/5 1007/971/5 1008/972/5 958/910/5
f 958/910/5 1008/972/5 1009/973/5 959/911/5
f 959/911/5 1009/973/5 1010/974/5 960/912/5
f 961/913/5 1011/975/5 1012/976/5 962/914/5
f 962/914/5 1012/976/5 1013/977/5 963/915/5
f 963/915/5 1013/977/5 1014/978/5 964/916/5
f 964/916/5 1014/978/5 1015/979/5 965/917/5
f 965/917/5 1015/979/5 1016/980/5 966/918/5
f 966/918/5 1016/980/5 1017/981/5 967/920/5
f 967/920/5 1017/981/5 1018/982/5 968/922/5
f 968/922/5 1018/982/5 1019/983/5 969/924/5
f 969/924/5 1019/983/5 1020/984/5 970/926/5
f 970/926/5 1020/984/5 1021/985/5 971/927/5
f 971/927/5 1021/985/5 1022/986/5 972/928/5
f 972/928/5 1022/986/5 1023/987/5 973/929/5
f 973/929/5 1023/987/5 1024/988/5 974/930/5
f 974/930/5 1024/988/5 1025/989/5 975/931/5
f 976/934/5 1026/991/5 1027/992/5 977/935/5
f 977/935/5 1027/992/5 1028/993/5 978/936/5
f 979/939/5 1029/995/5 1030/996/5 980/940/5
f 980/940/5 1030/996/5 1031/997/5 981/941/5
f 981/941/5 1031/997/5 1032/990/5 982/942/5
f 982/942/5 1032/990/5 1033/952/5 983/943/5
f 983/943/5 1033/952/5 1034/902/5 984/944/5
f 984/944/5 1034/902/5 1035/879/5 985/945/5
f 985/945/5 1035/879/5 1036/877/5 986/946/5
f 986/946/5 1036/877/5 1037/876/5 987/947/5
f 987/947/5 1037/876/5 1038/998/5 988/948/5
f 988/948/5 1038/998/5 1039/999/5 989/949/5
f 989/949/5 1039/999/5 1040/1000/5 990/1001/5
f 990/1001/5 1040/1000/5 1041/1002/5 991/1003/5
f 991/1003/5 1041/1002/5 1042/1004/5 992/1005/5
f 992/1005/5 1042/1004/5 1043/1006/5 993/1007/5
f 993/1007/5 1043/1006/5 1044/1008/5 994/957/5
f 994/957/5 1044/1008/5 1045/1009/5 995/958/5
f 995/958/5 1045/1009/5 1046/1010/5 996/959/5
f 996/959/5 1046/1010/5 1047/1011/5 997/960/5
f 997/960/5 1047/1011/5 1048/1012/5 998/961/5
f 998/961/5 1048/1012/5 1049/1013/5 999/963/5
f 999/963/5 1049/1013/5 1050/1014/5 1000/965/5
f 1000/965/5 1050/1014/5 1051/417/5 1001/967/5
f 1001/967/5 1051/417/5 1052/416/5 1002/968/5
f 1002/968/5 1052/416/5 1053/1015/5 1003/969/5
f 1003/969/5 1053/1015/5 1054/1016/5 1004/73/5
f 1005/70/5 1055/1018/5 1056/1019/5 1006/970/5
f 1006/970/5 1056/1019/5 1057/1020/5 1007/971/5
f 1007/971/5 1057/1020/5 1058/1021/5 1008/972/5
f 1008/972/5 1058/1021/5 1059/1022/5 1009/973/5
f 1009/973/5 1059/1022/5 1060/953/5 1010/974/5
f 1011/975/5 1061/904/5 1062/1024/5 1012/976/5
f 1012/976/5 1062/1024/5 1063/1025/5 1013/977/5
f 1013/977/5 1063/1025/5 1064/1026/5 1014/978/5
f 1014/978/5 1064/1026/5 1065/1027/5 1015/979/5
f 1015/979/5 1065/1027/5 1066/1028/5 1016/980/5
f 1016/980/5 1066/1028/5 1067/1029/5 1017/981/5
f 1017/981/5 1067/1029/5 1068/1030/5 1018/982/5
f 1018/982/5 1068/1030/5 1069/1031/5 1019/983/5
f 1019/983/5 1069/1031/5 1070/1032/5 1020/984/5
f 1020/984/5 1070/1032/5 1071/1033/5 1021/985/5
f 1021/985/5 1071/1033/5 1072/1034/5 1022/986/5
f 1022/986/5 1072/1034/5 1073/1035/5 1023/987/5
f 1023/987/5 1073/1035/5 1074/1036/5 1024/988/5
f 1024/988/5 1074/1036/5 1075/569/5 1025/989/5
f 1026/991/5 1076/522/5 1077/1037/5 1027/992/5
f 1027/992/5 1077/1037/5 1078/1038/5 1028/993/5
f 1037/876/5 1087/258/5 1088/1043/5 1038/998/5
f 1038/998/5 1088/1043/5 1089/1044/5 1039/999/5
f 1039/999/5 1089/1044/5 1090/1045/5 1040/1000/5
f 1040/1000/5 1090/1045/5 1091/1046/5 1041/1002/5
f 1041/1002/5 1091/1046/5 1092/1047/5 1042/1004/5
f 1042/1004/5 1092/1047/5 1093/1048/5 1043/1006/5
f 1043/1006/5 1093/1048/5 1094/1049/5 1044/1008/5
f 1044/1008/5 1094/1049/5 1095/1050/5 1045/1009/5
f 1045/1009/5 1095/1050/5 1096/1051/5 1046/1010/5
f 1046/1010/5 1096/1051/5 1097/1052/5 1047/1011/5
f 1047/1011/5 1097/1052/5 1098/1053/5 1048/1012/5
f 1048/1012/5 1098/1053/5 1099/1054/5 1049/1013/5
f 1049/1013/5 1099/1054/5 1100/1055/5 1050/1014/5
f 1050/1014/5 1100/1055/5 1101/1056/5 1051/417/5
f 1052/416/5 1102/1058/5 1103/1059/5 1053/1015/5
f 1053/1015/5 1103/1059/5 1104/1060/5 1054/1016/5
f 1055/1018/5 1105/1061/5 1106/1062/5 1056/1019/5
f 1056/1019/5 1106/1062/5 1107/1063/5 1057/1020/5
f 1057/1020/5 1107/1063/5 1108/1064/5 1058/1021/5
f 1058/1021/5 1108/1064/5 1109/1065/5 1059/1022/5
f 1059/1022/5 1109/1065/5 1110/954/5 1060/953/5
f 1061/904/5 1111/903/5 1112/1067/5 1062/1024/5
f 1062/1024/5 1112/1067/5 1113/1068/5 1063/1025/5
f 1063/1025/5 1113/1068/5 1114/1069/5 1064/1026/5
f 1064/1026/5 1114/1069/5 1115/1070/5 1065/1027/5
f 1065/1027/5 1115/1070/5 1116/1071/5 1066/1028/5
f 1066/1028/5 1116/1071/5 1117/1072/5 1067/1029/5
f 1067/1029/5 1117/1072/5 1118/1073/5 1068/1030/5
f 1068/1030/5 1118/1073/5 1119/1074/5 1069/1031/5
f 1069/1031/5 1119/1074/5 1120/1075/5 1070/1032/5
f 1070/1032/5 1120/1075/5 1121/1076/5 1071/1033/5
f 1071/1033/5 1121/1076/5 1122/1077/5 1072/1034/5
f 1072/1034/5 1122/1077/5 1123/1078/5 1073/1035/5
f 1073/1035/5 1123/1078/5 1124/1079/5 1074/1036/5
f 1074/1036/5 1124/1079/5 1125/570/5 1075/569/5
f 1076/522/5 1126/521/5 1127/1082/5 1077/1037/5
f 1077/1037/5 1127/1082/5 1128/1083/5 1078/1038/5
f 1078/1038/5 1128/1083/5 1129/1084/5 1079/1085/5
f 1079/1085/5 1129/1084/5 1130/1086/5 1080/1087/5
f 1080/1087/5 1130/1086/5 1131/1088/5 1081/1089/5
f 1081/1089/5 1131/1088/5 1132/1090/5 1082/1091/5
f 1082/1091/5 1132/1090/5 1133/1092/5 1083/1093/5
f 1083/1093/5 1133/1092/5 1134/1094/5 1084/1095/5
f 1084/1095/5 1134/1094/5 1135/1096/5 1085/1097/5
f 1085/1097/5 1135/1096/5 1136/262/5 1086/261/5
f 1087/258/5 1137/257/5 1138/1099/5 1088/1043/5
f 1088/1043/5 1138/1099/5 1139/1100/5 1089/1044/5
f 1089/1044/5 1139/1100/5 1140/1101/5 1090/1045/5
f 1090/1045/5 1140/1101/5 1141/1102/5 1091/1046/5
f 1091/1046/5 1141/1102/5 1142/1103/5 1092/1047/5
f 1092/1047/5 1142/1103/5 1143/1104/5 1093/1048/5
f 1093/1048/5 1143/1104/5 1144/1105/5 1094/1049/5
f 1094/1049/5 1144/1105/5 1145/1106/5 1095/1050/5
f 1095/1050/5 1145/1106/5 1146/1107/5 1096/1051/5
f 1096/1051/5 1146/1107/5 1147/1108/5 1097/1052/5
f 1097/1052/5 1147/1108/5 1148/1109/5 1098/1053/5
f 1098/1053/5 1148/1109/5 1149/1110/5 1099/1054/5
f 1099/1054/5 1149/1110/5 1150/1111/5 1100/1055/5
f 1100/1055/5 1150/1111/5 1151/1112/5 1101/1056/5
f 1102/1058/5 1152/1113/5 1153/1114/5 1103/1059/5
f 1103/1059/5 1153/1114/5 1154/76/5 1104/1060/5
f 1106/1062/5 1156/1117/5 1157/1118/5 1107/1063/5
f 1107/1063/5 1157/1118/5 1158/1119/5 1108/1064/5
f 1108/1064/5 1158/1119/5 1159/1120/5 1109/1065/5
f 1109/1065/5 1159/1120/5 1160/1121/5 1110/954/5
f 1111/903/5 1161/1123/5 1162/1124/5 1112/1067/5
f 1112/1067/5 1162/1124/5 1163/1125/5 1113/1068/5
f 1113/1068/5 1163/1125/5 1164/1126/5 1114/1069/5
f 1114/1069/5 1164/1126/5 1165/1127/5 1115/1070/5
f 1115/1070/5 1165/1127/5 1166/1128/5 1116/1071/5
f 1116/1071/5 1166/1128/5 1167/1129/5 1117/1072/5
f 1117/1072/5 1167/1129/5 1168/1130/5 1118/1073/5
f 1118/1073/5 1168/1130/5 1169/1131/5 1119/1074/5
f 1119/1074/5 1169/1131/5 1170/1132/5 1120/1075/5
f 1120/1075/5 1170/1132/5 1171/1133/5 1121/1076/5
f 1121/1076/5 1171/1133/5 1172/1134/5 1122/1077/5
f 1122/1077/5 1172/1134/5 1173/1135/5 1123/1078/5
f 1123/1078/5 1173/1135/5 1174/1136/5 1124/1079/5
f 1124/1079/5 1174/1136/5 1175/1137/5 1125/570/5
f 1126/521/5 1176/1140/5 1177/1141/5 1127/1082/5
f 1127/1082/5 1177/1141/5 1178/1142/5 1128/1083/5
f 1128/1083/5 1178/1142/5 1179/1143/5 1129/1084/5
f 1129/1084/5 1179/1143/5 1180/1144/5 1130/1086/5
f 1130/1086/5 1180/1144/5 1181/1145/5 1131/1088/5
f 1131/1088/5 1181/1145/5 1182/1146/5 1132/1090/5
f 1132/1090/5 1182/1146/5 1183/1147/5 1133/1092/5
f 1133/1092/5 1183/1147/5 1184/1148/5 1134/1094/5
f 1134/1094/5 1184/1148/5 1185/1149/5 1135/1096/5
f 1135/1096/5 1185/1149/5 1186/1150/5 1136/262/5
f 1137/257/5 1187/1151/5 1188/1152/5 1138/1099/5
f 1138/1099/5 1188/1152/5 1189/1153/5 1139/1100/5
f 1139/1100/5 1189/1153/5 1190/1154/5 1140/1101/5
f 1140/1101/5 1190/1154/5 1191/1155/5 1141/1102/5
f 1141/1102/5 1191/1155/5 1192/1156/5 1142/1103/5
f 1142/1103/5 1192/1156/5 1193/1157/5 1143/1104/5
f 1143/1104/5 1193/1157/5 1194/1158/5 1144/1105/5
f 1144/1105/5 1194/1158/5 1195/1159/5 1145/1106/5
f 1145/1106/5 1195/1159/5 1196/1160/5 1146/1107/5
f 1146/1107/5 1196/1160/5 1197/1161/5 1147/1108/5
f 1147/1108/5 1197/1161/5 1198/1162/5 1148/1109/5
f 1148/1109/5 1198/1162/5 1199/1163/5 1149/1110/5
f 1149/1110/5 1199/1163/5 1200/1164/5 1150/1111/5
f 1150/1111/5 1200/1164/5 1201/1165/5 1151/1112/5
f 1152/1113/5 1202/1167/5 1203/1168/5 1153/1114/5
f 1153/1114/5 1203/1168/5 1204/77/5 1154/76/5
f 1156/1117/5 1206/1170/5 1207/1171/5 1157/1118/5
f 1157/1118/5 1207/1171/5 1208/1172/5 1158/1119/5
f 1158/1119/5 1208/1172/5 1209/1173/5 1159/1120/5
f 1159/1120/5 1209/1173/5 1210/1174/5 1160/1121/5
f 1161/1123/5 1211/1177/5 1212/1178/5 1162/1124/5
f 1162/1124/5 1212/1178/5 1213/1179/5 1163/1125/5
f 1163/1125/5 1213/1179/5 1214/1180/5 1164/1126/5
f 1164/1126/5 1214/1180/5 1215/1181/5 1165/1127/5
f 1165/1127/5 1215/1181/5 1216/1182/5 1166/1128/5
f 1166/1128/5 1216/1182/5 1217/1183/5 1167/1129/5
f 1167/1129/5 1217/1183/5 1218/1184/5 1168/1130/5
f 1168/1130/5 1218/1184/5 1219/1185/5 1169/1131/5
f 1169/1131/5 1219/1185/5 1220/1186/5 1170/1132/5
f 1170/1132/5 1220/1186/5 1221/1187/5 1171/1133/5
f 1171/1133/5 1221/1187/5 1222/1188/5 1172/1134/5
f 1172/1134/5 1222/1188/5 1223/1189/5 1173/1135/5
f 1173/1135/5 1223/1189/5 1224/1190/5 1174/1136/5
f 1174/1136/5 1224/1190/5 1225/1191/5 1175/1137/5
f 1187/1151/5 1237/933/5 1238/1201/5 1188/1152/5
f 1188/1152/5 1238/1201/5 1239/1202/5 1189/1153/5
f 1189/1153/5 1239/1202/5 1240/1203/5 1190/1154/5
f 1190/1154/5 1240/1203/5 1241/1204/5 1191/1155/5
f 1191/1155/5 1241/1204/5 1242/1205/5 1192/1156/5
f 1193/1157/5 1243/1208/5 1244/1209/5 1194/1158/5
f 1194/1158/5 1244/1209/5 1245/1210/5 1195/1159/5
f 1195/1159/5 1245/1210/5 1246/1211/5 1196/1160/5
f 1196/1160/5 1246/1211/5 1247/1212/5 1197/1161/5
f 1197/1161/5 1247/1212/5 1248/1213/5 1198/1162/5
f 1198/1162/5 1248/1213/5 1249/1214/5 1199/1163/5
f 1199/1163/5 1249/1214/5 1250/1215/5 1200/1164/5
f 1200/1164/5 1250/1215/5 1251/1216/5 1201/1165/5
f 1202/1167/5 1252/1217/5 1253/1218/5 1203/1168/5
f 1203/1168/5 1253/1218/5 1254/1219/5 1204/77/5
f 1206/1170/5 1256/1207/5 1257/1222/5 1207/1171/5
f 1207/1171/5 1257/1222/5 1258/1223/5 1208/1172/5
f 1208/1172/5 1258/1223/5 1259/1224/5 1209/1173/5
f 1209/1173/5 1259/1224/5 1260/263/5 1210/1174/5
f 1211/1177/5 1261/264/5 1262/233/5 1212/1178/5
f 1212/1178/5 1262/233/5 1263/232/5 1213/1179/5
f 1213/1179/5 1263/232/5 1264/1227/5 1214/1180/5
f 1214/1180/5 1264/1227/5 1265/1228/5 1215/1181/5
f 1215/1181/5 1265/1228/5 1266/1229/5 1216/1182/5
f 1216/1182/5 1266/1229/5 1267/938/5 1217/1183/5
f 1217/1183/5 1267/938/5 1268/898/5 1218/1184/5
f 1218/1184/5 1268/898/5 1269/1230/5 1219/1185/5
f 1219/1185/5 1269/1230/5 1270/1231/5 1220/1186/5
f 1220/1186/5 1270/1231/5 1271/867/5 1221/1187/5
f 1221/1187/5 1271/867/5 1272/1232/5 1222/1188/5
f 1222/1188/5 1272/1232/5 1273/1233/5 1223/1189/5
f 1223/1189/5 1273/1233/5 1274/1234/5 1224/1190/5
f 1224/1190/5 1274/1234/5 1275/1235/5 1225/1191/5
f 1225/1191/5 1275/1235/5 1276/1236/5 1226/1198/5
f 1226/1198/5 1276/1236/5 1277/1237/5 1227/1195/5
f 1227/1195/5 1277/1237/5 1278/1238/5 1228/1192/5
f 1228/1192/5 1278/1238/5 1279/1239/5 1229/1166/5
f 1229/1166/5 1279/1239/5 1280/1240/5 1230/1116/5
f 1230/1116/5 1280/1240/5 1281/1241/5 1231/1057/5
f 1231/1057/5 1281/1241/5 1282/1242/5 1232/1041/5
f 1232/1041/5 1282/1242/5 1283/1243/5 1233/1039/5
f 1233/1039/5 1283/1243/5 1284/1244/5 1234/994/5
f 1234/994/5 1284/1244/5 1285/1245/5 1235/955/5
f 1235/955/5 1285/1245/5 1286/1246/5 1236/932/5
f 1236/932/5 1286/1246/5 1287/1247/5 1237/933/5
f 1237/933/5 1287/1247/5 1288/1248/5 1238/1201/5
f 1238/1201/5 1288/1248/5 1289/1249/5 1239/1202/5
f 1239/1202/5 1289/1249/5 1290/1250/5 1240/1203/5
f 1240/1203/5 1290/1250/5 1291/1251/5 1241/1204/5
f 1241/1204/5 1291/1251/5 1292/265/5 1242/1205/5
f 1243/1208/5 1293/260/5 1294/1253/5 1244/1209/5
f 1244/1209/5 1294/1253/5 1295/1254/5 1245/1210/5
f 1245/1210/5 1295/1254/5 1296/1255/5 1246/1211/5
f 1246/1211/5 1296/1255/5 1297/1256/5 1247/1212/5
f 1247/1212/5 1297/1256/5 1298/1257/5 1248/1213/5
f 1248/1213/5 1298/1257/5 1299/1258/5 1249/1214/5
f 1249/1214/5 1299/1258/5 1300/1259/5 1250/1215/5
f 1250/1215/5 1300/1259/5 1301/1260/5 1251/1216/5
f 1252/1217/5 1302/1252/5 1303/1261/5 1253/1218/5
f 1253/1218/5 1303/1261/5 1304/1262/5 1254/1219/5
f 1256/1207/5 1306/1206/5 1307/1263/5 1257/1222/5
f 1257/1222/5 1307/1263/5 1308/1264/5 1258/1223/5
f 1258/1223/5 1308/1264/5 1309/1265/5 1259/1224/5
f 1259/1224/5 1309/1265/5 1310/1266/5 1260/263/5
f 1260/263/5 1310/1266/5 1311/1267/5 1261/264/5
f 1261/264/5 1311/1267/5 1312/1066/5 1262/233/5
f 1267/938/5 1317/937/5 1318/899/5 1268/898/5
f 1271/867/5 1321/866/5 1322/1276/5 1272/1232/5
f 1272/1232/5 1322/1276/5 1323/1277/5 1273/1233/5
f 1273/1233/5 1323/1277/5 1324/1278/5 1274/1234/5
f 1274/1234/5 1324/1278/5 1325/1279/5 1275/1235/5
f 1275/1235/5 1325/1279/5 1326/1280/5 1276/1236/5
f 1276/1236/5 1326/1280/5 1327/1281/5 1277/1237/5
f 1277/1237/5 1327/1281/5 1328/1282/5 1278/1238/5
f 1278/1238/5 1328/1282/5 1329/1283/5 1279/1239/5
f 1279/1239/5 1329/1283/5 1330/1284/5 1280/1240/5
f 1280/1240/5 1330/1284/5 1331/1285/5 1281/1241/5
f 1281/1241/5 1331/1285/5 1332/1286/5 1282/1242/5
f 1282/1242/5 1332/1286/5 1333/1287/5 1283/1243/5
f 1283/1243/5 1333/1287/5 1334/1288/5 1284/1244/5
f 1284/1244/5 1334/1288/5 1335/1289/5 1285/1245/5
f 1285/1245/5 1335/1289/5 1336/1290/5 1286/1246/5
f 1286/1246/5 1336/1290/5 1337/1291/5 1287/1247/5
f 1287/1247/5 1337/1291/5 1338/1292/5 1288/1248/5
f 1288/1248/5 1338/1292/5 1339/1293/5 1289/1249/5
f 1289/1249/5 1339/1293/5 1340/1294/5 1290/1250/5
f 1290/1250/5 1340/1294/5 1341/1295/5 1291/1251/5
f 1291/1251/5 1341/1295/5 1342/266/5 1292/265/5
f 1293/260/5 1343/259/5 1344/1296/5 1294/1253/5
f 1294/1253/5 1344/1296/5 1345/1297/5 1295/1254/5
f 1295/1254/5 1345/1297/5 1346/1298/5 1296/1255/5
f 1296/1255/5 1346/1298/5 1347/1299/5 1297/1256/5
f 1297/1256/5 1347/1299/5 1348/1300/5 1298/1257/5
f 1298/1257/5 1348/1300/5 1349/1301/5 1299/1258/5
f 1299/1258/5 1349/1301/5 1350/1302/5 1300/1259/5
f 1300/1259/5 1350/1302/5 1351/1303/5 1301/1260/5
f 1302/1252/5 1352/1306/5 1353/1307/5 1303/1261/5
f 1303/1261/5 1353/1307/5 1354/169/5 1304/1262/5
f 1306/1206/5 1356/1309/5 1357/1310/5 1307/1263/5
f 1307/1263/5 1357/1310/5 1358/1311/5 1308/1264/5
f 1308/1264/5 1358/1311/5 1359/1312/5 1309/1265/5
f 1309/1265/5 1359/1312/5 1360/1313/5 1310/1266/5
f 1310/1266/5 1360/1313/5 1361/1314/5 1311/1267/5
f 1311/1267/5 1361/1314/5 1362/1315/5 1312/1066/5
f 1312/1066/5 1362/1315/5 1363/1316/5 1313/1317/5
f 1313/1317/5 1363/1316/5 1364/1318/5 1314/1319/5
f 1314/1319/5 1364/1318/5 1365/1320/5 1315/1321/5
f 1315/1321/5 1365/1320/5 1366/1322/5 1316/1323/5
f 1316/1323/5 1366/1322/5 1367/1324/5 1317/937/5
f 1317/937/5 1367/1324/5 1368/1325/5 1318/899/5
f 1318/899/5 1368/1325/5 1369/1326/5 1319/1327/5
f 1319/1327/5 1369/1326/5 1370/1328/5 1320/1329/5
f 1321/866/5 1371/1331/5 1372/1332/5 1322/1276/5
f 1322/1276/5 1372/1332/5 1373/1333/5 1323/1277/5
f 1323/1277/5 1373/1333/5 1374/1334/5 1324/1278/5
f 1324/1278/5 1374/1334/5 1375/1335/5 1325/1279/5
f 1325/1279/5 1375/1335/5 1376/1336/5 1326/1280/5
f 1326/1280/5 1376/1336/5 1377/1337/5 1327/1281/5
f 1327/1281/5 1377/1337/5 1378/1338/5 1328/1282/5
f 1328/1282/5 1378/1338/5 1379/1339/5 1329/1283/5
f 1329/1283/5 1379/1339/5 1380/1340/5 1330/1284/5
f 1330/1284/5 1380/1340/5 1381/1341/5 1331/1285/5
f 1331/1285/5 1381/1341/5 1382/1342/5 1332/1286/5
f 1332/1286/5 1382/1342/5 1383/1343/5 1333/1287/5
f 1333/1287/5 1383/1343/5 1384/1344/5 1334/1288/5
f 1334/1288/5 1384/1344/5 1385/1345/5 1335/1289/5
f 1335/1289/5 1385/1345/5 1386/1346/5 1336/1290/5
f 1336/1290/5 1386/1346/5 1387/1347/5 1337/1291/5
f 1337/1291/5 1387/1347/5 1388/1348/5 1338/1292/5
f 1338/1292/5 1388/1348/5 1389/1349/5 1339/1293/5
f 1339/1293/5 1389/1349/5 1390/1350/5 1340/1294/5
f 1340/1294/5 1390/1350/5 1391/1351/5 1341/1295/5
f 1341/1295/5 1391/1351/5 1392/1352/5 1342/266/5
f 1343/259/5 1393/1354/5 1394/1355/5 1344/1296/5
f 1344/1296/5 1394/1355/5 1395/1356/5 1345/1297/5
f 1345/1297/5 1395/1356/5 1396/1357/5 1346/1298/5
f 1346/1298/5 1396/1357/5 1397/1358/5 1347/1299/5
f 1347/1299/5 1397/1358/5 1398/1359/5 1348/1300/5
f 1348/1300/5 1398/1359/5 1399/1360/5 1349/1301/5
f 1349/1301/5 1399/1360/5 1400/1361/5 1350/1302/5
f 1350/1302/5 1400/1361/5 1401/1362/5 1351/1303/5
f 1352/1306/5 1402/1364/5 1403/1365/5 1353/1307/5
f 1353/1307/5 1403/1365/5 1404/10/5 1354/169/5
f 1356/1309/5 1406/1367/5 1407/1368/5 1357/1310/5
f 1357/1310/5 1407/1368/5 1408/1369/5 1358/1311/5
f 1358/1311/5 1408/1369/5 1409/1370/5 1359/1312/5
f 1359/1312/5 1409/1370/5 1410/1371/5 1360/1313/5
f 1360/1313/5 1410/1371/5 1411/1372/5 1361/1314/5
f 1361/1314/5 1411/1372/5 1412/1373/5 1362/1315/5
f 1374/1334/5 1424/1388/5 1425/1389/5 1375/1335/5
f 1375/1335/5 1425/1389/5 1426/1390/5 1376/1336/5
f 1376/1336/5 1426/1390/5 1427/1391/5 1377/1337/5
f 1377/1337/5 1427/1391/5 1428/1392/5 1378/1338/5
f 1378/1338/5 1428/1392/5 1429/1393/5 1379/1339/5
f 1379/1339/5 1429/1393/5 1430/1394/5 1380/1340/5
f 1380/1340/5 1430/1394/5 1431/1395/5 1381/1341/5
f 1381/1341/5 1431/1395/5 1432/1396/5 1382/1342/5
f 1382/1342/5 1432/1396/5 1433/1397/5 1383/1343/5
f 1383/1343/5 1433/1397/5 1434/1398/5 1384/1344/5
f 1384/1344/5 1434/1398/5 1435/1399/5 1385/1345/5
f 1385/1345/5 1435/1399/5 1436/1400/5 1386/1346/5
f 1386/1346/5 1436/1400/5 1437/1401/5 1387/1347/5
f 1387/1347/5 1437/1401/5 1438/1402/5 1388/1348/5
f 1388/1348/5 1438/1402/5 1439/1403/5 1389/1349/5
f 1389/1349/5 1439/1403/5 1440/1404/5 1390/1350/5
f 1390/1350/5 1440/1404/5 1441/1405/5 1391/1351/5
f 1391/1351/5 1441/1405/5 1442/1406/5 1392/1352/5
f 1393/1354/5 1443/1407/5 1444/1408/5 1394/1355/5
f 1394/1355/5 1444/1408/5 1445/1409/5 1395/1356/5
f 1395/1356/5 1445/1409/5 1446/1410/5 1396/1357/5
f 1396/1357/5 1446/1410/5 1447/1411/5 1397/1358/5
f 1397/1358/5 1447/1411/5 1448/1412/5 1398/1359/5
f 1398/1359/5 1448/1412/5 1449/1413/5 1399/1360/5
f 1399/1360/5 1449/1413/5 1450/1414/5 1400/1361/5
f 1400/1361/5 1450/1414/5 1451/1385/5 1401/1362/5
f 1402/1364/5 1452/1380/5 1453/1416/5 1403/1365/5
f 1403/1365/5 1453/1416/5 1454/11/5 1404/10/5
f 1406/1367/5 1456/402/5 1457/1419/5 1407/1368/5
f 1407/1368/5 1457/1419/5 1458/1420/5 1408/1369/5
f 1408/1369/5 1458/1420/5 1459/1421/5 1409/1370/5
f 1409/1370/5 1459/1421/5 1460/1422/5 1410/1371/5
f 1410/1371/5 1460/1422/5 1461/1423/5 1411/1372/5
f 1411/1372/5 1461/1423/5 1462/1424/5 1412/1373/5
f 1412/1373/5 1462/1424/5 1463/1425/5 1413/1426/5
f 1413/1426/5 1463/1425/5 1464/1427/5 1414/1415/5
f 1414/1415/5 1464/1427/5 1465/1428/5 1415/1386/5
f 1415/1386/5 1465/1428/5 1466/1429/5 1416/1384/5
f 1416/1384/5 1466/1429/5 1467/1430/5 1417/1378/5
f 1417/1378/5 1467/1430/5 1468/1080/5 1418/1374/5
f 1418/1374/5 1468/1080/5 1469/1431/5 1419/1363/5
f 1419/1363/5 1469/1431/5 1470/1432/5 1420/1330/5
f 1420/1330/5 1470/1432/5 1471/1433/5 1421/1275/5
f 1421/1275/5 1471/1433/5 1472/1434/5 1422/1270/5
f 1422/1270/5 1472/1434/5 1473/1435/5 1423/1271/5
f 1424/1388/5 1474/901/5 1475/1436/5 1425/1389/5
f 1425/1389/5 1475/1436/5 1476/1437/5 1426/1390/5
f 1426/1390/5 1476/1437/5 1477/1438/5 1427/1391/5
f 1427/1391/5 1477/1438/5 1478/1439/5 1428/1392/5
f 1428/1392/5 1478/1439/5 1479/1440/5 1429/1393/5
f 1429/1393/5 1479/1440/5 1480/1441/5 1430/1394/5
f 1430/1394/5 1480/1441/5 1481/1442/5 1431/1395/5
f 1431/1395/5 1481/1442/5 1482/1443/5 1432/1396/5
f 1432/1396/5 1482/1443/5 1483/1444/5 1433/1397/5
f 1433/1397/5 1483/1444/5 1484/1445/5 1434/1398/5
f 1434/1398/5 1484/1445/5 1485/1446/5 1435/1399/5
f 1435/1399/5 1485/1446/5 1486/1447/5 1436/1400/5
f 1436/1400/5 1486/1447/5 1487/1448/5 1437/1401/5
f 1437/1401/5 1487/1448/5 1488/1449/5 1438/1402/5
f 1438/1402/5 1488/1449/5 1489/1450/5 1439/1403/5
f 1439/1403/5 1489/1450/5 1490/1451/5 1440/1404/5
f 1440/1404/5 1490/1451/5 1491/1452/5 1441/1405/5
f 1441/1405/5 1491/1452/5 1492/367/5 1442/1406/5
f 1443/1407/5 1493/344/5 1494/1453/5 1444/1408/5
f 1444/1408/5 1494/1453/5 1495/1454/5 1445/1409/5
f 1445/1409/5 1495/1454/5 1496/1455/5 1446/1410/5
f 1446/1410/5 1496/1455/5 1497/1456/5 1447/1411/5
f 1447/1411/5 1497/1456/5 1498/1457/5 1448/1412/5
f 1448/1412/5 1498/1457/5 1499/1458/5 1449/1413/5
f 1449/1413/5 1499/1458/5 1500/1459/5 1450/1414/5
f 1450/1414/5 1500/1459/5 1501/182/5 1451/1385/5
f 1452/1380/5 1502/1379/5 1503/1460/5 1453/1416/5
f 1453/1416/5 1503/1460/5 1504/1461/5 1454/11/5
f 1455/6/5 1505/1462/5 1506/1463/5 1456/402/5
f 1456/402/5 1506/1463/5 1507/1464/5 1457/1419/5
f 1457/1419/5 1507/1464/5 1508/1465/5 1458/1420/5
f 1458/1420/5 1508/1465/5 1509/1466/5 1459/1421/5
f 1459/1421/5 1509/1466/5 1510/1467/5 1460/1422/5
f 1460/1422/5 1510/1467/5 1511/1468/5 1461/1423/5
f 1461/1423/5 1511/1468/5 1512/1469/5 1462/1424/5
f 1462/1424/5 1512/1469/5 1513/1470/5 1463/1425/5
f 1463/1425/5 1513/1470/5 1514/1471/5 1464/1427/5
f 1464/1427/5 1514/1471/5 1515/1472/5 1465/1428/5
f 1465/1428/5 1515/1472/5 1516/1473/5 1466/1429/5
f 1466/1429/5 1516/1473/5 1517/1474/5 1467/1430/5
f 1467/1430/5 1517/1474/5 1518/1081/5 1468/1080/5
f 1474/901/5 1524/900/5 1525/1478/5 1475/1436/5
f 1475/1436/5 1525/1478/5 1526/1479/5 1476/1437/5
f 1476/1437/5 1526/1479/5 1527/1480/5 1477/1438/5
f 1477/1438/5 1527/1480/5 1528/1481/5 1478/1439/5
f 1478/1439/5 1528/1481/5 1529/1482/5 1479/1440/5
f 1479/1440/5 1529/1482/5 1530/1483/5 1480/1441/5
f 1480/1441/5 1530/1483/5 1531/1484/5 1481/1442/5
f 1481/1442/5 1531/1484/5 1532/1485/5 1482/1443/5
f 1482/1443/5 1532/1485/5 1533/1486/5 1483/1444/5
f 1483/1444/5 1533/1486/5 1534/1487/5 1484/1445/5
f 1484/1445/5 1534/1487/5 1535/1488/5 1485/1446/5
f 1485/1446/5 1535/1488/5 1536/1489/5 1486/1447/5
f 1486/1447/5 1536/1489/5 1537/1490/5 1487/1448/5
f 1487/1448/5 1537/1490/5 1538/1491/5 1488/1449/5
f 1488/1449/5 1538/1491/5 1539/1492/5 1489/1450/5
f 1489/1450/5 1539/1492/5 1540/1493/5 1490/1451/5
f 1490/1451/5 1540/1493/5 1541/1494/5 1491/1452/5
f 1491/1452/5 1541/1494/5 1542/368/5 1492/367/5
f 1493/344/5 1543/343/5 1544/1495/5 1494/1453/5
f 1494/1453/5 1544/1495/5 1545/1496/5 1495/1454/5
f 1495/1454/5 1545/1496/5 1546/1497/5 1496/1455/5
f 1496/1455/5 1546/1497/5 1547/1498/5 1497/1456/5
f 1497/1456/5 1547/1498/5 1548/1499/5 1498/1457/5
f 1498/1457/5 1548/1499/5 1549/1500/5 1499/1458/5
f 1499/1458/5 1549/1500/5 1550/1501/5 1500/1459/5
f 1500/1459/5 1550/1501/5 1551/183/5 1501/182/5
f 1502/1379/5 1552/1503/5 1553/1504/5 1503/1460/5
f 1503/1460/5 1553/1504/5 1554/695/5 1504/1461/5
f 1505/1462/5 1555/586/5 1556/1506/5 1506/1463/5
f 1506/1463/5 1556/1506/5 1557/1507/5 1507/1464/5
f 1507/1464/5 1557/1507/5 1558/1508/5 1508/1465/5
f 1508/1465/5 1558/1508/5 1559/1509/5 1509/1466/5
f 1509/1466/5 1559/1509/5 1560/1510/5 1510/1467/5
f 1510/1467/5 1560/1510/5 1561/1511/5 1511/1468/5
f 1511/1468/5 1561/1511/5 1562/1512/5 1512/1469/5
f 1512/1469/5 1562/1512/5 1563/1513/5 1513/1470/5
f 1513/1470/5 1563/1513/5 1564/1514/5 1514/1471/5
f 1514/1471/5 1564/1514/5 1565/1515/5 1515/1472/5
f 1515/1472/5 1565/1515/5 1566/1516/5 1516/1473/5
f 1516/1473/5 1566/1516/5 1567/1517/5 1517/1474/5
f 1517/1474/5 1567/1517/5 1568/1518/5 1518/1081/5
f 1518/1081/5 1568/1518/5 1569/1519/5 1519/1520/5
f 1519/1520/5 1569/1519/5 1570/1521/5 1520/1522/5
f 1520/1522/5 1570/1521/5 1571/1523/5 1521/1524/5
f 1521/1524/5 1571/1523/5 1572/1525/5 1522/1526/5
f 1522/1526/5 1572/1525/5 1573/1527/5 1523/1528/5
f 1523/1528/5 1573/1527/5 1574/1529/5 1524/900/5
f 1524/900/5 1574/1529/5 1575/1530/5 1525/1478/5
f 1525/1478/5 1575/1530/5 1576/1531/5 1526/1479/5
f 1526/1479/5 1576/1531/5 1577/1532/5 1527/1480/5
f 1527/1480/5 1577/1532/5 1578/1533/5 1528/1481/5
f 1528/1481/5 1578/1533/5 1579/1534/5 1529/1482/5
f 1529/1482/5 1579/1534/5 1580/1535/5 1530/1483/5
f 1530/1483/5 1580/1535/5 1581/1536/5 1531/1484/5
f 1531/1484/5 1581/1536/5 1582/1537/5 1532/1485/5
f 1532/1485/5 1582/1537/5 1583/1538/5 1533/1486/5
f 1533/1486/5 1583/1538/5 1584/1539/5 1534/1487/5
f 1534/1487/5 1584/1539/5 1585/1540/5 1535/1488/5
f 1535/1488/5 1585/1540/5 1586/1541/5 1536/1489/5
f 1536/1489/5 1586/1541/5 1587/1542/5 1537/1490/5
f 1537/1490/5 1587/1542/5 1588/1543/5 1538/1491/5
f 1538/1491/5 1588/1543/5 1589/1544/5 1539/1492/5
f 1539/1492/5 1589/1544/5 1590/1545/5 1540/1493/5
f 1540/1493/5 1590/1545/5 1591/1546/5 1541/1494/5
f 1541/1494/5 1591/1546/5 1592/1547/5 1542/368/5
f 1543/343/5 1593/1548/5 1594/1549/5 1544/1495/5
f 1544/1495/5 1594/1549/5 1595/1550/5 1545/1496/5
f 1545/1496/5 1595/1550/5 1596/1551/5 1546/1497/5
f 1546/1497/5 1596/1551/5 1597/1552/5 1547/1498/5
f 1547/1498/5 1597/1552/5 1598/1553/5 1548/1499/5
f 1548/1499/5 1598/1553/5 1599/1554/5 1549/1500/5
f 1549/1500/5 1599/1554/5 1600/1555/5 1550/1501/5
f 1550/1501/5 1600/1555/5 1601/1556/5 1551/183/5
f 1552/1503/5 1602/1557/5 1603/1558/5 1553/1504/5
f 1553/1504/5 1603/1558/5 1604/27/5 1554/695/5
f 1555/586/5 1605/24/5 1606/1559/5 1556/1506/5
f 1556/1506/5 1606/1559/5 1607/1560/5 1557/1507/5
f 1557/1507/5 1607/1560/5 1608/1561/5 1558/1508/5
f 1558/1508/5 1608/1561/5 1609/1562/5 1559/1509/5
f 1559/1509/5 1609/1562/5 1610/1563/5 1560/1510/5
f 1560/1510/5 1610/1563/5 1611/1564/5 1561/1511/5
f 1561/1511/5 1611/1564/5 1612/1565/5 1562/1512/5
f 1562/1512/5 1612/1565/5 1613/1566/5 1563/1513/5
f 1563/1513/5 1613/1566/5 1614/1567/5 1564/1514/5
f 1564/1514/5 1614/1567/5 1615/1568/5 1565/1515/5
f 1565/1515/5 1615/1568/5 1616/1569/5 1566/1516/5
f 1566/1516/5 1616/1569/5 1617/1570/5 1567/1517/5
f 1567/1517/5 1617/1570/5 1618/1571/5 1568/1518/5
f 1569/1519/5 1619/1573/5 1620/1574/5 1570/1521/5
f 1570/1521/5 1620/1574/5 1621/1575/5 1571/1523/5
f 1571/1523/5 1621/1575/5 1622/1576/5 1572/1525/5
f 1572/1525/5 1622/1576/5 1623/1577/5 1573/1527/5
f 1573/1527/5 1623/1577/5 1624/1578/5 1574/1529/5
f 1574/1529/5 1624/1578/5 1625/1579/5 1575/1530/5
f 1575/1530/5 1625/1579/5 1626/1580/5 1576/1531/5
f 1576/1531/5 1626/1580/5 1627/1581/5 1577/1532/5
f 1577/1532/5 1627/1581/5 1628/1582/5 1578/1533/5
f 1578/1533/5 1628/1582/5 1629/1583/5 1579/1534/5
f 1579/1534/5 1629/1583/5 1630/1584/5 1580/1535/5
f 1580/1535/5 1630/1584/5 1631/1585/5 1581/1536/5
f 1581/1536/5 1631/1585/5 1632/1586/5 1582/1537/5
f 1582/1537/5 1632/1586/5 1633/1587/5 1583/1538/5
f 1583/1538/5 1633/1587/5 1634/1588/5 1584/1539/5
f 1584/1539/5 1634/1588/5 1635/1589/5 1585/1540/5
f 1585/1540/5 1635/1589/5 1636/1590/5 1586/1541/5
f 1586/1541/5 1636/1590/5 1637/1591/5 1587/1542/5
f 1587/1542/5 1637/1591/5 1638/1592/5 1588/1543/5
f 1588/1543/5 1638/1592/5 1639/1593/5 1589/1544/5
f 1589/1544/5 1639/1593/5 1640/1594/5 1590/1545/5
f 1590/1545/5 1640/1594/5 1641/1595/5 1591/1546/5
f 1591/1546/5 1641/1595/5 1642/1596/5 1592/1547/5
f 1592/1547/5 1642/1596/5 1643/1597/5 1593/1548/5
f 1593/1548/5 1643/1597/5 1644/1598/5 1594/1549/5
f 1594/1549/5 1644/1598/5 1645/1599/5 1595/1550/5
f 1595/1550/5 1645/1599/5 1646/1600/5 1596/1551/5
f 1596/1551/5 1646/1600/5 1647/1601/5 1597/1552/5
f 1597/1552/5 1647/1601/5 1648/1602/5 1598/1553/5
f 1598/1553/5 1648/1602/5 1649/1603/5 1599/1554/5
f 1599/1554/5 1649/1603/5 1650/1604/5 1600/1555/5
f 1600/1555/5 1650/1604/5 1651/1477/5 1601/1556/5
f 1601/1556/5 1651/1477/5 1652/1475/5 1602/1557/5
f 1602/1557/5 1652/1475/5 1653/1605/5 1603/1558/5
f 1603/1558/5 1653/1605/5 1654/28/5 1604/27/5
f 1605/24/5 1655/23/5 1656/1606/5 1606/1559/5
f 1606/1559/5 1656/1606/5 1657/1607/5 1607/1560/5
f 1607/1560/5 1657/1607/5 1658/1608/5 1608/1561/5
f 1608/1561/5 1658/1608/5 1659/1609/5 1609/1562/5
f 1609/1562/5 1659/1609/5 1660/1610/5 1610/1563/5
f 1610/1563/5 1660/1610/5 1661/1611/5 1611/1564/5
f 1611/1564/5 1661/1611/5 1662/1612/5 1612/1565/5
f 1612/1565/5 1662/1612/5 1663/1613/5 1613/1566/5
f 1613/1566/5 1663/1613/5 1664/1614/5 1614/1567/5
f 1614/1567/5 1664/1614/5 1665/1615/5 1615/1568/5
f 1615/1568/5 1665/1615/5 1666/1616/5 1616/1569/5
f 1616/1569/5 1666/1616/5 1667/1617/5 1617/1570/5
f 1617/1570/5 1667/1617/5 1668/1220/5 1618/1571/5
f 1619/1573/5 1669/1200/5 1670/1618/5 1620/1574/5
f 1620/1574/5 1670/1618/5 1671/1619/5 1621/1575/5
f 1621/1575/5 1671/1619/5 1672/1620/5 1622/1576/5
f 1631/1585/5 1681/1625/5 1682/870/5 1632/1586/5
f 1636/1590/5 1686/1629/5 1687/1630/5 1637/1591/5
f 1637/1591/5 1687/1630/5 1688/1631/5 1638/1592/5
f 1638/1592/5 1688/1631/5 1689/1632/5 1639/1593/5
f 1639/1593/5 1689/1632/5 1690/1633/5 1640/1594/5
f 1640/1594/5 1690/1633/5 1691/1634/5 1641/1595/5
f 1641/1595/5 1691/1634/5 1692/1635/5 1642/1596/5
f 1642/1596/5 1692/1635/5 1693/1636/5 1643/1597/5
f 1643/1597/5 1693/1636/5 1694/1637/5 1644/1598/5
f 1644/1598/5 1694/1637/5 1695/453/5 1645/1599/5
f 1645/1599/5 1695/453/5 1696/444/5 1646/1600/5
f 1646/1600/5 1696/444/5 1697/1638/5 1647/1601/5
f 1647/1601/5 1697/1638/5 1698/1639/5 1648/1602/5
f 1648/1602/5 1698/1639/5 1699/1640/5 1649/1603/5
f 1649/1603/5 1699/1640/5 1700/1641/5 1650/1604/5
f 1650/1604/5 1700/1641/5 1701/292/5 1651/1477/5
f 1652/1475/5 1702/272/5 1703/1642/5 1653/1605/5
f 1653/1605/5 1703/1642/5 1704/1643/5 1654/28/5
f 1655/23/5 1705/1644/5 1706/1645/5 1656/1606/5
f 1656/1606/5 1706/1645/5 1707/189/5 1657/1607/5
f 1657/1607/5 1707/189/5 1708/1646/5 1658/1608/5
f 1658/1608/5 1708/1646/5 1709/1647/5 1659/1609/5
f 1659/1609/5 1709/1647/5 1710/1648/5 1660/1610/5
f 1660/1610/5 1710/1648/5 1711/1649/5 1661/1611/5
f 1661/1611/5 1711/1649/5 1712/1650/5 1662/1612/5
f 1662/1612/5 1712/1650/5 1713/1651/5 1663/1613/5
f 1663/1613/5 1713/1651/5 1714/1652/5 1664/1614/5
f 1664/1614/5 1714/1652/5 1715/1653/5 1665/1615/5
f 1665/1615/5 1715/1653/5 1716/1654/5 1666/1616/5
f 1666/1616/5 1716/1654/5 1717/1655/5 1667/1617/5
f 1667/1617/5 1717/1655/5 1718/1221/5 1668/1220/5
f 1669/1200/5 1719/1199/5 1720/1656/5 1670/1618/5
f 1670/1618/5 1720/1656/5 1721/1657/5 1671/1619/5
f 1671/1619/5 1721/1657/5 1722/1658/5 1672/1620/5
f 1672/1620/5 1722/1658/5 1723/1659/5 1673/1660/5
f 1673/1660/5 1723/1659/5 1724/1661/5 1674/1662/5
f 1674/1662/5 1724/1661/5 1725/1663/5 1675/1664/5
f 1675/1664/5 1725/1663/5 1726/1665/5 1676/1666/5
f 1676/1666/5 1726/1665/5 1727/1667/5 1677/1668/5
f 1677/1668/5 1727/1667/5 1728/1669/5 1678/1670/5
f 1678/1670/5 1728/1669/5 1729/1671/5 1679/1672/5
f 1679/1672/5 1729/1671/5 1730/1673/5 1680/1674/5
f 1680/1674/5 1730/1673/5 1731/1675/5 1681/1625/5
f 1681/1625/5 1731/1675/5 1732/871/5 1682/870/5
f 1683/869/5 1733/868/5 1734/1676/5 1684/1677/5
f 1684/1677/5 1734/1676/5 1735/1678/5 1685/1679/5
f 1685/1679/5 1735/1678/5 1736/1680/5 1686/1629/5
f 1686/1629/5 1736/1680/5 1737/1681/5 1687/1630/5
f 1687/1630/5 1737/1681/5 1738/1682/5 1688/1631/5
f 1688/1631/5 1738/1682/5 1739/1683/5 1689/1632/5
f 1689/1632/5 1739/1683/5 1740/1684/5 1690/1633/5
f 1690/1633/5 1740/1684/5 1741/1685/5 1691/1634/5
f 1691/1634/5 1741/1685/5 1742/1686/5 1692/1635/5
f 1692/1635/5 1742/1686/5 1743/1687/5 1693/1636/5
f 1693/1636/5 1743/1687/5 1744/1688/5 1694/1637/5
f 1694/1637/5 1744/1688/5 1745/454/5 1695/453/5
f 1696/444/5 1746/443/5 1747/1689/5 1697/1638/5
f 1697/1638/5 1747/1689/5 1748/1690/5 1698/1639/5
f 1698/1639/5 1748/1690/5 1749/1691/5 1699/1640/5
f 1699/1640/5 1749/1691/5 1750/1692/5 1700/1641/5
f 1700/1641/5 1750/1692/5 1751/293/5 1701/292/5
f 1702/272/5 1752/271/5 1753/1695/5 1703/1642/5
f 1703/1642/5 1753/1695/5 1754/1115/5 1704/1643/5
f 1705/1644/5 1755/1017/5 1756/1696/5 1706/1645/5
f 1706/1645/5 1756/1696/5 1757/190/5 1707/189/5
f 1708/1646/5 1758/1697/5 1759/1698/5 1709/1647/5
f 1709/1647/5 1759/1698/5 1760/1699/5 1710/1648/5
f 1710/1648/5 1760/1699/5 1761/1700/5 1711/1649/5
f 1711/1649/5 1761/1700/5 1762/1701/5 1712/1650/5
f 1712/1650/5 1762/1701/5 1763/1702/5 1713/1651/5
f 1713/1651/5 1763/1702/5 1764/1703/5 1714/1652/5
f 1714/1652/5 1764/1703/5 1765/1704/5 1715/1653/5
f 1715/1653/5 1765/1704/5 1766/1705/5 1716/1654/5
f 1716/1654/5 1766/1705/5 1767/1706/5 1717/1655/5
f 1717/1655/5 1767/1706/5 1768/1707/5 1718/1221/5
f 1719/1199/5 1769/1708/5 1770/1709/5 1720/1656/5
f 1720/1656/5 1770/1709/5 1771/1710/5 1721/1657/5
f 1721/1657/5 1771/1710/5 1772/1711/5 1722/1658/5
f 1722/1658/5 1772/1711/5 1773/1712/5 1723/1659/5
f 1723/1659/5 1773/1712/5 1774/1713/5 1724/1661/5
f 1724/1661/5 1774/1713/5 1775/1714/5 1725/1663/5
f 1725/1663/5 1775/1714/5 1776/1715/5 1726/1665/5
f 1726/1665/5 1776/1715/5 1777/1716/5 1727/1667/5
f 1727/1667/5 1777/1716/5 1778/1717/5 1728/1669/5
f 1728/1669/5 1778/1717/5 1779/1718/5 1729/1671/5
f 1729/1671/5 1779/1718/5 1780/1719/5 1730/1673/5
f 1730/1673/5 1780/1719/5 1781/1720/5 1731/1675/5
f 1731/1675/5 1781/1720/5 1782/1721/5 1732/871/5
f 1733/868/5 1783/1722/5 1784/1723/5 1734/1676/5
f 1734/1676/5 1784/1723/5 1785/1724/5 1735/1678/5
f 1735/1678/5 1785/1724/5 1786/1725/5 1736/1680/5
f 1736/1680/5 1786/1725/5 1787/1726/5 1737/1681/5
f 1737/1681/5 1787/1726/5 1788/1727/5 1738/1682/5
f 1738/1682/5 1788/1727/5 1789/1728/5 1739/1683/5
f 1739/1683/5 1789/1728/5 1790/1729/5 1740/1684/5
f 1740/1684/5 1790/1729/5 1791/1730/5 1741/1685/5
f 1741/1685/5 1791/1730/5 1792/1731/5 1742/1686/5
f 1742/1686/5 1792/1731/5 1793/1732/5 1743/1687/5
f 1743/1687/5 1793/1732/5 1794/1733/5 1744/1688/5
f 1744/1688/5 1794/1733/5 1795/1734/5 1745/454/5
f 1746/443/5 1796/1735/5 1797/1736/5 1747/1689/5
f 1747/1689/5 1797/1736/5 1798/1737/5 1748/1690/5
f 1748/1690/5 1798/1737/5 1799/1738/5 1749/1691/5
f 1749/1691/5 1799/1738/5 1800/1739/5 1750/1692/5
f 1750/1692/5 1800/1739/5 1801/1740/5 1751/293/5
f 1752/271/5 1802/1741/5 1803/1742/5 1753/1695/5
f 1753/1695/5 1803/1742/5 1804/37/5 1754/1115/5
f 1755/1017/5 1805/35/5 1806/1743/5 1756/1696/5
f 1756/1696/5 1806/1743/5 1807/1744/5 1757/190/5
f 1758/1697/5 1808/1747/5 1809/1748/5 1759/1698/5
f 1759/1698/5 1809/1748/5 1810/1749/5 1760/1699/5
f 1760/1699/5 1810/1749/5 1811/1750/5 1761/1700/5
f 1761/1700/5 1811/1750/5 1812/1751/5 1762/1701/5
f 1762/1701/5 1812/1751/5 1813/1752/5 1763/1702/5
f 1763/1702/5 1813/1752/5 1814/1753/5 1764/1703/5
f 1764/1703/5 1814/1753/5 1815/1754/5 1765/1704/5
f 1765/1704/5 1815/1754/5 1816/1755/5 1766/1705/5
f 1766/1705/5 1816/1755/5 1817/1756/5 1767/1706/5
f 1767/1706/5 1817/1756/5 1818/1757/5 1768/1707/5
f 1769/1708/5 1819/1758/5 1820/1759/5 1770/1709/5
f 1770/1709/5 1820/1759/5 1821/1760/5 1771/1710/5
f 1771/1710/5 1821/1760/5 1822/1761/5 1772/1711/5
f 1772/1711/5 1822/1761/5 1823/1762/5 1773/1712/5
f 1773/1712/5 1823/1762/5 1824/1763/5 1774/1713/5
f 1774/1713/5 1824/1763/5 1825/1764/5 1775/1714/5
f 1775/1714/5 1825/1764/5 1826/1765/5 1776/1715/5
f 1776/1715/5 1826/1765/5 1827/1766/5 1777/1716/5
f 1777/1716/5 1827/1766/5 1828/1767/5 1778/1717/5
f 1778/1717/5 1828/1767/5 1829/1768/5 1779/1718/5
f 1779/1718/5 1829/1768/5 1830/1769/5 1780/1719/5
f 1780/1719/5 1830/1769/5 1831/1770/5 1781/1720/5
f 1781/1720/5 1831/1770/5 1832/1771/5 1782/1721/5
f 1783/1722/5 1833/1773/5 1834/1774/5 1784/1723/5
f 1784/1723/5 1834/1774/5 1835/1775/5 1785/1724/5
f 1785/1724/5 1835/1775/5 1836/1776/5 1786/1725/5
f 1786/1725/5 1836/1776/5 1837/1777/5 1787/1726/5
f 1787/1726/5 1837/1777/5 1838/1778/5 1788/1727/5
f 1788/1727/5 1838/1778/5 1839/1779/5 1789/1728/5
f 1789/1728/5 1839/1779/5 1840/1780/5 1790/1729/5
f 1790/1729/5 1840/1780/5 1841/1781/5 1791/1730/5
f 1791/1730/5 1841/1781/5 1842/1782/5 1792/1731/5
f 1792/1731/5 1842/1782/5 1843/1783/5 1793/1732/5
f 1793/1732/5 1843/1783/5 1844/1784/5 1794/1733/5
f 1794/1733/5 1844/1784/5 1845/1785/5 1795/1734/5
f 1796/1735/5 1846/1772/5 1847/1787/5 1797/1736/5
f 1797/1736/5 1847/1787/5 1848/1788/5 1798/1737/5
f 1798/1737/5 1848/1788/5 1849/1789/5 1799/1738/5
f 1799/1738/5 1849/1789/5 1850/1790/5 1800/1739/5
f 1800/1739/5 1850/1790/5 1851/1628/5 1801/1740/5
f 1802/1741/5 1852/1624/5 1853/1792/5 1803/1742/5
f 1803/1742/5 1853/1792/5 1854/38/5 1804/37/5
f 1805/35/5 1855/34/5 1856/1794/5 1806/1743/5
f 1806/1743/5 1856/1794/5 1857/1502/5 1807/1744/5
f 1808/1747/5 1858/1476/5 1859/1797/5 1809/1748/5
f 1809/1748/5 1859/1797/5 1860/1798/5 1810/1749/5
f 1810/1749/5 1860/1798/5 1861/1799/5 1811/1750/5
f 1811/1750/5 1861/1799/5 1862/1800/5 1812/1751/5
f 1812/1751/5 1862/1800/5 1863/1801/5 1813/1752/5
f 1813/1752/5 1863/1801/5 1864/1802/5 1814/1753/5
f 1814/1753/5 1864/1802/5 1865/1803/5 1815/1754/5
f 1815/1754/5 1865/1803/5 1866/1804/5 1816/1755/5
f 1816/1755/5 1866/1804/5 1867/1805/5 1817/1756/5
f 1817/1756/5 1867/1805/5 1868/1304/5 1818/1757/5
f 1819/1758/5 1869/1273/5 1870/1806/5 1820/1759/5
f 1820/1759/5 1870/1806/5 1871/1807/5 1821/1760/5
f 1821/1760/5 1871/1807/5 1872/1808/5 1822/1761/5
f 1822/1761/5 1872/1808/5 1873/1809/5 1823/1762/5
f 1823/1762/5 1873/1809/5 1874/1810/5 1824/1763/5
f 1824/1763/5 1874/1810/5 1875/1811/5 1825/1764/5
f 1825/1764/5 1875/1811/5 1876/1812/5 1826/1765/5
f 1826/1765/5 1876/1812/5 1877/1813/5 1827/1766/5
f 1827/1766/5 1877/1813/5 1878/1814/5 1828/1767/5
f 1828/1767/5 1878/1814/5 1879/1815/5 1829/1768/5
f 1829/1768/5 1879/1815/5 1880/1816/5 1830/1769/5
f 1830/1769/5 1880/1816/5 1881/1817/5 1831/1770/5
f 1831/1770/5 1881/1817/5 1882/1818/5 1832/1771/5
f 1833/1773/5 1883/1819/5 1884/1820/5 1834/1774/5
f 1834/1774/5 1884/1820/5 1885/1821/5 1835/1775/5
f 1835/1775/5 1885/1821/5 1886/1822/5 1836/1776/5
f 1836/1776/5 1886/1822/5 1887/1823/5 1837/1777/5
f 1837/1777/5 1887/1823/5 1888/1824/5 1838/1778/5
f 1838/1778/5 1888/1824/5 1889/1825/5 1839/1779/5
f 1839/1779/5 1889/1825/5 1890/1826/5 1840/1780/5
f 1840/1780/5 1890/1826/5 1891/1827/5 1841/1781/5
f 1841/1781/5 1891/1827/5 1892/1828/5 1842/1782/5
f 1842/1782/5 1892/1828/5 1893/1829/5 1843/1783/5
f 1843/1783/5 1893/1829/5 1894/1830/5 1844/1784/5
f 1844/1784/5 1894/1830/5 1895/690/5 1845/1785/5
f 1846/1772/5 1896/649/5 1897/1831/5 1847/1787/5
f 1847/1787/5 1897/1831/5 1898/1832/5 1848/1788/5
f 1848/1788/5 1898/1832/5 1899/1833/5 1849/1789/5
f 1849/1789/5 1899/1833/5 1900/1834/5 1850/1790/5
f 1850/1790/5 1900/1834/5 1901/511/5 1851/1628/5
f 1852/1624/5 1902/446/5 1903/1836/5 1853/1792/5
f 1853/1792/5 1903/1836/5 1904/1837/5 1854/38/5
f 1855/34/5 1905/1839/5 1906/1840/5 1856/1794/5
f 1856/1794/5 1906/1840/5 1907/296/5 1857/1502/5
f 1858/1476/5 1908/279/5 1909/1841/5 1859/1797/5
f 1859/1797/5 1909/1841/5 1910/1842/5 1860/1798/5
f 1860/1798/5 1910/1842/5 1911/1843/5 1861/1799/5
f 1861/1799/5 1911/1843/5 1912/1844/5 1862/1800/5
f 1862/1800/5 1912/1844/5 1913/1845/5 1863/1801/5
f 1863/1801/5 1913/1845/5 1914/1846/5 1864/1802/5
f 1864/1802/5 1914/1846/5 1915/1847/5 1865/1803/5
f 1865/1803/5 1915/1847/5 1916/1848/5 1866/1804/5
f 1866/1804/5 1916/1848/5 1917/1849/5 1867/1805/5
f 1867/1805/5 1917/1849/5 1918/1305/5 1868/1304/5
f 1869/1273/5 1919/1272/5 1920/1852/5 1870/1806/5
f 1870/1806/5 1920/1852/5 1921/1853/5 1871/1807/5
f 1871/1807/5 1921/1853/5 1922/1854/5 1872/1808/5
f 1872/1808/5 1922/1854/5 1923/1855/5 1873/1809/5
f 1873/1809/5 1923/1855/5 1924/1856/5 1874/1810/5
f 1874/1810/5 1924/1856/5 1925/1857/5 1875/1811/5
f 1875/1811/5 1925/1857/5 1926/1858/5 1876/1812/5
f 1876/1812/5 1926/1858/5 1927/1859/5 1877/1813/5
f 1877/1813/5 1927/1859/5 1928/1860/5 1878/1814/5
f 1878/1814/5 1928/1860/5 1929/1861/5 1879/1815/5
f 1879/1815/5 1929/1861/5 1930/1862/5 1880/1816/5
f 1880/1816/5 1930/1862/5 1931/1863/5 1881/1817/5
f 1881/1817/5 1931/1863/5 1932/1864/5 1882/1818/5
f 1882/1818/5 1932/1864/5 1933/1865/5 1883/1819/5
f 1883/1819/5 1933/1865/5 1934/1866/5 1884/1820/5
f 1884/1820/5 1934/1866/5 1935/1867/5 1885/1821/5
f 1885/1821/5 1935/1867/5 1936/1868/5 1886/1822/5
f 1886/1822/5 1936/1868/5 1937/1869/5 1887/1823/5
f 1887/1823/5 1937/1869/5 1938/1870/5 1888/1824/5
f 1888/1824/5 1938/1870/5 1939/1871/5 1889/1825/5
f 1889/1825/5 1939/1871/5 1940/1872/5 1890/1826/5
f 1890/1826/5 1940/1872/5 1941/1873/5 1891/1827/5
f 1891/1827/5 1941/1873/5 1942/1874/5 1892/1828/5
f 1892/1828/5 1942/1874/5 1943/1875/5 1893/1829/5
f 1893/1829/5 1943/1875/5 1944/1876/5 1894/1830/5
f 1894/1830/5 1944/1876/5 1945/691/5 1895/690/5
f 1896/649/5 1946/648/5 1947/1877/5 1897/1831/5
f 1897/1831/5 1947/1877/5 1948/1878/5 1898/1832/5
f 1898/1832/5 1948/1878/5 1949/1879/5 1899/1833/5
f 1899/1833/5 1949/1879/5 1950/1880/5 1900/1834/5
f 1900/1834/5 1950/1880/5 1951/512/5 1901/511/5
f 1902/446/5 1952/445/5 1953/1881/5 1903/1836/5
f 1903/1836/5 1953/1881/5 1954/1505/5 1904/1837/5
f 1905/1839/5 1955/1417/5 1956/1882/5 1906/1840/5
f 1906/1840/5 1956/1882/5 1957/297/5 1907/296/5
f 1908/279/5 1958/278/5 1959/1883/5 1909/1841/5
f 1909/1841/5 1959/1883/5 1960/1884/5 1910/1842/5
f 1910/1842/5 1960/1884/5 1961/1885/5 1911/1843/5
f 1911/1843/5 1961/1885/5 1962/1886/5 1912/1844/5
f 1912/1844/5 1962/1886/5 1963/1887/5 1913/1845/5
f 1913/1845/5 1963/1887/5 1964/1888/5 1914/1846/5
f 1914/1846/5 1964/1888/5 1965/1889/5 1915/1847/5
f 1915/1847/5 1965/1889/5 1966/1890/5 1916/1848/5
f 1916/1848/5 1966/1890/5 1967/1891/5 1917/1849/5
f 1917/1849/5 1967/1891/5 1968/1892/5 1918/1305/5
f 1919/1272/5 1969/1893/5 1970/1894/5 1920/1852/5
f 1920/1852/5 1970/1894/5 1971/1895/5 1921/1853/5
f 1921/1853/5 1971/1895/5 1972/1896/5 1922/1854/5
f 1922/1854/5 1972/1896/5 1973/1897/5 1923/1855/5
f 1923/1855/5 1973/1897/5 1974/1898/5 1924/1856/5
f 1924/1856/5 1974/1898/5 1975/1899/5 1925/1857/5
f 1925/1857/5 1975/1899/5 1976/1900/5 1926/1858/5
f 1926/1858/5 1976/1900/5 1977/1901/5 1927/1859/5
f 1927/1859/5 1977/1901/5 1978/1902/5 1928/1860/5
f 1928/1860/5 1978/1902/5 1979/1903/5 1929/1861/5
f 1929/1861/5 1979/1903/5 1980/1904/5 1930/1862/5
f 1930/1862/5 1980/1904/5 1981/1905/5 1931/1863/5
f 1931/1863/5 1981/1905/5 1982/1906/5 1932/1864/5
f 1932/1864/5 1982/1906/5 1983/1907/5 1933/1865/5
f 1933/1865/5 1983/1907/5 1984/1908/5 1934/1866/5
f 1934/1866/5 1984/1908/5 1985/1909/5 1935/1867/5
f 1935/1867/5 1985/1909/5 1986/1910/5 1936/1868/5
f 1936/1868/5 1986/1910/5 1987/1911/5 1937/1869/5
f 1937/1869/5 1987/1911/5 1988/1912/5 1938/1870/5
f 1938/1870/5 1988/1912/5 1989/1913/5 1939/1871/5
f 1939/1871/5 1989/1913/5 1990/1914/5 1940/1872/5
f 1940/1872/5 1990/1914/5 1991/1915/5 1941/1873/5
f 1941/1873/5 1991/1915/5 1992/1916/5 1942/1874/5
f 1942/1874/5 1992/1916/5 1993/661/5 1943/1875/5
f 1943/1875/5 1993/661/5 1994/630/5 1944/1876/5
f 1944/1876/5 1994/630/5 1995/621/5 1945/691/5
f 1945/691/5 1995/621/5 1996/581/5 1946/648/5
f 1946/648/5 1996/581/5 1997/541/5 1947/1877/5
f 1947/1877/5 1997/541/5 1998/540/5 1948/1878/5
f 1948/1878/5 1998/540/5 1999/1917/5 1949/1879/5
f 1949/1879/5 1999/1917/5 2000/1918/5 1950/1880/5
f 1950/1880/5 2000/1918/5 2001/1919/5 1951/512/5
f 1952/445/5 2002/1920/5 2003/1921/5 1953/1881/5
f 1953/1881/5 2003/1921/5 2004/46/5 1954/1505/5
f 1955/1417/5 2005/45/5 2006/1922/5 1956/1882/5
f 1956/1882/5 2006/1922/5 2007/1923/5 1957/297/5
f 1957/297/5 2007/1923/5 2008/1924/5 1958/278/5
f 1958/278/5 2008/1924/5 2009/1925/5 1959/1883/5
f 1959/1883/5 2009/1925/5 2010/1926/5 1960/1884/5
f 1960/1884/5 2010/1926/5 2011/1927/5 1961/1885/5
f 1961/1885/5 2011/1927/5 2012/1928/5 1962/1886/5
f 1962/1886/5 2012/1928/5 2013/1929/5 1963/1887/5
f 1963/1887/5 2013/1929/5 2014/1930/5 1964/1888/5
f 1964/1888/5 2014/1930/5 2015/1931/5 1965/1889/5
f 1965/1889/5 2015/1931/5 2016/1932/5 1966/1890/5
f 1966/1890/5 2016/1932/5 2017/1933/5 1967/1891/5
f 1967/1891/5 2017/1933/5 2018/1934/5 1968/1892/5
f 1969/1893/5 2019/1935/5 2020/1936/5 1970/1894/5
f 1970/1894/5 2020/1936/5 2021/1937/5 1971/1895/5
f 1971/1895/5 2021/1937/5 2022/1938/5 1972/1896/5
f 1972/1896/5 2022/1938/5 2023/1939/5 1973/1897/5
f 1973/1897/5 2023/1939/5 2024/1940/5 1974/1898/5
f 1974/1898/5 2024/1940/5 2025/1941/5 1975/1899/5
f 1975/1899/5 2025/1941/5 2026/1942/5 1976/1900/5
f 1976/1900/5 2026/1942/5 2027/1943/5 1977/1901/5
f 1977/1901/5 2027/1943/5 2028/1944/5 1978/1902/5
f 1978/1902/5 2028/1944/5 2029/1945/5 1979/1903/5
f 1979/1903/5 2029/1945/5 2030/1946/5 1980/1904/5
f 1980/1904/5 2030/1946/5 2031/1947/5 1981/1905/5
f 1981/1905/5 2031/1947/5 2032/1948/5 1982/1906/5
f 1982/1906/5 2032/1948/5 2033/1949/5 1983/1907/5
f 1983/1907/5 2033/1949/5 2034/1950/5 1984/1908/5
f 1984/1908/5 2034/1950/5 2035/1951/5 1985/1909/5
f 1985/1909/5 2035/1951/5 2036/1952/5 1986/1910/5
f 1986/1910/5 2036/1952/5 2037/1953/5 1987/1911/5
f 1987/1911/5 2037/1953/5 2038/1954/5 1988/1912/5
f 1988/1912/5 2038/1954/5 2039/1955/5 1989/1913/5
f 1989/1913/5 2039/1955/5 2040/1956/5 1990/1914/5
f 1990/1914/5 2040/1956/5 2041/1957/5 1991/1915/5
f 1991/1915/5 2041/1957/5 2042/1958/5 1992/1916/5
f 1992/1916/5 2042/1958/5 2043/1959/5 1993/661/5
f 1998/540/5 2048/1961/5 2049/1962/5 1999/1917/5
f 1999/1917/5 2049/1962/5 2050/1963/5 2000/1918/5
f 2000/1918/5 2050/1963/5 2051/1835/5 2001/1919/5
f 2002/1920/5 2052/1786/5 2053/1964/5 2003/1921/5
f 2003/1921/5 2053/1964/5 2054/47/5 2004/46/5
f 2005/45/5 2055/44/5 2056/1966/5 2006/1922/5
f 2006/1922/5 2056/1966/5 2057/1967/5 2007/1923/5
f 2007/1923/5 2057/1967/5 2058/1968/5 2008/1924/5
f 2008/1924/5 2058/1968/5 2059/1969/5 2009/1925/5
f 2009/1925/5 2059/1969/5 2060/1970/5 2010/1926/5
f 2010/1926/5 2060/1970/5 2061/1971/5 2011/1927/5
f 2011/1927/5 2061/1971/5 2062/1972/5 2012/1928/5
f 2012/1928/5 2062/1972/5 2063/1973/5 2013/1929/5
f 2013/1929/5 2063/1973/5 2064/1974/5 2014/1930/5
f 2014/1930/5 2064/1974/5 2065/1975/5 2015/1931/5
f 2015/1931/5 2065/1975/5 2066/1976/5 2016/1932/5
f 2016/1932/5 2066/1976/5 2067/1977/5 2017/1933/5
f 2017/1933/5 2067/1977/5 2068/1978/5 2018/1934/5
f 2018/1934/5 2068/1978/5 2069/1979/5 2019/1935/5
f 2019/1935/5 2069/1979/5 2070/1980/5 2020/1936/5
f 2020/1936/5 2070/1980/5 2071/1981/5 2021/1937/5
f 2021/1937/5 2071/1981/5 2072/1982/5 2022/1938/5
f 2022/1938/5 2072/1982/5 2073/1983/5 2023/1939/5
f 2023/1939/5 2073/1983/5 2074/1984/5 2024/1940/5
f 2024/1940/5 2074/1984/5 2075/1985/5 2025/1941/5
f 2025/1941/5 2075/1985/5 2076/1986/5 2026/1942/5
f 2026/1942/5 2076/1986/5 2077/1987/5 2027/1943/5
f 2027/1943/5 2077/1987/5 2078/1988/5 2028/1944/5
f 2028/1944/5 2078/1988/5 2079/1989/5 2029/1945/5
f 2029/1945/5 2079/1989/5 2080/1990/5 2030/1946/5
f 2035/1951/5 2085/1139/5 2086/1992/5 2036/1952/5
f 2036/1952/5 2086/1992/5 2087/1993/5 2037/1953/5
f 2037/1953/5 2087/1993/5 2088/1994/5 2038/1954/5
f 2038/1954/5 2088/1994/5 2089/1995/5 2039/1955/5
f 2039/1955/5 2089/1995/5 2090/1996/5 2040/1956/5
f 2040/1956/5 2090/1996/5 2091/1997/5 2041/1957/5
f 2041/1957/5 2091/1997/5 2092/1998/5 2042/1958/5
f 2042/1958/5 2092/1998/5 2093/1999/5 2043/1959/5
f 2043/1959/5 2093/1999/5 2094/2000/5 2044/2001/5
f 2044/2001/5 2094/2000/5 2095/2002/5 2045/2003/5
f 2045/2003/5 2095/2002/5 2096/2004/5 2046/2005/5
f 2046/2005/5 2096/2004/5 2097/864/5 2047/1991/5
f 2048/1961/5 2098/827/5 2099/2006/5 2049/1962/5
f 2049/1962/5 2099/2006/5 2100/2007/5 2050/1963/5
f 2050/1963/5 2100/2007/5 2101/704/5 2051/1835/5
f 2052/1786/5 2102/665/5 2103/2010/5 2053/1964/5
f 2053/1964/5 2103/2010/5 2104/2011/5 2054/47/5
f 2055/44/5 2105/2013/5 2106/2014/5 2056/1966/5
f 2056/1966/5 2106/2014/5 2107/525/5 2057/1967/5
f 2057/1967/5 2107/525/5 2108/448/5 2058/1968/5
f 2058/1968/5 2108/448/5 2109/2015/5 2059/1969/5
f 2059/1969/5 2109/2015/5 2110/2016/5 2060/1970/5
f 2060/1970/5 2110/2016/5 2111/2017/5 2061/1971/5
f 2061/1971/5 2111/2017/5 2112/2018/5 2062/1972/5
f 2062/1972/5 2112/2018/5 2113/2019/5 2063/1973/5
f 2063/1973/5 2113/2019/5 2114/2020/5 2064/1974/5
f 2064/1974/5 2114/2020/5 2115/2021/5 2065/1975/5
f 2065/1975/5 2115/2021/5 2116/2022/5 2066/1976/5
f 2066/1976/5 2116/2022/5 2117/2023/5 2067/1977/5
f 2067/1977/5 2117/2023/5 2118/2024/5 2068/1978/5
f 2068/1978/5 2118/2024/5 2119/2025/5 2069/1979/5
f 2069/1979/5 2119/2025/5 2120/2026/5 2070/1980/5
f 2070/1980/5 2120/2026/5 2121/2027/5 2071/1981/5
f 2071/1981/5 2121/2027/5 2122/2028/5 2072/1982/5
f 2072/1982/5 2122/2028/5 2123/2029/5 2073/1983/5
f 2073/1983/5 2123/2029/5 2124/2030/5 2074/1984/5
f 2074/1984/5 2124/2030/5 2125/2031/5 2075/1985/5
f 2075/1985/5 2125/2031/5 2126/2032/5 2076/1986/5
f 2076/1986/5 2126/2032/5 2127/2033/5 2077/1987/5
f 2077/1987/5 2127/2033/5 2128/2034/5 2078/1988/5
f 2078/1988/5 2128/2034/5 2129/2035/5 2079/1989/5
f 2079/1989/5 2129/2035/5 2130/2036/5 2080/1990/5
f 2080/1990/5 2130/2036/5 2131/2037/5 2081/2038/5
f 2081/2038/5 2131/2037/5 2132/2039/5 2082/2040/5
f 2082/2040/5 2132/2039/5 2133/2041/5 2083/2042/5
f 2083/2042/5 2133/2041/5 2134/1176/5 2084/1175/5
f 2085/1139/5 2135/1138/5 2136/2043/5 2086/1992/5
f 2086/1992/5 2136/2043/5 2137/2044/5 2087/1993/5
f 2087/1993/5 2137/2044/5 2138/2045/5 2088/1994/5
f 2088/1994/5 2138/2045/5 2139/2046/5 2089/1995/5
f 2089/1995/5 2139/2046/5 2140/2047/5 2090/1996/5
f 2090/1996/5 2140/2047/5 2141/2048/5 2091/1997/5
f 2091/1997/5 2141/2048/5 2142/2049/5 2092/1998/5
f 2092/1998/5 2142/2049/5 2143/2050/5 2093/1999/5
f 2093/1999/5 2143/2050/5 2144/2051/5 2094/2000/5
f 2094/2000/5 2144/2051/5 2145/2052/5 2095/2002/5
f 2095/2002/5 2145/2052/5 2146/2053/5 2096/2004/5
f 2096/2004/5 2146/2053/5 2147/865/5 2097/864/5
f 2098/827/5 2148/826/5 2149/2054/5 2099/2006/5
f 2099/2006/5 2149/2054/5 2150/2055/5 2100/2007/5
f 2100/2007/5 2150/2055/5 2151/705/5 2101/704/5
f 2102/665/5 2152/664/5 2153/2056/5 2103/2010/5
f 2103/2010/5 2153/2056/5 2154/2012/5 2104/2011/5
f 2105/2013/5 2155/1838/5 2156/2057/5 2106/2014/5
f 2106/2014/5 2156/2057/5 2157/526/5 2107/525/5
f 2108/448/5 2158/447/5 2159/2058/5 2109/2015/5
f 2109/2015/5 2159/2058/5 2160/2059/5 2110/2016/5
f 2110/2016/5 2160/2059/5 2161/2060/5 2111/2017/5
f 2111/2017/5 2161/2060/5 2162/2061/5 2112/2018/5
f 2112/2018/5 2162/2061/5 2163/2062/5 2113/2019/5
f 2113/2019/5 2163/2062/5 2164/2063/5 2114/2020/5
f 2114/2020/5 2164/2063/5 2165/2064/5 2115/2021/5
f 2115/2021/5 2165/2064/5 2166/2065/5 2116/2022/5
f 2116/2022/5 2166/2065/5 2167/2066/5 2117/2023/5
f 2117/2023/5 2167/2066/5 2168/2067/5 2118/2024/5
f 2118/2024/5 2168/2067/5 2169/2068/5 2119/2025/5
f 2119/2025/5 2169/2068/5 2170/2069/5 2120/2026/5
f 2120/2026/5 2170/2069/5 2171/2070/5 2121/2027/5
f 2121/2027/5 2171/2070/5 2172/2071/5 2122/2028/5
f 2122/2028/5 2172/2071/5 2173/2072/5 2123/2029/5
f 2123/2029/5 2173/2072/5 2174/2073/5 2124/2030/5
f 2124/2030/5 2174/2073/5 2175/2074/5 2125/2031/5
f 2125/2031/5 2175/2074/5 2176/2075/5 2126/2032/5
f 2126/2032/5 2176/2075/5 2177/2076/5 2127/2033/5
f 2127/2033/5 2177/2076/5 2178/2077/5 2128/2034/5
f 2128/2034/5 2178/2077/5 2179/2078/5 2129/2035/5
f 2129/2035/5 2179/2078/5 2180/2079/5 2130/2036/5
f 2130/2036/5 2180/2079/5 2181/2080/5 2131/2037/5
f 2131/2037/5 2181/2080/5 2182/2081/5 2132/2039/5
f 2132/2039/5 2182/2081/5 2183/2082/5 2133/2041/5
f 2133/2041/5 2183/2082/5 2184/2083/5 2134/1176/5
f 2135/1138/5 2185/2084/5 2186/2085/5 2136/2043/5
f 2136/2043/5 2186/2085/5 2187/2086/5 2137/2044/5
f 2137/2044/5 2187/2086/5 2188/2087/5 2138/2045/5
f 2138/2045/5 2188/2087/5 2189/2088/5 2139/2046/5
f 2139/2046/5 2189/2088/5 2190/2089/5 2140/2047/5
f 2140/2047/5 2190/2089/5 2191/2090/5 2141/2048/5
f 2141/2048/5 2191/2090/5 2192/2091/5 2142/2049/5
f 2142/2049/5 2192/2091/5 2193/2092/5 2143/2050/5
f 2143/2050/5 2193/2092/5 2194/2093/5 2144/2051/5
f 2144/2051/5 2194/2093/5 2195/2094/5 2145/2052/5
f 2145/2052/5 2195/2094/5 2196/2095/5 2146/2053/5
f 2146/2053/5 2196/2095/5 2197/2096/5 2147/865/5
f 2148/826/5 2198/2097/5 2199/2098/5 2149/2054/5
f 2149/2054/5 2199/2098/5 2200/2099/5 2150/2055/5
f 2150/2055/5 2200/2099/5 2201/451/5 2151/705/5
f 2152/664/5 2202/452/5 2203/2102/5 2153/2056/5
f 2153/2056/5 2203/2102/5 2204/56/5 2154/2012/5
f 2155/1838/5 2205/51/5 2206/2103/5 2156/2057/5
f 2156/2057/5 2206/2103/5 2207/2104/5 2157/526/5
f 2158/447/5 2208/2105/5 2209/2106/5 2159/2058/5
f 2159/2058/5 2209/2106/5 2210/2107/5 2160/2059/5
f 2160/2059/5 2210/2107/5 2211/2108/5 2161/2060/5
f 2161/2060/5 2211/2108/5 2212/2109/5 2162/2061/5
f 2162/2061/5 2212/2109/5 2213/2110/5 2163/2062/5
f 2163/2062/5 2213/2110/5 2214/2111/5 2164/2063/5
f 2164/2063/5 2214/2111/5 2215/2112/5 2165/2064/5
f 2165/2064/5 2215/2112/5 2216/2113/5 2166/2065/5
f 2166/2065/5 2216/2113/5 2217/2114/5 2167/2066/5
f 2167/2066/5 2217/2114/5 2218/2115/5 2168/2067/5
f 2168/2067/5 2218/2115/5 2219/2116/5 2169/2068/5
f 2169/2068/5 2219/2116/5 2220/2117/5 2170/2069/5
f 2170/2069/5 2220/2117/5 2221/2118/5 2171/2070/5
f 2171/2070/5 2221/2118/5 2222/2119/5 2172/2071/5
f 2172/2071/5 2222/2119/5 2223/2120/5 2173/2072/5
f 2173/2072/5 2223/2120/5 2224/2121/5 2174/2073/5
f 2174/2073/5 2224/2121/5 2225/2122/5 2175/2074/5
f 2175/2074/5 2225/2122/5 2226/2123/5 2176/2075/5
f 2176/2075/5 2226/2123/5 2227/2124/5 2177/2076/5
f 2177/2076/5 2227/2124/5 2228/2125/5 2178/2077/5
f 2178/2077/5 2228/2125/5 2229/2126/5 2179/2078/5
f 2179/2078/5 2229/2126/5 2230/2127/5 2180/2079/5
f 2180/2079/5 2230/2127/5 2231/2128/5 2181/2080/5
f 2181/2080/5 2231/2128/5 2232/2129/5 2182/2081/5
f 2182/2081/5 2232/2129/5 2233/2130/5 2183/2082/5
f 2183/2082/5 2233/2130/5 2234/2131/5 2184/2083/5
f 2185/2084/5 2235/2132/5 2236/2133/5 2186/2085/5
f 2186/2085/5 2236/2133/5 2237/2134/5 2187/2086/5
f 2187/2086/5 2237/2134/5 2238/2135/5 2188/2087/5
f 2188/2087/5 2238/2135/5 2239/2136/5 2189/2088/5
f 2189/2088/5 2239/2136/5 2240/2137/5 2190/2089/5
f 2190/2089/5 2240/2137/5 2241/2138/5 2191/2090/5
f 2191/2090/5 2241/2138/5 2242/2139/5 2192/2091/5
f 2192/2091/5 2242/2139/5 2243/2140/5 2193/2092/5
f 2193/2092/5 2243/2140/5 2244/2141/5 2194/2093/5
f 2194/2093/5 2244/2141/5 2245/2142/5 2195/2094/5
f 2195/2094/5 2245/2142/5 2246/2143/5 2196/2095/5
f 2196/2095/5 2246/2143/5 2247/2144/5 2197/2096/5
f 2198/2097/5 2248/2146/5 2249/2147/5 2199/2098/5
f 2199/2098/5 2249/2147/5 2250/2148/5 2200/2099/5
f 2200/2099/5 2250/2148/5 2251/2149/5 2201/451/5
f 2201/451/5 2251/2149/5 2252/2150/5 2202/452/5
f 2202/452/5 2252/2150/5 2253/2151/5 2203/2102/5
f 2203/2102/5 2253/2151/5 2254/57/5 2204/56/5
f 2205/51/5 2255/50/5 2256/2152/5 2206/2103/5
f 2206/2103/5 2256/2152/5 2257/1850/5 2207/2104/5
f 2208/2105/5 2258/1791/5 2259/2153/5 2209/2106/5
f 2209/2106/5 2259/2153/5 2260/2154/5 2210/2107/5
f 2210/2107/5 2260/2154/5 2261/2155/5 2211/2108/5
f 2211/2108/5 2261/2155/5 2262/2156/5 2212/2109/5
f 2212/2109/5 2262/2156/5 2263/2157/5 2213/2110/5
f 2213/2110/5 2263/2157/5 2264/2158/5 2214/2111/5
f 2214/2111/5 2264/2158/5 2265/2159/5 2215/2112/5
f 2215/2112/5 2265/2159/5 2266/2160/5 2216/2113/5
f 2216/2113/5 2266/2160/5 2267/2161/5 2217/2114/5
f 2217/2114/5 2267/2161/5 2268/2162/5 2218/2115/5
f 2218/2115/5 2268/2162/5 2269/2163/5 2219/2116/5
f 2219/2116/5 2269/2163/5 2270/2164/5 2220/2117/5
f 2220/2117/5 2270/2164/5 2271/2165/5 2221/2118/5
f 2221/2118/5 2271/2165/5 2272/2166/5 2222/2119/5
f 2222/2119/5 2272/2166/5 2273/2167/5 2223/2120/5
f 2223/2120/5 2273/2167/5 2274/2168/5 2224/2121/5
f 2224/2121/5 2274/2168/5 2275/2169/5 2225/2122/5
f 2225/2122/5 2275/2169/5 2276/1381/5 2226/2123/5
f 2226/2123/5 2276/1381/5 2277/1376/5 2227/2124/5
f 2227/2124/5 2277/1376/5 2278/2170/5 2228/2125/5
f 2228/2125/5 2278/2170/5 2279/2171/5 2229/2126/5
f 2229/2126/5 2279/2171/5 2280/2172/5 2230/2127/5
f 2230/2127/5 2280/2172/5 2281/2173/5 2231/2128/5
f 2231/2128/5 2281/2173/5 2282/2174/5 2232/2129/5
f 2232/2129/5 2282/2174/5 2283/2175/5 2233/2130/5
f 2233/2130/5 2283/2175/5 2284/2176/5 2234/2131/5
f 2235/2132/5 2285/2177/5 2286/2178/5 2236/2133/5
f 2236/2133/5 2286/2178/5 2287/2179/5 2237/2134/5
f 2237/2134/5 2287/2179/5 2288/2180/5 2238/2135/5
f 2238/2135/5 2288/2180/5 2289/2181/5 2239/2136/5
f 2239/2136/5 2289/2181/5 2290/2182/5 2240/2137/5
f 2240/2137/5 2290/2182/5 2291/2183/5 2241/2138/5
f 2241/2138/5 2291/2183/5 2292/2184/5 2242/2139/5
f 2242/2139/5 2292/2184/5 2293/2185/5 2243/2140/5
f 2243/2140/5 2293/2185/5 2294/2186/5 2244/2141/5
f 2244/2141/5 2294/2186/5 2295/2187/5 2245/2142/5
f 2245/2142/5 2295/2187/5 2296/2188/5 2246/2143/5
f 2246/2143/5 2296/2188/5 2297/2189/5 2247/2144/5
f 2247/2144/5 2297/2189/5 2298/2190/5 2248/2146/5
f 2248/2146/5 2298/2190/5 2299/2191/5 2249/2147/5
f 2249/2147/5 2299/2191/5 2300/2192/5 2250/2148/5
f 2250/2148/5 2300/2192/5 2301/2193/5 2251/2149/5
f 2251/2149/5 2301/2193/5 2302/2194/5 2252/2150/5
f 2252/2150/5 2302/2194/5 2303/2195/5 2253/2151/5
f 2253/2151/5 2303/2195/5 2304/2196/5 2254/57/5
f 2255/50/5 2305/776/5 2306/2197/5 2256/2152/5
f 2256/2152/5 2306/2197/5 2307/1851/5 2257/1850/5
f 2258/1791/5 2308/679/5 2309/2198/5 2259/2153/5
f 2259/2153/5 2309/2198/5 2310/2199/5 2260/2154/5
f 2260/2154/5 2310/2199/5 2311/2200/5 2261/2155/5
f 2261/2155/5 2311/2200/5 2312/2201/5 2262/2156/5
f 2262/2156/5 2312/2201/5 2313/2202/5 2263/2157/5
f 2263/2157/5 2313/2202/5 2314/2203/5 2264/2158/5
f 2264/2158/5 2314/2203/5 2315/2204/5 2265/2159/5
f 2265/2159/5 2315/2204/5 2316/2205/5 2266/2160/5
f 2266/2160/5 2316/2205/5 2317/2206/5 2267/2161/5
f 2267/2161/5 2317/2206/5 2318/2207/5 2268/2162/5
f 2268/2162/5 2318/2207/5 2319/2208/5 2269/2163/5
f 2269/2163/5 2319/2208/5 2320/2209/5 2270/2164/5
f 2270/2164/5 2320/2209/5 2321/2210/5 2271/2165/5
f 2271/2165/5 2321/2210/5 2322/2211/5 2272/2166/5
f 2272/2166/5 2322/2211/5 2323/2212/5 2273/2167/5
f 2273/2167/5 2323/2212/5 2324/2213/5 2274/2168/5
f 2274/2168/5 2324/2213/5 2325/2214/5 2275/2169/5
f 2275/2169/5 2325/2214/5 2326/1382/5 2276/1381/5
f 2277/1376/5 2327/1375/5 2328/2216/5 2278/2170/5
f 2278/2170/5 2328/2216/5 2329/2217/5 2279/2171/5
f 2279/2171/5 2329/2217/5 2330/2218/5 2280/2172/5
f 2280/2172/5 2330/2218/5 2331/2219/5 2281/2173/5
f 2281/2173/5 2331/2219/5 2332/2220/5 2282/2174/5
f 2282/2174/5 2332/2220/5 2333/2221/5 2283/2175/5
f 2283/2175/5 2333/2221/5 2334/2222/5 2284/2176/5
f 2284/2176/5 2334/2222/5 2335/2223/5 2285/2177/5
f 2285/2177/5 2335/2223/5 2336/2224/5 2286/2178/5
f 2286/2178/5 2336/2224/5 2337/2225/5 2287/2179/5
f 2287/2179/5 2337/2225/5 2338/2226/5 2288/2180/5
f 2288/2180/5 2338/2226/5 2339/2227/5 2289/2181/5
f 2289/2181/5 2339/2227/5 2340/2228/5 2290/2182/5
f 2290/2182/5 2340/2228/5 2341/2229/5 2291/2183/5
f 2291/2183/5 2341/2229/5 2342/2230/5 2292/2184/5
f 2292/2184/5 2342/2230/5 2343/2231/5 2293/2185/5
f 2293/2185/5 2343/2231/5 2344/2232/5 2294/2186/5
f 2294/2186/5 2344/2232/5 2345/2233/5 2295/2187/5
f 2295/2187/5 2345/2233/5 2346/2234/5 2296/2188/5
f 2296/2188/5 2346/2234/5 2347/2235/5 2297/2189/5
f 2297/2189/5 2347/2235/5 2348/2236/5 2298/2190/5
f 2298/2190/5 2348/2236/5 2349/2237/5 2299/2191/5
f 2299/2191/5 2349/2237/5 2350/2238/5 2300/2192/5
f 2300/2192/5 2350/2238/5 2351/2239/5 2301/2193/5
f 2301/2193/5 2351/2239/5 2352/1694/5 2302/2194/5
f 2302/2194/5 2352/1694/5 2353/1693/5 2303/2195/5
f 2303/2195/5 2353/1693/5 2354/2240/5 2304/2196/5
f 2308/679/5 2358/678/5 2359/2241/5 2309/2198/5
f 2309/2198/5 2359/2241/5 2360/2242/5 2310/2199/5
f 2310/2199/5 2360/2242/5 2361/2243/5 2311/2200/5
f 2311/2200/5 2361/2243/5 2362/2244/5 2312/2201/5
f 2312/2201/5 2362/2244/5 2363/1418/5 2313/2202/5
f 2313/2202/5 2363/1418/5 2364/1387/5 2314/2203/5
f 2314/2203/5 2364/1387/5 2365/1383/5 2315/2204/5
f 2315/2204/5 2365/1383/5 2366/1377/5 2316/2205/5
f 2316/2205/5 2366/1377/5 2367/1366/5 2317/2206/5
f 2317/2206/5 2367/1366/5 2368/1353/5 2318/2207/5
f 2318/2207/5 2368/1353/5 2369/1308/5 2319/2208/5
f 2319/2208/5 2369/1308/5 2370/1274/5 2320/2209/5
f 2320/2209/5 2370/1274/5 2371/1269/5 2321/2210/5
f 2321/2210/5 2371/1269/5 2372/1268/5 2322/2211/5
f 2322/2211/5 2372/1268/5 2373/2245/5 2323/2212/5
f 2323/2212/5 2373/2245/5 2374/2246/5 2324/2213/5
f 2324/2213/5 2374/2246/5 2375/2247/5 2325/2214/5
f 2325/2214/5 2375/2247/5 2376/2248/5 2326/1382/5
f 2327/1375/5 2377/2250/5 2378/2251/5 2328/2216/5
f 2328/2216/5 2378/2251/5 2379/2252/5 2329/2217/5
f 2329/2217/5 2379/2252/5 2380/2253/5 2330/2218/5
f 2330/2218/5 2380/2253/5 2381/2254/5 2331/2219/5
f 2331/2219/5 2381/2254/5 2382/2255/5 2332/2220/5
f 2332/2220/5 2382/2255/5 2383/2256/5 2333/2221/5
f 2333/2221/5 2383/2256/5 2384/2257/5 2334/2222/5
f 2334/2222/5 2384/2257/5 2385/2258/5 2335/2223/5
f 2335/2223/5 2385/2258/5 2386/2259/5 2336/2224/5
f 2336/2224/5 2386/2259/5 2387/2260/5 2337/2225/5
f 2337/2225/5 2387/2260/5 2388/2261/5 2338/2226/5
f 2338/2226/5 2388/2261/5 2389/2262/5 2339/2227/5
f 2339/2227/5 2389/2262/5 2390/2263/5 2340/2228/5
f 2340/2228/5 2390/2263/5 2391/2264/5 2341/2229/5
f 2341/2229/5 2391/2264/5 2392/2265/5 2342/2230/5
f 2342/2230/5 2392/2265/5 2393/2266/5 2343/2231/5
f 2343/2231/5 2393/2266/5 2394/801/5 2344/2232/5
f 2344/2232/5 2394/801/5 2395/800/5 2345/2233/5
f 2345/2233/5 2395/800/5 2396/2267/5 2346/2234/5
f 2346/2234/5 2396/2267/5 2397/2268/5 2347/2235/5
f 2347/2235/5 2397/2268/5 2398/2269/5 2348/2236/5
f 2348/2236/5 2398/2269/5 2399/2270/5 2349/2237/5
f 2349/2237/5 2399/2270/5 2400/2271/5 2350/2238/5
f 2350/2238/5 2400/2271/5 2401/2272/5 2351/2239/5
f 2351/2239/5 2401/2272/5 2402/1626/5 2352/1694/5
f 2353/1693/5 2403/1622/5 2404/1965/5 2354/2240/5
f 2355/777/5 2405/1793/5 2406/2273/5 2356/1621/5
f 2356/1621/5 2406/2273/5 2407/2274/5 2357/1572/5
f 2357/1572/5 2407/2274/5 2408/2275/5 2358/678/5
f 2358/678/5 2408/2275/5 2409/2276/5 2359/2241/5
f 2359/2241/5 2409/2276/5 2410/2277/5 2360/2242/5
f 2360/2242/5 2410/2277/5 2411/2278/5 2361/2243/5
f 2361/2243/5 2411/2278/5 2412/2279/5 2362/2244/5
f 2362/2244/5 2412/2279/5 2413/236/5 2363/1418/5
f 2372/1268/5 2422/2282/5 2423/2283/5 2373/2245/5
f 2373/2245/5 2423/2283/5 2424/2284/5 2374/2246/5
f 2374/2246/5 2424/2284/5 2425/2285/5 2375/2247/5
f 2375/2247/5 2425/2285/5 2426/1196/5 2376/2248/5
f 2377/2250/5 2427/1194/5 2428/2286/5 2378/2251/5
f 2378/2251/5 2428/2286/5 2429/2287/5 2379/2252/5
f 2379/2252/5 2429/2287/5 2430/2288/5 2380/2253/5
f 2380/2253/5 2430/2288/5 2431/2289/5 2381/2254/5
f 2381/2254/5 2431/2289/5 2432/2290/5 2382/2255/5
f 2382/2255/5 2432/2290/5 2433/2291/5 2383/2256/5
f 2383/2256/5 2433/2291/5 2434/2292/5 2384/2257/5
f 2384/2257/5 2434/2292/5 2435/2293/5 2385/2258/5
f 2385/2258/5 2435/2293/5 2436/2294/5 2386/2259/5
f 2386/2259/5 2436/2294/5 2437/2295/5 2387/2260/5
f 2387/2260/5 2437/2295/5 2438/2296/5 2388/2261/5
f 2388/2261/5 2438/2296/5 2439/2297/5 2389/2262/5
f 2389/2262/5 2439/2297/5 2440/2298/5 2390/2263/5
f 2390/2263/5 2440/2298/5 2441/2299/5 2391/2264/5
f 2391/2264/5 2441/2299/5 2442/2300/5 2392/2265/5
f 2392/2265/5 2442/2300/5 2443/2301/5 2393/2266/5
f 2393/2266/5 2443/2301/5 2444/737/5 2394/801/5
f 2395/800/5 2445/719/5 2446/2303/5 2396/2267/5
f 2396/2267/5 2446/2303/5 2447/2304/5 2397/2268/5
f 2397/2268/5 2447/2304/5 2448/2305/5 2398/2269/5
f 2398/2269/5 2448/2305/5 2449/2306/5 2399/2270/5
f 2399/2270/5 2449/2306/5 2450/2307/5 2400/2271/5
f 2400/2271/5 2450/2307/5 2451/2308/5 2401/2272/5
f 2401/2272/5 2451/2308/5 2452/449/5 2402/1626/5
f 2403/1622/5 2453/442/5 2454/54/5 2404/1965/5
f 2405/1793/5 2455/49/5 2456/2310/5 2406/2273/5
f 2406/2273/5 2456/2310/5 2457/2311/5 2407/2274/5
f 2407/2274/5 2457/2311/5 2458/2312/5 2408/2275/5
f 2408/2275/5 2458/2312/5 2459/2313/5 2409/2276/5
f 2409/2276/5 2459/2313/5 2460/2314/5 2410/2277/5
f 2410/2277/5 2460/2314/5 2461/2315/5 2411/2278/5
f 2411/2278/5 2461/2315/5 2462/2316/5 2412/2279/5
f 2412/2279/5 2462/2316/5 2463/2317/5 2413/236/5
f 2413/236/5 2463/2317/5 2464/2318/5 2414/178/5
f 2414/178/5 2464/2318/5 2465/2319/5 2415/179/5
f 2415/179/5 2465/2319/5 2466/2320/5 2416/2321/5
f 2416/2321/5 2466/2320/5 2467/2322/5 2417/2323/5
f 2417/2323/5 2467/2322/5 2468/2324/5 2418/2325/5
f 2418/2325/5 2468/2324/5 2469/2326/5 2419/2327/5
f 2419/2327/5 2469/2326/5 2470/2328/5 2420/2329/5
f 2420/2329/5 2470/2328/5 2471/2330/5 2421/2331/5
f 2421/2331/5 2471/2330/5 2472/2332/5 2422/2282/5
f 2422/2282/5 2472/2332/5 2473/2333/5 2423/2283/5
f 2423/2283/5 2473/2333/5 2474/2334/5 2424/2284/5
f 2424/2284/5 2474/2334/5 2475/2335/5 2425/2285/5
f 2425/2285/5 2475/2335/5 2476/1197/5 2426/1196/5
f 2427/1194/5 2477/1193/5 2478/2336/5 2428/2286/5
f 2428/2286/5 2478/2336/5 2479/2337/5 2429/2287/5
f 2429/2287/5 2479/2337/5 2480/2338/5 2430/2288/5
f 2430/2288/5 2480/2338/5 2481/2339/5 2431/2289/5
f 2431/2289/5 2481/2339/5 2482/2340/5 2432/2290/5
f 2432/2290/5 2482/2340/5 2483/2341/5 2433/2291/5
f 2433/2291/5 2483/2341/5 2484/2342/5 2434/2292/5
f 2434/2292/5 2484/2342/5 2485/2343/5 2435/2293/5
f 2435/2293/5 2485/2343/5 2486/2344/5 2436/2294/5
f 2436/2294/5 2486/2344/5 2487/2345/5 2437/2295/5
f 2437/2295/5 2487/2345/5 2488/2346/5 2438/2296/5
f 2438/2296/5 2488/2346/5 2489/2347/5 2439/2297/5
f 2439/2297/5 2489/2347/5 2490/2348/5 2440/2298/5
f 2440/2298/5 2490/2348/5 2491/2349/5 2441/2299/5
f 2441/2299/5 2491/2349/5 2492/2350/5 2442/2300/5
f 2442/2300/5 2492/2350/5 2493/2351/5 2443/2301/5
f 2443/2301/5 2493/2351/5 2494/738/5 2444/737/5
f 2445/719/5 2495/718/5 2496/2352/5 2446/2303/5
f 2446/2303/5 2496/2352/5 2497/2353/5 2447/2304/5
f 2447/2304/5 2497/2353/5 2498/2354/5 2448/2305/5
f 2448/2305/5 2498/2354/5 2499/2355/5 2449/2306/5
f 2449/2306/5 2499/2355/5 2500/2356/5 2450/2307/5
f 2450/2307/5 2500/2356/5 2501/2357/5 2451/2308/5
f 2451/2308/5 2501/2357/5 2502/450/5 2452/449/5
f 2453/442/5 2503/441/5 2504/55/5 2454/54/5
f 2455/49/5 2505/48/5 2506/2359/5 2456/2310/5
f 2456/2310/5 2506/2359/5 2507/2360/5 2457/2311/5
f 2457/2311/5 2507/2360/5 2508/2361/5 2458/2312/5
f 2458/2312/5 2508/2361/5 2509/2362/5 2459/2313/5
f 2459/2313/5 2509/2362/5 2510/2363/5 2460/2314/5
f 2460/2314/5 2510/2363/5 2511/2364/5 2461/2315/5
f 2461/2315/5 2511/2364/5 2512/2365/5 2462/2316/5
f 2462/2316/5 2512/2365/5 2513/2366/5 2463/2317/5
f 2463/2317/5 2513/2366/5 2514/2367/5 2464/2318/5
f 2464/2318/5 2514/2367/5 2515/2368/5 2465/2319/5
f 2465/2319/5 2515/2368/5 2516/2369/5 2466/2320/5
f 2466/2320/5 2516/2369/5 2517/2370/5 2467/2322/5
f 2467/2322/5 2517/2370/5 2518/2371/5 2468/2324/5
f 2468/2324/5 2518/2371/5 2519/2372/5 2469/2326/5
f 2469/2326/5 2519/2372/5 2520/2373/5 2470/2328/5
f 2470/2328/5 2520/2373/5 2521/2374/5 2471/2330/5
f 2471/2330/5 2521/2374/5 2522/2375/5 2472/2332/5
f 2472/2332/5 2522/2375/5 2523/2376/5 2473/2333/5
f 2473/2333/5 2523/2376/5 2524/2377/5 2474/2334/5
f 2474/2334/5 2524/2377/5 2525/2378/5 2475/2335/5
f 2475/2335/5 2525/2378/5 2526/2379/5 2476/1197/5
f 2477/1193/5 2527/2380/5 2528/2381/5 2478/2336/5
f 2478/2336/5 2528/2381/5 2529/2382/5 2479/2337/5
f 2479/2337/5 2529/2382/5 2530/2383/5 2480/2338/5
f 2480/2338/5 2530/2383/5 2531/2384/5 2481/2339/5
f 2481/2339/5 2531/2384/5 2532/2358/5 2482/2340/5
f 2482/2340/5 2532/2358/5 2533/2302/5 2483/2341/5
f 2483/2341/5 2533/2302/5 2534/2281/5 2484/2342/5
f 2484/2342/5 2534/2281/5 2535/2280/5 2485/2343/5
f 2485/2343/5 2535/2280/5 2536/2249/5 2486/2344/5
f 2486/2344/5 2536/2249/5 2537/2215/5 2487/2345/5
f 2487/2345/5 2537/2215/5 2538/2145/5 2488/2346/5
f 2488/2346/5 2538/2145/5 2539/2101/5 2489/2347/5
f 2489/2347/5 2539/2101/5 2540/2100/5 2490/2348/5
f 2490/2348/5 2540/2100/5 2541/2385/5 2491/2349/5
f 2491/2349/5 2541/2385/5 2542/2386/5 2492/2350/5
f 2492/2350/5 2542/2386/5 2543/2387/5 2493/2351/5
f 2493/2351/5 2543/2387/5 2544/2388/5 2494/738/5
f 2495/718/5 2545/2389/5 2546/2390/5 2496/2352/5
f 2496/2352/5 2546/2390/5 2547/2391/5 2497/2353/5
f 2497/2353/5 2547/2391/5 2548/2392/5 2498/2354/5
f 2498/2354/5 2548/2392/5 2549/2393/5 2499/2355/5
f 2499/2355/5 2549/2393/5 2550/2394/5 2500/2356/5
f 2500/2356/5 2550/2394/5 2551/2395/5 2501/2357/5
f 2501/2357/5 2551/2395/5 2552/2396/5 2502/450/5
f 2503/441/5 2553/2397/5 2554/2398/5 2504/55/5
f 2505/48/5 2555/2399/5 2556/2400/5 2506/2359/5
f 2506/2359/5 2556/2400/5 2557/2401/5 2507/2360/5
f 2507/2360/5 2557/2401/5 2558/2402/5 2508/2361/5
f 2509/2362/5 2559/2403/5 2560/2404/5 2510/2363/5
f 2510/2363/5 2560/2404/5 2561/2405/5 2511/2364/5
f 2511/2364/5 2561/2405/5 2562/2406/5 2512/2365/5
f 2512/2365/5 2562/2406/5 2563/2407/5 2513/2366/5
f 2513/2366/5 2563/2407/5 2564/2408/5 2514/2367/5
f 2514/2367/5 2564/2408/5 2565/2409/5 2515/2368/5
f 2515/2368/5 2565/2409/5 2566/2410/5 2516/2369/5
f 2516/2369/5 2566/2410/5 2567/2411/5 2517/2370/5
f 2517/2370/5 2567/2411/5 2568/2412/5 2518/2371/5
f 2518/2371/5 2568/2412/5 2569/2413/5 2519/2372/5
f 2519/2372/5 2569/2413/5 2570/2414/5 2520/2373/5
f 2520/2373/5 2570/2414/5 2571/2415/5 2521/2374/5
f 2521/2374/5 2571/2415/5 2572/2416/5 2522/2375/5
f 2522/2375/5 2572/2416/5 2573/2417/5 2523/2376/5
f 2523/2376/5 2573/2417/5 2574/2418/5 2524/2377/5
f 2524/2377/5 2574/2418/5 2575/2419/5 2525/2378/5
f 2525/2378/5 2575/2419/5 2576/2420/5 2526/2379/5
f 2526/2379/5 2576/2420/5 2577/2421/5 2527/2380/5
f 2527/2380/5 2577/2421/5 2578/2422/5 2528/2381/5
f 2528/2381/5 2578/2422/5 2579/2423/5 2529/2382/5
f 2529/2382/5 2579/2423/5 2580/2424/5 2530/2383/5
f 2530/2383/5 2580/2424/5 2581/2425/5 2531/2384/5
f 2531/2384/5 2581/2425/5 2582/1169/5 2532/2358/5
f 2540/2100/5 2590/951/5 2591/2426/5 2541/2385/5
f 2541/2385/5 2591/2426/5 2592/2427/5 2542/2386/5
f 2542/2386/5 2592/2427/5 2593/2428/5 2543/2387/5
f 2543/2387/5 2593/2428/5 2594/2008/5 2544/2388/5
f 2545/2389/5 2595/863/5 2596/824/5 2546/2390/5
f 2546/2390/5 2596/824/5 2597/749/5 2547/2391/5
f 2547/2391/5 2597/749/5 2598/724/5 2548/2392/5
f 2548/2392/5 2598/724/5 2599/723/5 2549/2393/5
f 2549/2393/5 2599/723/5 2600/2429/5 2550/2394/5
f 2550/2394/5 2600/2429/5 2601/2430/5 2551/2395/5
f 2551/2395/5 2601/2430/5 2602/1795/5 2552/2396/5
f 2553/2397/5 2603/1746/5 2604/2431/5 2554/2398/5
f 2555/2399/5 2605/2309/5 2606/2432/5 2556/2400/5
f 2556/2400/5 2606/2432/5 2607/2433/5 2557/2401/5
f 2557/2401/5 2607/2433/5 2608/1627/5 2558/2402/5
f 2559/2403/5 2609/1623/5 2610/2434/5 2560/2404/5
f 2560/2404/5 2610/2434/5 2611/2435/5 2561/2405/5
f 2561/2405/5 2611/2435/5 2612/2436/5 2562/2406/5
f 2562/2406/5 2612/2436/5 2613/2437/5 2563/2407/5
f 2563/2407/5 2613/2437/5 2614/2438/5 2564/2408/5
f 2564/2408/5 2614/2438/5 2615/2439/5 2565/2409/5
f 2565/2409/5 2615/2439/5 2616/2440/5 2566/2410/5
f 2566/2410/5 2616/2440/5 2617/2441/5 2567/2411/5
f 2567/2411/5 2617/2441/5 2618/2442/5 2568/2412/5
f 2568/2412/5 2618/2442/5 2619/2443/5 2569/2413/5
f 2569/2413/5 2619/2443/5 2620/2444/5 2570/2414/5
f 2570/2414/5 2620/2444/5 2621/2445/5 2571/2415/5
f 2571/2415/5 2621/2445/5 2622/2446/5 2572/2416/5
f 2572/2416/5 2622/2446/5 2623/2447/5 2573/2417/5
f 2573/2417/5 2623/2447/5 2624/2448/5 2574/2418/5
f 2574/2418/5 2624/2448/5 2625/2449/5 2575/2419/5
f 2575/2419/5 2625/2449/5 2626/2450/5 2576/2420/5
f 2576/2420/5 2626/2450/5 2627/2451/5 2577/2421/5
f 2577/2421/5 2627/2451/5 2628/2452/5 2578/2422/5
f 2578/2422/5 2628/2452/5 2629/2453/5 2579/2423/5
f 2579/2423/5 2629/2453/5 2630/2454/5 2580/2424/5
f 2580/2424/5 2630/2454/5 2631/2455/5 2581/2425/5
f 2581/2425/5 2631/2455/5 2632/2456/5 2582/1169/5
f 2582/1169/5 2632/2456/5 2633/2457/5 2583/1122/5
f 2583/1122/5 2633/2457/5 2634/2458/5 2584/1098/5
f 2584/1098/5 2634/2458/5 2635/2459/5 2585/1042/5
f 2585/1042/5 2635/2459/5 2636/2460/5 2586/1040/5
f 2586/1040/5 2636/2460/5 2637/2461/5 2587/1023/5
f 2587/1023/5 2637/2461/5 2638/2462/5 2588/956/5
f 2588/956/5 2638/2462/5 2639/2463/5 2589/950/5
f 2589/950/5 2639/2463/5 2640/2464/5 2590/951/5
f 2590/951/5 2640/2464/5 2641/2465/5 2591/2426/5
f 2591/2426/5 2641/2465/5 2642/2466/5 2592/2427/5
f 2592/2427/5 2642/2466/5 2643/2467/5 2593/2428/5
f 2593/2428/5 2643/2467/5 2644/2009/5 2594/2008/5
f 2599/723/5 2649/1960/5 2650/2468/5 2600/2429/5
f 2600/2429/5 2650/2468/5 2651/2469/5 2601/2430/5
f 2601/2430/5 2651/2469/5 2652/1796/5 2602/1795/5
f 2603/1746/5 2653/1745/5 2654/64/5 2604/2431/5
f 2605/2309/5 2655/43/5 2656/42/5 2606/2432/5
f 2606/2432/5 2656/42/5 2657/41/5 2607/2433/5
f 2607/2433/5 2657/41/5 2658/40/5 2608/1627/5
f 2609/1623/5 2659/39/5 2660/36/5 2610/2434/5
f 2610/2434/5 2660/36/5 2661/33/5 2611/2435/5
f 2611/2435/5 2661/33/5 2662/32/5 2612/2436/5
f 2612/2436/5 2662/32/5 2663/31/5 2613/2437/5
f 2613/2437/5 2663/31/5 2664/30/5 2614/2438/5
f 2614/2438/5 2664/30/5 2665/29/5 2615/2439/5
f 2615/2439/5 2665/29/5 2666/26/5 2616/2440/5
f 2616/2440/5 2666/26/5 2667/22/5 2617/2441/5
f 2617/2441/5 2667/22/5 2668/20/5 2618/2442/5
f 2618/2442/5 2668/20/5 2669/18/5 2619/2443/5
f 2619/2443/5 2669/18/5 2670/16/5 2620/2444/5
f 2620/2444/5 2670/16/5 2671/14/5 2621/2445/5
f 2621/2445/5 2671/14/5 2672/13/5 2622/2446/5
f 2622/2446/5 2672/13/5 2673/9/5 2623/2447/5
f 2623/2447/5 2673/9/5 2674/5/5 2624/2448/5
f 2624/2448/5 2674/5/5 2675/4/5 2625/2449/5
f 2625/2449/5 2675/4/5 2676/2470/5 2626/2450/5
f 2626/2450/5 2676/2470/5 2677/2471/5 2627/2451/5
f 2627/2451/5 2677/2471/5 2678/2472/5 2628/2452/5
f 2628/2452/5 2678/2472/5 2679/2473/5 2629/2453/5
f 2629/2453/5 2679/2473/5 2680/2474/5 2630/2454/5
f 2630/2454/5 2680/2474/5 2681/2475/5 2631/2455/5
f 2631/2455/5 2681/2475/5 2682/2476/5 2632/2456/5
f 2632/2456/5 2682/2476/5 2683/2477/5 2633/2457/5
f 2633/2457/5 2683/2477/5 2684/2478/5 2634/2458/5
f 2634/2458/5 2684/2478/5 2685/2479/5 2635/2459/5
f 2635/2459/5 2685/2479/5 2686/2480/5 2636/2460/5
f 2636/2460/5 2686/2480/5 2687/2481/5 2637/2461/5
f 2637/2461/5 2687/2481/5 2688/2482/5 2638/2462/5
f 2638/2462/5 2688/2482/5 2689/2483/5 2639/2463/5
f 2639/2463/5 2689/2483/5 2690/2484/5 2640/2464/5
f 2640/2464/5 2690/2484/5 2691/2485/5 2641/2465/5
f 2641/2465/5 2691/2485/5 2692/2486/5 2642/2466/5
f 2642/2466/5 2692/2486/5 2693/2487/5 2643/2467/5
f 2643/2467/5 2693/2487/5 2694/2488/5 2644/2009/5
f 2644/2009/5 2694/2488/5 2695/2489/5 2645/2490/5
f 2645/2490/5 2695/2489/5 2696/2491/5 2646/2492/5
f 2646/2492/5 2696/2491/5 2697/2493/5 2647/2494/5
f 2647/2494/5 2697/2493/5 2698/2495/5 2648/2496/5
f 2648/2496/5 2698/2495/5 2699/2497/5 2649/1960/5
f 2649/1960/5 2699/2497/5 2700/2498/5 2650/2468/5
f 2650/2468/5 2700/2498/5 2701/2499/5 2651/2469/5
f 2651/2469/5 2701/2499/5 2702/2500/5 2652/1796/5
f 2652/1796/5 2702/2500/5 2703/2501/5 2653/1745/5
f 2653/1745/5 2703/2501/5 2704/65/5 2654/64/5
